RowIndex,object_number,secondary_identifier,whole_or_part,item_count,collection,legal_status,object_name,description,location,hazards,makers_and_associated_people,place_made,date_made,materials,measurements,interpretation,interpretation_source,interpretation_date
0,1914-154,,whole,1.0,Ordnance Survey,donated,TRAVERSE MARK BOLT AND COVER,A cylindrical hole 7/16ths in. diam. is drilled in the head of the bolt into which the 15-in. observing rod or the foot of the traverse pole can be fitted. The bolt is protected by an iron cap or hydrant cover according to the nature of the surface. An observing pin and small circular spirit level for setting it vertical are also shown.,,,,,,,,,,
1,1914-107,,whole,1.0,,donated,TRIANGULATION MARK,"This type of mark set either in rock or masonry is used for marking the first order triangulation stations in France. It consists of a small cylindrical bronze bolt with grooved sides and a cross engraved on its upper face, the intersection of the cross indicating the station point.",,,,,,,,,,
2,1914-108,,whole,1.0,,donated,NAME-PLATE FOR TRIANGULATION MARK,"Elliptical metal plate fixed in masonry at a first order triangulation station in France, and carries a number corresponding to the particular station point.",,,,,,,,,,
3,,Inv. 1920-81,whole,1.0,,donated,TRIANGULATION STATION MARK,This mark consists of a brass disc and shank cast in one piece. The shank is ribbed so as to grip securely the material—generally rock or concrete—in which the mark is set. One such mark is set at the surface and a similar one about 3 ft. directly underneath it at every triangulation station. The station point is defined by a small dot within a 20 mm. equilateral triangle engraved on the disc.,,,,,,,,,,
4,1920-82,,whole,1.0,,donated,MAGNETIC STATION MARK,"This mark is the older form of station mark used by the U.S. Coast and Geodetic Survey. Its shank is split so that a wedge can be inserted. When the mark is driven into the drill-hole, the wedge causes the shank to bulge and grip firmly the surrounding material. The station point is defined by a dot enclosed in two intersecting 20-mm. equilateral triangles engraved on the disc.",,,,,,,,,,
5,1920-78,Inv. 1920-78,whole,1.0,,donated,HYDROGRAPHIC STATION MARK,"This mark is the same as that used for triangulation station marks, except that the central hole or dot is here surrounded by a 2.5-cm. circle. The mark is set in a post or block of concrete, or wedged into a drill-hole in rock, after which a triangle or circle is chiselled round it. For underground station marks a similar disc is set 3 ft. below ground in a block of concrete, in rock or other suitable material.",,,,,,,,,,
6,1920-77,Inv. 1920-77,whole,1.0,,donated,REFERENCE MARK,"A metal disc and shank used to facilitate the recovery of station marks, especially where these are liable to damage or disturbance. The mark is placed so that the arrow engraved thereon points to the station mark, and the horizontal distance between the station mark and the groove cut across the shaft of the arrow is recorded. Reference marks are set in concrete posts or blocks, or in rock, at distances up to 20 yd. from the station marks.",,,,,,,,,,
7,1922-726,,whole,1.0,,donated,TRIANGULATION STATION MARK,"Stations of the Primary Triangulation of Canada are marked by means of circular metal bolts of the type exhibited, the bolts being embedded in concrete or leaded into rock. Both underground and surface marks are employed, and reference monuments provided to facilitate recovery of the station. The bolt consists of a 3-in. circular bronze disc, attached to a 3-in. cylindrical shank, which is corrugated and fox-wedged so that the shank expands tightly against the sides of the hole drilled to receive it when the bolt is driven in. The centre of the disc has a triangle engraved upon it, with a central hole punched to define the exact station point.",,,,,,,,,,
8,1922-724,,whole,1.0,,donated,REFERENCE MARK,A bronze bolt with an arrow engraved upon it to indicate the direction in which the station point lies. Used as a reference mark for primary triangulation stations where station marks are in danger of disturbance or difficult to find. Typically set in outstanding rocks or concrete monuments.,,,,,,,,,,
9,1922-725,,whole,1.0,,donated,REFERENCE MONUMENT PLATE,A rectangular plate with two projecting shanks for fixing it into a reference monument. Used by the Geodetic Survey of Canada to mark station points where no natural rock is available.,,,,,,,,,,
10,14,Inv. 1920-630,whole,1.0,,donated,GEODETIC TRIANGULATION STATION MARK,"This brass bolt forms the station mark at a geodetic station of the Survey of Egypt. It is provided with two saw-cuts intersecting at right angles, and is cemented into a concrete block in the ground. Accurately built into the concrete block is an iron cylinder filled with concrete, having gaps in the bottom so that the mark can be seen. A brass and cast iron tribrach (see Cat. No. 14) is accurately centred over the mark and cemented in the top of the pillar. Upon this tribrach the theodolite rests when sighting to the station, whilst to its centre is screwed a heliograph or lamp when sighting to the station.",,,,,,,,,,
11,1920-627,,whole,1.0,,donated,SELF-CENTRING GEODETIC STATION TRIBRACH,"This brass tribrach is built into a masonry pier and accurately centred over the concealed mark at geodetic stations in Egypt. It has three radial V-shaped grooves at angles of 120° with one another, and forms a self-centring stand for the three feet of a theodolite or signal lamp.",,,,,,,,,,
12,1914-152,,whole,1.0,,donated,BENCH MARK,"First Order. This bolt forms the upper reference point at a fundamental bench mark on the first order levelling lines of the Ordnance Survey. It is fixed in the top of a granite block forming a pillar 12 in. high, and is the mark for use in all ordinary circumstances, its level being recorded on the topographical maps.",,,,,,,,,,
13,1914-151,,whole,1.0,,donated,BENCH MARK,First Order. This bolt forms one of the two concealed reference points at a fundamental bench mark of the Ordnance Survey. It is set in rock concrete 3 ft. below ground in a concrete recess 3 ft. square by 1 ft. 9 in. deep.,,,,,,,,,,
14,1914-153,,whole,1.0,,donated,BENCH MARK NAME PLATE,This plate is affixed to the granite pillar of a fundamental bench mark of the Ordnance Survey.,,,,,,,,,,
15,1914-155,,whole,1.0,,donated,COVER OF REFERENCE BENCH MARKS,The cover is placed below ground in a fundamental bench mark chamber to protect the reference marks of the Ordnance Survey from interference or damage.,,,,,,,,,,
16,,Inv. 1914-149,whole,1.0,,donated,SECONDARY BENCH MARK,"Secondary marks are fixed on lines of first order levelling. These consist of a gun-metal plate set flush with the surface of a wall, and having an identification number cast on it. The reference point, to which the published altitude corresponds, is the top of the ""broad arrow."" In levelling, the foot of the levelling staff is brought to the same altitude as this point with the aid of a detachable bracket and a small spirit-level.",,,,,,,,,,
17,1914-150,Inv. 1914-150,whole,1.0,,donated,BENCH MARK BRACKET,"This adjustable bracket is used for supporting the levelling staff at a secondary bench mark on the lines of the first order levelling of the Ordnance Survey. The bracket is hooked on to the bench mark, and the surface, upon which the levelling staff is placed, is made level and in agreement with the reference point by means of the adjusting screw and the spirit level.",,,,,,,,,,
18,1914-423,,whole,1.0,,loaned,BENCH MARK BRACKET,"An old type of angle iron used to support the levelling staff at an Ordnance Survey broad arrow bench mark. It has a short arm which is fitted into the horizontal groove engraved above the broad arrow, and a longer inclined supporting arm which abuts against the wall in which the mark was notched. A series of circular depressions are sunk in the upper face to receive the stud on the base of the staff, the lower level of the depressions being a horizontal plane passing through the centre line of the engraved groove.",,,,,,,,,,
19,1914-424,,whole,1.0,,loaned,BENCH MARK BRACKET,"This modern type of bracket is used to support the levelling staff at a broad arrow bench mark of the Ordnance Survey. It is broader than the adjacent earlier type, and has an adjusting screw threaded through its inclined arm and a box level mounted on its horizontal arm; the end of the screw butts against the vertical wall in which the mark is engraved, and the inclination of the upper arm can be adjusted level by turning the screw. The flat base of the metal shoe forming the end of the staff rests on a stud projecting from the top of the bracket, the top of the stud being level with the centre line of the mark when the bracket is horizontal.",,,,,,,,,,
20,1920-76,,whole,1.0,,donated,BENCH MARK,This brass disc is fixed with its face flush with the building in which it is set or with its stem vertical in rock or cement. The short line in the centre is placed horizontal and serves as the reference point.,,,,,,,,,,
21,1914-109,,whole,1.0,,donated,BENCH MARK,"First Order. This mark is used at first-order stations of the Nivellement Général de la France. It consists of a metal bolt having a grooved shank and a rectangular plate head with a recess to receive a plate, on which the height of the station point is printed. The reference point is the top of a spherical boss on a horizontal platform which projects from the plate.",,,,,,,,,,
22,1914-110,,whole,1.0,,donated,"BENCH MARK, Second Order","A metal bolt with a grooved shank and cylindrical head; on the top of the curved surface of the head is a small spherical boss, the top of which is the reference point. The height of this point is printed on a plate embedded in the cylindrical head.",,,,,,,,,,
23,1920-628,,whole,1.0,,donated,BENCH MARK,First Order mark consisting of an iron bolt with a hexagonal head. It is cemented into a vertical wall or solid rock. The point of reference is the top of a bronze hemispherical stud on the top of the upper face of the head.,,,,,,,,,,
24,1920-629,,whole,1.0,,donated,BENCH MARK,"Second Order. This mark is similar to the adjacent first order bench mark, except that it has a cylindrical head, of which the highest point is the reference point.",,,,,,,,,,
25,1922-723,,whole,1.0,,donated,BENCH MARK,"Bronze tablets of this type are used by the Geodetic Survey of Canada to mark the station points of the Precise Levelling Network. The tablet is a circular disc provided with a corrugated, fox-wedged shank for fixing it into rock or concrete. The centre of the disc is engraved with a cross, and a number can be stamped on it with a die for reference to the record book, which contains the particulars of the corresponding station.",,,,,,,,,,
26,1921-306,,whole,2.0,,donated,PHOTOGRAPHS OF TRIANGULATION BEACONS,"These two photographs illustrate the construction of quadripod triangulation beacons at Ado Rock and Awba Hill stations during the survey of Southern Nigeria, 1910–12. The beacons are formed of tree-trunks and branches built up into a four-sided pyramid, the upper part of which is roofed with brushwood to form a prominent land-mark, and at the same time to protect the surveying instruments when taking bearings from the station. A pole carrying at its upper end a white flag is fixed to the top of the beacon to render it more conspicuous. The right hand photograph shows the framework of the beacon built up, but the roof not yet added. The left hand photograph shows a completed beacon, with a heliograph, theodolite and plane table standing beneath it. The ground in the vicinity has been carefully cleared of obstacles to view.",,,,,,,,,,
27,1914-305,S.M. 1935,whole,1.0,,loaned,SEXTANT-HELIOTROPE OR VIZEHELIOTROP,"The telescope is mounted on a circle capable of rotation about a horizontal axis, and can itself revolve about the centre of the circle. This circle has no divisions and is only for giving a slow motion to the telescope by means of a screw. Through a sleeve on the telescope passes a brass rod carrying a mirror perpendicular to it; the distances of the mirror and the sleeve from the axis of rotation of the telescope being equal. In order to send a ray of sunlight in a specified direction, the instrument is set up so that the mark is in the centre of the field when the axis of the telescope is normal to the plane of the mirror. If, then, the telescope is directed to the sun and follows it continuously, the mirror will reflect its light on to the mark.",,,,,,,,,,
28,1914-376,S.M. 1936,whole,1.0,,loaned,"DOUBLE-MIRROR HELIOTROPE, OR SPIEGELKREUZ-HELIOTROP","A heliotrope for use in triangulation. For use the telescope was directed on the triangulation mark, the small central mirror being turned parallel to the axis of the telescope. Then the double-mirror was turned until its axis was at right angles to a plane containing the sun, the instrument and the distant mark. This is facilitated by the disc beside the mirror, upon which its shadow is a fine line only, the mirror is in position. Lastly, the double mirror is rotated until the sun’s image as reflected by the central mirror is seen in the telescope, when the outer mirror reflects the sun’s light on to the distant mark.",,,,,,,,,,
29,1914-425,Inv. 1914-425,whole,1.0,,loaned,HELIOTROPE,"This instrument, sometimes also called a heliostat, was used for reflecting the sun’s rays to an observing station. Three sizes were in use by the Ordnance Survey in the principal triangulation; the largest were rectangular and measured 20 in. by 16 in., the other two were circular and were 12 in. and 5 in. diam. respectively. In each case the mirror, having been centred over the triangulation mark, was moved by hand so as to follow the sun and to reflect its light through a ring placed in the line between the heliostat, or the reflecting station, and the observing station. The ring was placed in position by means of a small theodolite.",,,,,,,,,,
30,1911-155,,whole,1.0,,donated,HELIOGRAPH,A brass surveying compass with,,,,,,,,,,
31,1914-238,,whole,1.0,,loaned,ACETYLENE SIGNAL LAMP,"This lamp is an acetylene projector designed by Mr. G. T. McCaw for use in trigonometrical surveys. It was first used in the measurement of an arc of meridian in Uganda, and later in the Royal Siamese Survey Department. For work by day a heliograph was attached to the front of the instrument, and projected its beam of sunlight through a hole cut in a board nailed to a post fixed from 10 to 20 ft. in front of the instrument. This was found less confusing to the native assistants in Rhodesia and Uganda than the mirrors of a self-contained heliograph such as is ordinarily employed in Army signalling.",,,,,,,,,,
32,1923-10,,whole,1.0,,donated,ELECTRIC SIGNAL LAMP,"This electric lamp is used at stations of the Primary Triangulation of Canada to mark the station point during night observations. It is visible at distances up to 130 miles. The lamp is of the type used for motor-car headlights, and has a parabolic reflector behind the bulb. It is mounted within a wooden frame which can be supported upon the box within which it is packed for travelling, and can be adjusted upon this box by means of an elevating screw. The top of the frame has metal V-s attached to support the telescope used in aligning the lamp upon the observing station. Two bulbs of different sizes are supplied with the lamp for use at smaller and larger distances respectively. They are illuminated by current supplied by a battery of dry cells. An electrically controlled time-switch can be connected in the circuit to light automatically the lamps at regular intervals.",,,,,,,,,,
33,1916-77,Inv. 1916-77,whole,1.0,,donated,PEDOMETER,"This instrument, for registering the number of paces made by the person carrying it, resembles a watch in size, appearance and general details of construction. The ""escapement"" is, however, not actuated by a pendulum or balance wheel, but by a rocking lever and spring pawl which engages in a ratchet wheel. The lever is depressed by the forward movement of the wearer's leg, which stretches a connecting cord attached to the split ring at the top of the instrument. This disengages the spring pawl momentarily and permits one tooth of the ratchet wheel to slip past its point. As the motion of the observer's leg slackens the tension in the cord, a counter spring forces the lever into its former position ready for the next forward movement. The ratchet wheel thus moves one tooth at every alternate stride of the wearer, and is connected with the pinion wheel train, dials and pointers which record the steps taken. There are four such dials and pointers, for the units, hundreds, thousands and ten thousands respectively, the units dial having 50 graduations and its pointer moving over one division every alternate pace of the observer.",,,,,,,,,,
34,15814,Inv. 1916-82,whole,1.0,,donated,PEDOMETER,"The cord which is attached to the observer's leg and actuates the rocking lever, is also exhibited; it passes over a small pulley wheel mounted in the head of the pedometer. The main dial in this instrument has its divisions numbered in two sets, and a pointer corresponding to each set. The outer set records the unit paces, and the inner set the tens. A second dial and pointer registers the thousands up to twelve. The units pointer moves over two divisions at a time, as it is only moved at every alternate step of the observer.",,,,,,,,,,
35,1911-182,Inv. 1911-182,whole,1.0,,donated,PEDOMETER,"This is a late 18th century pedometer, of a construction less sensitive than the adjacent one by the same makers. The rocking lever is here attached to a pin fitting across the top of the case, and the long hook is mounted upon the same pin, so as to embrace it tightly. As the hook is swung by the motion of the person carrying the instrument, the pin rotates and causes the lever to rock. A two-pronged spring pawl is fixed to the lever at its upper end and engages the teeth of a ratchet wheel at its lower end. As the lever rocks, the pawl causes the ratchet to slip a tooth, and thus turns a pinion wheel mounted on the same axis. The pinion gears in the train of wheels which record the paces taken. As only alternate paces are recorded, the dials and pointers are arranged accordingly. Miles and decimal parts of a mile are registered on three dials, the instrument recording up to 12 miles at intervals of one thousandth of a mile. The long hook serves to suspend the pedometer from the fob so that it rests against the thigh, and thus gets the desired swing as the wearer walks.",,,,,,,,,,
36,1912-200,Inv. 1912-200,whole,1.0,,donated,PEDOMETER,"A pedometer with a more delicate escapement, actuated by the sudden stoppage in the motion of the wearer’s body at each step. The long hook is used to suspend the instrument from the fob of the person carrying it. The escapement is effected by the withdrawal of a spring pawl, attached to one end of a rocking lever, from the teeth of a small ratchet wheel. The teeth are very fine, so that the pawl slips over four teeth at each oscillation. The lever is normally kept in the ""down"" position by a fairly strong spring, but the pull of this spring is considerably reduced by slightly raising the long hook projecting from the top. The lower end of this hook is fixed to a chain wound round a drum mounted on the same spindle as the rocking lever. The hook is raised when the instrument is fitted in its case by inserting a pin in a hole in the lower end of the hook, the ends of the pin resting in brackets on the top of the case. In this position, the rocking lever is just balanced, and is very sensitive to small jerks. The instrument has three dials and pointers registering miles, tenths, and thousandths of a mile. The pointer of the thousandths dial is connected to the ratchet wheel and so geared that it moves 176 times in one revolution, i.e. in one tenth of a mile. The pedometer is mounted separately from its case for exhibiting the movement mechanism.",,,,,,,,,,
37,1916-83,,whole,1.0,,donated,COMBINED PEDOMETER AND WATCH,"This instrument was made about 1800 and consists of a pedometer and a watch mounted in the same case and having a common face, with separate dials and pointers. The pedometer movement is effected by the tension of a string, which is attached at one end to the wearer’s leg, and at the other to a delicately poised rocking lever controlling by its oscillations the engagement of a spring pawl in a ratchet wheel. The large pedometer dial is graduated to record every hundred double paces; there is a smaller one to register every ten double paces, and a third to record each double pace.",,,,,,,,,,
38,6078,Inv. 1916-81,whole,1.0,,donated,PEDOMETER MOVEMENT,"The movement here exhibited is of the type invented by W. Payne in 1831 and still used in modern pedometers. The escapement of the recording ratchet wheel is effected by the oscillations of a horizontal anchor-shaped pendulum, whose moment about its pivot is just more than balanced by the pressure of a control spring. The sudden jerk caused by the stoppage of the downward motion of the wearer’s body at each step is sufficient to make the pendulum oscillate. A spring pawl, fixed at one end to the pendulum arm, engages at its other end the teeth of the ratchet wheel. A counter spring pawl, pivoted in the bed of the instrument, opposes the thrust of the former with a force sufficient to damp the rotary movement of the ratchet. (This opposing spring is missing in the instru- ment shown.) The teeth of the ratchet are very fine, so that as the pendulum moves from the upper stop to the lower, the pawl passes over several teeth, the number depending upon the adjustment of the lower stop, which is threaded in a fixed block. By this adjustment, the indication of the recording pinion can be varied to correspond roughly to the length of the observer's stride. The ratchet wheel is geared to a train of pinion wheels which record the distance travelled in miles and furlongs. There is only one dial and pointer, the former graduated in miles up to twelve, with eight sub-divisions to each mile. The numbering of the main graduations is like that used in watches.",,,,,,,,,,
39,1875-25,Inv. 1875-25,whole,1.0,,,PEDOMETER,"This instrument has the movement invented by W. Payne in 1831 and shown in the preceding exhibit. The movement of the horizontal pendulum is restricted by stops, the lower one being adjustable to allow approximately for the variation in the length of stride. The instrument is carried in the waistcoat pocket and kept in a vertical position by means of the spring clip attached to its ring. It has a single dial, graduated in miles and quarters up to 12 miles. Fractions of quarter-miles can be estimated by the position of the pointer between the graduations.",,,,,,,,,,
40,918,Inv. 1914-895,whole,1.0,S.M.,lent,WAYWISER,"The Odometer, Waywiser or Perambulator has been employed since the days of the Romans for measuring distances by counting and recording the revolutions of a wheel of known circumference. It has a brass wheel of 1.5 ft. circumference geared to a registering mechanism furnished with dials and pointers which record the number of links, poles, chains, furlongs, and miles traversed. The bearings for the wheel axle are fixed to metal brackets screwed to the case containing the registering mechanism, which itself is fixed at the lower extremity of a long wooden handle. At one end of the axle is a small pinion wheel the teeth of which engage in those of a perpendicular pinion mounted on the lower end of a brass rod, which is pivoted at its lower end in the axle bearing block and kept parallel to the supporting bracket by guides. The upper end of this rod is geared to the case containing the registering mechanism. This has two pointers and dials, the outer one divided to read links and having divisions both every ten links and every pole, whilst the inner dial is graduated in miles and half furlongs up to four miles.",,,,,,,,,,
41,1906-40,S.M. 939.,whole,1.0,,,PERAMBULATOR,"An improved form of the adjacent Waywiser, made by Adams. The wheel is much larger, its circumference being half a pole, and it is carefully mounted in its bearings so as to reduce friction and shake. The mechanism differs slightly from that in the Waywiser. The motion of the rotating axle of the wheel is transmitted to a perpendicular shaft running along the top to the case containing the recording mechanism by a pair of bevel wheels, and from the shaft to the recording mechanism by a worm and worm-wheel. One of the bearing forks is hinged at the top to the case containing the recording mechanism. The outer dial has a diam. of 7 in. and is graduated in yards and poles, its pointer making one revolution every furlong. An inner dial, of 5 in. diam. is graduated in furlongs and miles up to 10 miles and is read by a second index.",,,,,,,,,,
42,1914-111,Inv. 1914-111,whole,1.0,,loaned,SLEDGE METER,"A measuring wheel constructed specially for use on frozen snow surface and ice. The instrument has a trailing wheel of diam. 18 in. made of steel, with an aluminium band on its rim to prevent snow from clinging to the surface and with steel pegs fitted into the rim so as to enable the wheel to roll without slipping on ice surfaces. The wheel is mounted in ball bearings upon a metal fork to which the recording mechanism is attached. The gearing is completely enclosed and the dial gives reading in geographical miles, subdivided to 25 yd. The fork is fixed to a wooden bar to which at the other end is attached a cross-head connected to the bar by a universal joint. This permits the instrument to follow the track of a sledge without partaking of its lateral movements.",,,,,,,,,,
43,1872-78,,whole,1.0,,,GUNTER’S CHAIN,"The chain most generally used in England for land measurement is named after its inventor, Edmund Gunter, and was first employed about 1620. It has a length of 66 ft. made up of 100 links, so that 10 square chains equal one acre. The example shown is made of iron, with brass handles, as was formerly the custom. This type has been replaced by the chain made of steel wire, of No. 8 or No. 12 B.W.G. which stretches much less than an iron chain after use. In all Gunter’s chains, brass tellers are inserted at every 10 links, for convenience in estimating fractional lengths.",,,,,,,,,,
44,1914-845,,whole,1.0,,loaned,LAND SURVEYOR’S STEEL CHAIN,"This chain, which is 66 ft. long and has 100 links, is representative of the modern land surveyor’s chain. A central swivel is fitted to obviate kinks when the chain is twisted in use. When not in use, the chain is folded up in the manner shown, and bound together with a leather strap.",,,,,,,,,,
45,1914-846,,whole,1.0,,loaned,STEEL MEASURING BAND,"A steel band preferred to a chain by many land surveyors because it is lighter and preserves its length better. It is 50 ft. long and is divided every foot, the two terminal feet being subdivided into inches. The divisions are marked by brass studs of various sizes, an oval plate being substituted for the stud at every 10 ft. and marked by perforation to show the length from the nearer end. The handles are made of brass, with swivel joints. The whole is wound up in a metal case which has a narrow slit for inserting the handle at one end. A strap is attached to the case for carrying it.",,,,,,,,,,
46,1914-847,Inv. 1914-847,whole,1.0,,loaned,STEEL MEASURING TAPE,"An accurately graduated steel tape of this type is extensively used for short measurements. This example is graduated throughout in millimetres. When not in use, it is wound up in the leather case as shown.",,,,,,,,,,
47,1912-244,Inv. 1912-244,whole,1.0,,donated,QASSABA MEASURING ROD,,,,,,,,,,,
48,1914-257,,whole,,,,WOODEN MEASURING RODS,"Wooden rods (Messlatten, Messtangen) similar to the pair here shown are commonly used in Germany in land-measurement, and have been in use in Würtemburg for several centuries.",,,"[{'name': 'O. Fennel Söhne', 'role': 'maker'}]",,,['wood'],[],"Commonly used in Germany in land-measurement, and have been in use in Würtemburg for several centuries.",,
49,1914-258,,whole,2.0,,,WOODEN MEASURING RODS,"Rods of square section with wedge-shaped metal ends. In one rod the metres are painted alternately red and white; in the other, black and white. Each rod is graduated in decimetres.",,,"[{'name': 'O. Fennel Söhne, Cassel', 'role': 'maker'}]",Cassel,,"['wood', 'metal']",['5 m. long'],Their length is verified before use by laying each rod on a test-bed provided with chisel-shaped stops at a known distance apart. By measuring the interval between the rod and the test-bed with a measuring wedge the length of the rod is obtained.,,
50,1914-259,,whole,1.0,,,STEEL MEASURING WEDGE,"A steel measuring wedge of uniformly varying thickness is inserted between the two terminals to accurately measure the small distance between one end of a wooden measuring rod and the end of a standard. The exhibited wedge has a uniform variation in thickness of 1 mm. per 1 cm. of its length. Its length is graduated in millimetres, reading by estimation to tenth-millimetres, and thus giving the corresponding thickness to 0·01 mm., within a range of error of 0·01 mm.",,,"[{'name': 'O. Fennel, Cassel', 'role': 'maker'}]",Cassel,,['steel'],"['1 mm. per 1 cm. of its length', '0·01 mm.', '0·01 mm.']",Used for accurately measuring the small distance between one end of a wooden measuring rod and the end of a standard in cadastral surveys.,"""Handbuch der Vermessungskunde,"" Jordan, Bd. II, Section 20",1914
51,1900-156,Inv. 1900-156,whole,1.0,,loaned,STEEL CHAIN,"A steel chain with 100 links, each 1 ft. long. The joints at every 10 ft. are at right angles to the remainder, which permits the chain to be folded so as to fit into a box about 14 in. by 8 in. by 8 in. for transport. Brass plates are attached at the joints to indicate 10 ft. lengths along the chain. In the rough measurement of the Hounslow Heath base, the chain appears to have been simply stretched along the ground, but in the measurement at Romney Marsh it was supported on deal coffers, 20 ft. long, resting on carefully aligned posts driven into the ground every 20 ft. along the base. Thus supported, the chain was stretched by a weight of 28 lb., the temperature being measured by thermometers laid in the coffers near the chain.",,,"[{'name': 'Ramsden', 'role': 'maker'}, {'name': 'General Roy', 'role': 'user'}, {'name': 'Royal Society', 'role': 'lender'}]",,,"['steel', 'brass', 'deal', 'thermometers']","['1 ft. long (each link)', '100 links', '14 in. by 8 in. by 8 in. (box)', '20 ft. long (coffers)', '28 lb. (weight)']","This chain was first used by General Roy in measuring the Hounslow Heath base in 1784. Although it was only used as a preliminary to more precise measurements with both fir and glass rods, General Roy was so impressed by its accuracy that, in measuring the base of verification on Romney Marsh in 1787, he used the chain only, and discarded the wooden and glass rods.",,1784
52,1900-157,,whole,1.0,,loaned,BONING TELESCOPE,A brass surveying compass with,,,"[{'name': 'General Roy', 'role': 'associated person'}]",,,"['brass', 'glass']","['1·2 in. aperture', '13 in. focal length']","Used to sight between two terminal tripods upon boning rods set up at subdivision points. The movable vanes of these rods were adjusted until their index lines lay on the axis of sight of the telescope, thus ascertaining the height of the intermediate tripods. The magnifying power of the eyepiece is small, and the telescope can be focussed down to a few feet.","Phil. Trans. Roy. Soc., 1785",1785
53,1876-1211,,whole,1.0,,donated,PHOTOGRAPH OF STRUVE’S BASE APPARATUS,"The apparatus consists of four wrought iron bars enclosed in wooden cases, supported near the ends on trestles. The chief peculiarity of the bars is the use of spring contact levers. The temperature was measured directly by thermometers whose bulbs rested in cavities in the bar. Struve estimated the mean probable error of his bases as 1 in 7,250,000. Each iron bar is 2 toises (nearly 4 m.) long, and has a square section of 3·4 cm. side. It terminates at one end in a small steel cylinder, having a slightly convex outer face. To the other end is pivoted a lever with unequal arms. On the lower arm is a polished hemisphere, pushed outwards from the bar by a weak spring. The steel cylinder of the adjacent bar makes contact with this hemisphere, and forces the longer arm of the lever to traverse a vertical graduated scale. Any slight variation in length of the bar is correspondingly magnified by the lever on the scale, and can be accurately measured. Two mercury thermometers are placed with their bulbs in recesses in each bar, and serve to measure the temperature directly. There is also a spirit level attached to determine the inclination of the bar.",,,"[{'name': 'W. Struve', 'role': 'designer'}, {'name': 'Pulkowa Observatory', 'role': 'donor'}]",,1817–1855,"['wrought iron', 'wood', 'steel', 'mercury', 'glass']","['2 toises (nearly 4 m.) long', '3·4 cm. side']",Designed by W. Struve and used by him in measuring seven bases of the principal triangulation of Russia. The apparatus is used for accurately measuring variations in length of the bars.,"Encyclopædia Britannica,” XI Edition, Article “ Geodesy.",1902
54,,Inv. 1912-245,whole,1.0,,,MEASURING TAPE,"A measuring tape made of an ""invar"" nickel-steel alloy, containing 35-36% nickel. The tape is just over 100 ft. long, with scales divided to read two-hundredths of a foot at each end. The National Physical Laboratory certificate of examination states its length between zero marks at each end is 100.001 ft. at 58.5° F., under a tension of 10 kg., with an accuracy of 1 in 100,000. The width of the tape is 5 mm. and its thickness 0.5 mm. It is wound upon an aluminium drum of 16 in. diameter, which can rotate upon its pivot.",,,"[{'name': 'J. H. Agar Bough', 'role': 'maker'}, {'name': 'Dr. C. E. Guillaume', 'role': 'discoverer'}, {'name': 'Guillaume et Benoit', 'role': 'author'}]",,,"['nickel-steel alloy', 'aluminium']","['just over 100 ft. long', '100.001 ft. at 58.5° F.', '10 kg. tension', '5 mm. width', '0.5 mm. thickness', '16 in. diam. aluminium drum']","The ""invar"" alloy has a low coefficient of expansion (not greater than 1.0 x 10⁻⁶ per °C), discovered by Dr. C. E. Guillaume in 1896. This property is valuable for geodesy as it minimizes errors in measuring units due to temperature variations. Its low coefficient of expansion is important. ""Invar"" wires or tapes are used universally in measuring bases for triangulation of the first or second order, suspended under a constant tension of about 10 kg., according to Jäderin’s method.","See ""Les nouveaux appareils pour la mesure rapide des bases géodésiques."" Guillaume et Benoit. Paris, 1916.",1916
55,1876-1209,,whole,1.0,,donated,STADIOMETER,"This instrument was designed by Capt. G. H. Blakey, R.N. for determining the distance of a ship on the assumption that the height of its mast is known, and that the mast is perpendicular to the direction of the ship from the observer. It is merely a telescopic sighting tube having a pin-hole aperture and pairs of parallel wires set at known intervals apart near the object end of the tube. The distance of these wires from the aperture is given by the graduated scales on the telescopic tube. In using the instrument, the mast of the distant ship is viewed and the sighting tube telescoped until the mast lies exactly between a pair of wires. On reading the length of the tube, i.e. from aperture to wires, the range of the mast will be in the same ratio to this length as the mast is to the interval between the wires. As these last two lengths are known, the range is readily calculated, or can be obtained directly from the tables supplied with the instrument. Two mutually perpendicular pairs of parallel wires are fitted in the instrument exhibited, at intervals of one tenth and one twentieth of a foot respectively. A table corresponding to the former interval for lengths of masts between 100 and 200 ft., and all possible lengths of sighting tube is printed on the tube and gives the corresponding ranges in yards. For the smaller interval, these ranges are of course to be doubled.",,,"[{'name': 'W. Heath', 'role': 'maker'}, {'name': 'Capt. G. H. Blakey, R.N.', 'role': 'designer'}, {'name': 'Admiralty', 'role': 'donor'}]",,,"['brass', 'glass', 'steel']","['one tenth of a foot', 'one twentieth of a foot', '100 and 200 ft.', 'lengths of sighting tube', 'ranges in yards']","Measurements of distance by this apparatus can only be very approximate owing to the absence of magnification, uncertainty as regards the length of the mast and its inclination to the line of sight, etc.",,
56,1915-399,Inv. 1915-399,whole,1.0,,donated,STUART’S DISTANCE METER,"Two images of the mast are seen in the field of the telescope, one formed by light rays traversing a fixed prism of constant angle, and the other by rays traversing a movable prism of varying angle. These images are made to approach each other until the lower limit of one is level with the upper limit of the other by sliding the movable prism, when the position of an index attached to this permits the range to be read. The movable prism consists of a thin piece of glass, ground concave on both faces, and is attached to a slide worked by a tangent screw. It thus forms a prism of varying angle in front of one half of the telescope, the other half being occupied by the fixed constant angle prism. Ranges up to 3 miles can be read to the nearest tenth of a mile.",,,"[{'name': 'T. H. Court', 'role': 'presenter'}]",,1895,['glass'],[],"Assuming that the length of a distant ship’s mast is known, its range can be found by this instrument, which was designed in 1895 for use at sea.","British Patent Specification, No. 23834, 1895",1895
57,1911-151,Inv. 1911-151,whole,1.0,,donated,THREE-PRISM TELEMETER,"This instrument is used to measure ranges in the ordinary manner, by solving a very acute right-angled triangle. The angle subtended at the distant point is constant, whilst the base is variable, and is measured by pacing. Three reflecting right-angled prisms are mounted by hinged joints near the objective of a small telescope, so that any one of the three can be set to reflect rays axially along the telescope from directions at 90°, 88° 51′ 15″ and 74° 53′ 15″ respectively. The first prism is used to set off the base at right angles to the direction of the distant object. The observer paces in the line of the base until, using one of the other two prisms, he again sees the object by reflection. For both observations the telescope is directed to view another distant point at right angles to the target, i.e., in the direction of the base. The number of paces taken between the two observations, multiplied by a constant depending upon the length of pace and the reflecting angle of the second prism used, gives the required range. The constant is determined experimentally.",,,"[{'name': 'T. H. Court', 'role': 'presenter'}]",,,"['brass', 'glass']",[],Used to measure ranges by solving a right-angled triangle where the base is measured by pacing.,,1911
58,,Inv. 1910-126,whole,1.0,,,GAUTIER’S POCKET TELEMETER,"This rangefinder was designed by Capt. Gautier, a French artillery officer, about 1865, and has been extensively used in the French army. Its main feature is a thin prism mounted in a ring at the object end of the sighting tube. By rotating the ring the deviation of rays in the plane of the distant object and the horizontal through the instrument can be varied continuously, and the ring calibrated correspondingly. The sighting tube is about 5 in. long by 1·5 in. diam. and has a protecting tube which can be fitted underneath to serve as a hand-grip when observations are being made. The sighting tube, in addition to the movable ring containing the prism, has a pair of plane mirrors having their faces inclined to each other at an angle of about 45°, and so inclined to the optical axis that rays incident through a window in the side of the tube in a direction nearly perpendicular to the axis, are doubly reflected at the mirrors into the line of the axis, and pass through a small telescope at the eye end of the tube. In the instrument shown, two such telescopes of different powers are fixed side by side. One of the mirrors can be slightly rotated so as to vary the angle of deviation of the reflected rays. In using the instrument, the observer sets the range scale on the movable ring at “infinity” and the index of the movable mirror at the centre. He views the distant object by double reflection at the mirrors and looks directly through the tube and prism for a convenient aiming mark. If such a mark is not quite co-incident with the image of the distant object, he rotates the mirror until coincidence occurs. Then the object and the aiming mark are in directions nearly perpendicular to each other. Next he paces out a convenient distance in the direction of the aiming mark and takes a second observation similar to the first, but this time effects the coincidence by means of the movable prism. He reads off the scale calibrated on that ring when coincidence is effected and multiplies the distance of his base. The result is the range of the distant object. The movable ring is really calibrated to record the reciprocal of the angle of deviation caused by the prism, which is the same as the reciprocal of the angle subtended. by the base at the object. As this base has been made nearly perpendicular to the direction of the object, the product of its length and the reciprocal of the angle gives the range. Thus any convenient base length can be used subject to the condition that it subtends an angle of not more than 3° at the distant object.",,,"[{'name': 'Tavernier-Gravet', 'role': 'maker'}, {'name': 'Capt. Gautier', 'role': 'designer'}]",Paris,about 1865,"['brass', 'glass', 'steel', 'prism', 'mirrors']","['5 in. long', '1·5 in. diam.']","This rangefinder was designed by Capt. Gautier, a French artillery officer, about 1865, and has been extensively used in the French army. Its main feature is a thin prism mounted in a ring at the object end of the sighting tube. By rotating the ring the deviation of rays in the plane of the distant object and the horizontal through the instrument can be varied continuously, and the ring calibrated correspondingly. The sighting tube is about 5 in. long by 1·5 in. diam. and has a protecting tube which can be fitted underneath to serve as a hand-grip when observations are being made. The sighting tube, in addition to the movable ring containing the prism, has a pair of plane mirrors having their faces inclined to each other at an angle of about 45°, and so inclined to the optical axis that rays incident through a window in the side of the tube in a direction nearly perpendicular to the axis, are doubly reflected at the mirrors into the line of the axis, and pass through a small telescope at the eye end of the tube. In the instrument shown, two such telescopes of different powers are fixed side by side. One of the mirrors can be slightly rotated so as to vary the angle of deviation of the reflected rays. In using the instrument, the observer sets the range scale on the movable ring at “infinity” and the index of the movable mirror at the centre. He views the distant object by double reflection at the mirrors and looks directly through the tube and prism for a convenient aiming mark. If such a mark is not quite co-incident with the image of the distant object, he rotates the mirror until coincidence occurs. Then the object and the aiming mark are in directions nearly perpendicular to each other. Next he paces out a convenient distance in the direction of the aiming mark and takes a second observation similar to the first, but this time effects the coincidence by means of the movable prism. He reads off the scale calibrated on that ring when coincidence is effected and multiplies the distance of his base. The result is the range of the distant object. The movable ring is really calibrated to record the reciprocal of the angle of deviation caused by the prism, which is the same as the reciprocal of the angle subtended. by the base at the object. As this base has been made nearly perpendicular to the direction of the object, the product of its length and the reciprocal of the angle gives the range. Thus any convenient base length can be used subject to the condition that it subtends an angle of not more than 3° at the distant object.","See “ Notice sur le Télémètre de Poche,” by A. Gautier, Paris.",1910
59,1909-139,,whole,1.0,,donated,ADIE TELEMETER,"This type of rangefinder was designed by P. Adie in 1860, and was extensively used by the Admiralty until superseded by the Barr and Stroud pattern. The rangefinder consists of two systems of lenses and right-angled reflecting prisms mounted in a 3-ft. metal tube of square section. Each system forms a “broken” telescope, the objectives being at each end of the tube, along which the rays, originally perpendicular to it, are deflected by right-angled prisms to the centre, where they are again reflected at right angles into the common central eye-piece. In this manner two images of a distant object whose direction is nearly perpendicular to the axis of the tube are obtained, one through each system. These images will be separated laterally by an interval which diminishes continuously as the range increases, but does not become zero until the object is at an infinite distance. If the objective lens and two prisms of one system are separately mounted and can be rotated with respect to the other system, the two images may be made to coincide by such a rotation, and the angle of rotation necessary will vary inversely as the range of the object. This angle can be obtained by calculation, or a table of corresponding values. In the instrument exhibited such an arrangement is effected by mounting one object lens and its pair of reflecting prisms in a separate tube within the main tube containing the other set, and pivoted to this so that the rotation can be effected by a screw threaded in the outer tube with its end pressing against the inner. The angle of rotation is measured by a vernier on one tube and a scale nearest second of arc, and the range read off on a table fixed to the outer leather protecting cover.",,,"[{'name': 'P. Adie', 'role': 'designer'}, {'name': 'Admiralty', 'role': 'associated person'}]",,1860,"['brass', 'glass', 'steel', 'metal', 'leather']",['3-ft. metal tube'],"This type of rangefinder was designed by P. Adie in 1860, and was extensively used by the Admiralty until superseded by the Barr and Stroud pattern. The example shown was used on H.M.S. “Triton” from 1885 to 1904 during the survey of the East Coast of England.","See British Patent, 1860, No. 357; and 1863, No. 608.",1860
60,1914-179,,whole,1.0,,donated,BARR AND STROUD RANGEFINDER ON NAVAL MOUNTING,"This instrument was used by Dr. Bruce in the Weddell Sea Antarctic expedition on the “Scotia,” 1902–04, and afterwards by Capt. R. F. Scott, R.N., on the “Terra Nova” in the British Antarctic expedition 1910–13.",,,"[{'name': 'Barr & Stroud, Ltd.', 'role': 'maker'}, {'name': 'Dr. Bruce', 'role': 'user'}, {'name': 'Capt. R. F. Scott, R.N.', 'role': 'user'}]",,1902–04 / 1910–13,,,Instrument used in Antarctic expeditions.,,1914
61,1890-55,,whole,1.0,,,TACHEOMETER,"A Porro ""anallatic"" lens is inserted between the objective and eye lenses of this instrument and its horizontal and vertical circles are divided centesimally. It is used in conjunction with a graduated tacheometric staff, upon which the interval subtended between the fixed cross wire varies directly as the distance of the staff from the transverse axis of the instrument, which is itself vertically above the observing station point.",,,"[{'name': 'Troughton & Simms', 'role': 'maker'}]",,,,,The interval subtended between the fixed cross wire on a graduated tacheometric staff varies directly as the distance of the staff from the transverse axis of the instrument. The instrument is used in conjunction with a graduated tacheometric staff.,,1890
62,1876-1205,,whole,1.0,,,GENTILLI'S TACHEOMETER,"A device to convert a theodolite into a tacheometer for measuring distances, which permits the telescope, when directed upon a graduated staff, to be displaced through a constant small angle, whose limits are determined by two mechanical stops. The distance so measured on the staff will vary directly as the horizontal distance of the staff from the observing station and inversely as the square of the cosine of the altitude angle. As the latter is known, the former can be calculated by using special tables. In the tacheometer invented about 1868 by A. Gentilli, the Austrian engineer, a rigid vertical arm can be clamped to the transverse axis of the telescope in any position. The lower end of this arm can only move a short distance, being limited by two mechanical stops. Consequently the vertical angle through which the telescope can move when clamped to the arm is likewise limited. The instrument in other respects is like an ordinary theodolite of the type made by Stärke about this period. It has a 5-in. horizontal circle and a 3.5-in. vertical quadrant, both reading by vernier and reading microscope to 30'' and having the usual clamps and tangent screws. The telescope has an objective lens of 12 in. focal length and 1.5 in. aperture. The instrument has four levelling screws, two small spirit levels mutually perpendicular on the horizontal circle, and a more sensitive one on the telescope.",,,"[{'name': 'Stärke & Kammerer', 'role': 'maker'}, {'name': 'A. Gentilli', 'role': 'inventor'}]",Vienna,c. 1868,"['brass', 'glass']","['5-in. horizontal circle', '3.5-in. vertical quadrant', '12 in. focal length', '1.5 in. aperture']",Used for measuring distances by converting a theodolite into a tacheometer. The instrument is like an ordinary theodolite of the type made by Stärke about this period.,,
63,1900-90,Inv. 1900-90,whole,1.0,,,ECKHOLD'S OMNIMETER,"An early example of a theodolite modified to enable distances to be measured with it simultaneously with azimuth and altitude angles. This instrument is used in conjunction with a special tacheometric staff having a fixed interval, usually 10 ft., marked upon it. A microscope, rigidly attached with its axis perpendicular to that of the observing telescope, rotating with this telescope about a common transverse axis, measures upon a scale fixed horizontally upon the upper plate of the theodolite the distance traversed when the observing telescope is rotated from the upper mark to the lower mark of the staff. As this staff is always set up vertically, its horizontal distance from the centre of the instrument is inversely proportional to the distance traversed on the scale. The microscope scale is mounted parallel to the telescope at a distance of exactly 6 in. below the transverse axis. It is 4 in. long and is graduated to read 0·02 in. directly, whilst it can be moved on the plate, parallel to its own length, through a small interval by means of a micrometer screw with a graduated drum, which measures 0·002 of each division of the scale. In this manner the ultimate graduation of the scale corresponds to 4 × 10⁻⁵ in. so that, if n such divisions are traversed when the theodolite rotates from the upper to the lower mark of the staff, the distance of this staff from the instrument will be 15 × 10³ ÷ n ft. In other respects the instrument is similar to an ordinary transit repeating theodolite. Slow-motion tangent screws are provided for each circle, and the usual spirit-levels on the plate and telescope. A diagonal eyepiece is fitted to the microscope for convenience in taking steep sights.",,,"[{'name': 'C. A. C. Eckhold', 'role': 'inventor'}]",,1868,['brass'],"['10 ft.', '6 in.', '4 in. long', '0·02 in.', '0·002', '4 × 10⁻⁵ in.', '15 × 10³ ÷ n ft.', '5-in. vertical circles', 'horizontal circles', '11 in. focal length', '1·25 in. aperture']","An early example of a theodolite modified to enable distances to be measured with it simultaneously with azimuth and altitude angles. This instrument is used in conjunction with a special tacheometric staff. The microscope scale is graduated to read 0·02 in. directly, whilst it can be moved on the plate which measures 0·002 of each division of the scale. In this manner the ultimate graduation of the scale corresponds to 4 × 10⁻⁵ in. so that, if n such divisions are traversed when the theodolite rotates from the upper to the lower mark of the staff, the distance of this staff from the instrument will be 15 × 10³ ÷ n ft. In other respects the instrument is similar to an ordinary transit repeating theodolite. A diagonal eyepiece is fitted to the microscope for convenience in taking steep sights.",,
64,81,Inv. 1890-55,whole,1.0,,,TACHEOMETRIC STAFF,"A 4-metre wooden staff, graduated in centimetres and used in conjunction with the tacheometer. It is inextensible, and does not materially differ from a levelling rod. The graduation marks are black bands, 1 cm. wide, at intervals of 1 cm. Those corresponding to metres and decimetres extend right across the face, the rest only half across. The metres are numbered by large red numbers and the decimetres by smaller black numbers. The half-decimetre points are marked by small black arrows. The rod has a rectangular section, 3 in. wide by 1 1/4 in. deep, and the face is slightly sunk below the edges to prevent abrasion of the graduations.",,,"[{'name': 'Troughton & Simms', 'role': 'maker'}]",,,"['wood', 'black bands', 'red numbers', 'black numbers', 'black arrows']","['4-metre staff', '3 in. wide', '1 1/4 in. deep']",Used in conjunction with the tacheometer. Does not materially differ from a levelling rod.,,1890
65,1914-219,,whole,2.0,,donated,ANCIENT EGYPTIAN LEVELS,"A photograph of two ancient Egyptian levels. Each level consists of a wooden frame in the shape of an isosceles triangle, having its sides equally prolonged beyond the base. The ends of the legs are cut parallel to the cross piece, so that the frame may rest upon a flat surface. A plummet is suspended from the apex of the frame, and its cord passes over the front of the cross piece, in the middle of which is engraved a vertical mark. If the cord lies along this mark when the plummet hangs freely, the surface on which the level rests is horizontal. Hieroglyphics are engraved in the face of the lower level.",,,"[{'name': 'Captain H. G. Lyons', 'role': 'donor'}]",,,['wood'],[],"The original levels are of the A-shaped plummet type, exhibited in the Cairo Museum and are of considerable antiquity. Such levels were used by builders and engineers of all the early civilizations and have survived in use to the present date without fundamental modification.",Cairo Museum,
66,1917-39,,whole,1.0,,donated,INSTRUMENT FOR ASCERTAINING HEIGHTS,"A metal triangle which can be freely suspended by means of two brass pins so that its two equal sides are vertical and horizontal respectively. All objects in the prolongation of its third side will then be at a horizontal distance from the instrument equal to their height above it. The former distance can be measured, and the height thus ascertained. The hypotenuse of the metal triangle has a pair of sights which enable objects in its line to be viewed. When using the instrument, the observer takes up a position from which he can sight the object whose height is required, the instrument being freely suspended. He then measures his horizontal distance from a point vertically beneath the object. This distance is equal to the height of the object above the eye-level of the observer. When not in use, the instrument fits in the wooden case exhibited with it.",,,"[{'name': 'T. H. Court, Esq.', 'role': 'donor'}]",,,"['metal', 'brass', 'wood']",[],Used for measuring the height of objects by determining their horizontal distance from the observer.,,
67,1913-258,S.M. 931. L.S.,whole,1.0,,donated,EARLY BALANCE LEVEL,"This is a level of a type much used for rough levelling during the 17th century, and probably dates from the latter half of that period. It consists of a heavy tube freely suspended from the top of a wooden case by a thread attached to its centre. The tube has a horizontal slit at one end, and a corresponding cross wire at the other; glass windows in the ends of the wooden case permit a free view along the sights. The instrument as a whole can be rotated in azimuth upon its stand. When not in use, the sighting tube can be fixed by means of two screws passing through the bottom of the wooden case. In this instrument, the centre of gravity of the suspended tube is very little, if any, below the line of sight. Hence the tube is very sensitive to disturbances, which is a source of trouble. Moreover, there is no easy method of adjusting the line of sight to be truly horizontal. Owing to these defects, both of which were remedied in the more precise instruments on the ""balance"" principle designed by Huygens, this type of level is not very accurate. The body of the tube is made of lead, the ends containing the sights being of brass. The wooden case is screwed into the top of a small column, provided with a brass socket at its other end. The socket serves to attach the level to its stand, which may be a tripod or simply a ""stick"" stand.",,,"[{'name': 'Huygens', 'role': 'designer'}]",,Latter half of 17th century,"['lead', 'brass', 'wood', 'glass']",[],"Used for rough levelling during the 17th century. The instrument is sensitive to disturbances and lacks an easy method for adjusting the line of sight to be horizontal, making it not very accurate compared to later designs.","Plate II, Fig. 1, p. 38",17th century
68,,Inv. 1883-118,whole,1.0,,,PLUMMET CLINOMETER,"This instrument consists of a brass alidade attached to a semi-circle, pivoted upon a heavy stand, which is set with its base horizontal by means of a small brass plummet. The semi-circle and alidade can be rotated in the vertical plane, and the inclination of the line of sight read by a fixed index on the stand. The semi-circle is graduated in degrees and has a diameter of 4·2 in. The sight rule is a hollow tube fitted with dual sights at each end, one set being within the tube and the other on top of it in the opposite sense.",,,[],,late 17th or early 18th century,"['brass', 'glass']",['4·2 in. diameter'],Used for measuring inclination.,,
69,,Inv. 1880-201,whole,1.0,,,PLUMMET LEVEL AND CLINOMETER,"This is a German instrument made in 1755, and consists of a hollow wooden stand with a flat base and brass facings. A brass plummet is suspended down one face, and by its position on a scale of degrees engraved on the lower part of the face measures the inclination of the base of the instrument. No sights are provided. A brass knob, screwed into the top of the stand can be detached and used as a plummet; a cord wound round a drum inside the stand is used to suspend the knob. The plummet has a length of 4·8 in., which is the radius of the graduated arc. This extends 15° on either side of the vertical.",,,"[{'name': 'Jacob Kranewetter', 'role': 'maker'}]",Germany,1755,"['wood', 'brass']",['4.8 in. length'],Measures the inclination of the base of the instrument.,,
70,1857-25,,whole,1.0,,,BALANCE LEVEL,"This instrument can be used for testing whether a surface is horizontal, vertical or inclined at 45°. It consists of a loaded disc, pivoted between the vertical faces of a cylindrical brass case fixed to a brass ruler. Marks engraved on the edge of the revolving disc show by their coincidence with marks on the fixed case whether the ruler, which is placed on the surface to be tested, is horizontal, vertical, or inclined at 45°. The ruler has a length of about 6 in., and one of its bevelled edges is graduated in millimetres.",,,"[{'name': 'Susse Bros.', 'role': 'maker'}]",Paris,,"['brass', 'disc']","['length of about 6 in.', 'diameter of 2 in.']","Used for testing whether a surface is horizontal, vertical or inclined at 45°.",,
71,1911-183,,whole,1.0,,donated,REFLECTING PLUMMET LEVEL,"This type of level was invented by Col. Burel in 1829, and operates upon the principle that in a vertically suspended mirror the eye sees a reflected image of itself at its own level. The instrument consists of a rectangular frame, suspended in gimbal bearings so as to hang vertical owing to its own weight. The frame contains a piece of plane glass, of which one vertical half is silvered and the other half left free for direct vision of a distant object. A horizontal cross wire bisects the two parts. The observer holds the instrument in front of his eye and moves it until he sees the reflected image of his eye bisected by the cross wire. Any distant object then intersected by the wire will be at the level of his eye.",,,"[{'name': 'Col. Burel', 'role': 'inventor'}, {'name': 'T. H. Court', 'role': 'donor'}]",,1829,"['mirror', 'glass']",[],Operates upon the principle that in a vertically suspended mirror the eye sees a reflected image of itself at its own level. The observer holds the instrument in front of his eye and moves it until he sees the reflected image of his eye bisected by the cross wire. Any distant object then intersected by the wire will be at the level of his eye.,"""Memorial de l'Officier du Génie,"" No. 10, 1829",1829
72,1919-331,Inv. 1919-331,whole,1.0,,donated,REFLECTING PLUMMET LEVEL,"This is very similar to the adjacent Burel type, but has a heavy screw threaded in the base of the frame. By working the screw the inclination of the plane of the mirror can be varied, and adjusted to be truly vertical by means of a test sight. The mirror also occupies much more than half of the frame, leaving a small part only for direct vision.",,,"[{'name': 'T. H. Court, Esq.', 'role': 'donor'}]",,,,,Used for adjusting the inclination of a mirror to be truly vertical by means of a test sight.,,
73,1921-519,,whole,1.0,,donated,DE LISLE'S REFLECTING CLINOMETER,"A heavy arc is attached to the lower part of the mirror frame and can be turned into the same plane as the mirror for convenience of carriage, or into a perpendicular frame for measuring angles of elevation or depression. In the latter position the weight of the arc causes the mirror plane to take up an inclination to the vertical, which can be varied by means of a movable radial arm, concentric with the arc and carrying a sliding counterpoise at its extremity. The arc is so graduated on its edge that the position of one edge of the movable arm gives the inclination of the mirror, and, therefore, of the line of sight between the observer's eye and its reflection in the mirror. The arc is graduated to read gradients from zero to 1 in 5.",,,"[{'name': 'T. Cooke & Sons, Ltd.', 'role': 'maker'}, {'name': 'T. Cooke & Sons, Ltd.', 'role': 'lender'}, {'name': 'General A. De Lisle, R.E.', 'role': 'devised by'}]",York,,"['brass', 'glass', 'steel']",[],"Of the many arrangements for converting a Burel reflecting level into a clinometer, the one here represented, devised by General A. De Lisle, R.E., is the most satisfactory.",,1921
74,1900-155,,whole,1.0,,loaned,SPIRIT LEVEL,"This level was constructed in the early part of the 19th century and used in 1831 by J. A. Lloyd, F.R.S., in ascertaining the differences of level between the Thames at London Bridge, Sheerness and various intermediate points. The telescope has a focal length of 28 in. and is finally levelled by means of a 12-in. spirit level mounted at one side parallel to its axis. The objective lens of the telescope has a 2-in. aperture, and is fixed in the tube, the eyepiece tube being focussed by a rack and pinion arrangement and having a fixed diaphragm and a slide focussing Ramsden inverting eyepiece. The telescope is attached to a transverse horizontal axis, which rests in Y-s on standards fixed to the horizontal plate. The telescope is supported near both ends by vertical screws threaded in the ends of a rigid bar fixed to the horizontal plate parallel to the axis of the telescope. These screws are used in the final adjustment of the telescope axis, which is tested by the main spirit level. This bar is suspended from the ends of a metal rod fixed on one side of the telescope, and has ivory scales graduated to thirtieths of an inch mounted above its bubble-tube. A small level is also fixed transversely at one end of the main level. The bubble of the latter moves over one division of the scale when the telescope is elevated about 2 seconds of arc. The horizontal plate can rotate about a vertical axis, and has a clamp and tangent screw for slow motion. It is attached to a pair of parallel plates, connected by four levelling screws of the usual type. A small circular spirit-level is fixed to the plate above its centre for setting it horizontal. The telescope can be reversed in its Y-s end for end, or rotated through 180° about its own axis, as in all Y-levels.",,,"[{'name': 'Troughton & Simms', 'role': 'maker'}, {'name': 'J. A. Lloyd', 'role': 'user'}]",,early part of the 19th century,"['brass', 'ivory', 'metal']","['28 in', '12-in', '2-in', 'thirtieths of an inch', '2 seconds of arc']","Used in 1831 by J. A. Lloyd, F.R.S., in ascertaining the differences of level between the Thames at London Bridge, Sheerness and various intermediate points.","Phil. Trans. Roy. Soc., 1831",1831
75,1900-154,S.M. 1938,whole,1.0,,loaned,SPIRIT LEVEL,"A spirit level with a 30-in. telescope mounted in Y-s in a manner similar to the ordinary Y-level, but is fitted with an extra spirit level suspended above the telescope, and also has a circular supporting base resembling that of a large theodolite and resting on three footscrews. The objective lens of the telescope has a 2-in. aperture and is fixed in the tube, the eyepiece tube having a rack and pinion focussing movement. The eyepiece is of the Ramsden inverting type and is also focussed by a rack and pinion movement. Gun-metal collars are shrunk on to the telescope near its extremities and rest in Y-s fixed to the horizontal circle. One of these Y-s can be adjusted vertically by means of a screw. This adjustment serves to level the telescope more precisely than is possible with the footscrews. The 14-in. horizontal circle can rotate about a vertical axis, and has a clamp and tangent screw. It also carries a central 31-in. compass, graduated in degrees, and a small thermometer. The supporting base of the instrument consists of two horizontal circles of 14 in. diameter connected by three vertical pillars to which the three foot-screws are fixed. Beneath the telescope a 17-in. spirit level is mounted in adjustable bearings, and a 22-in. level of similar construction can be suspended above the telescope from pivots carried by brackets fixed to the end of the tube. Both pivots are adjustable. Each level has ivory scales, graduated to twentieths of an inch mounted above its tube. Small transverse levels are also fixed to the telescope and at one end of the suspended level.",,,"[{'name': 'Cary', 'role': 'maker'}, {'name': 'J. A. Lloyd', 'role': 'user'}]",,c. 1830,"['brass', 'gun-metal', 'ivory', 'glass', 'steel']","['30-in. telescope', '2-in. aperture', '14-in. horizontal circle', '31-in. compass', '14 in. diameter', '17-in. spirit level', '22-in. level']","Used in measuring the differences of level between the Thames at London Bridge, Sheerness and various intermediate points.","Phil. Trans. Roy. Soc., 1831",1831
76,1892-21,,whole,1.0,,donated,SPIRIT LEVEL,"Troughton type spirit level. A small compass, supported on four pillars, is provided for traversing. The telescope has an aperture of 1 1/4 in. and a focal length of 15 in., and is provided with stops. The eyepiece tube is focussed by a rack and pinion arrangement actuated by a screw. The diaphragm can easily be disclosed for examination by removing the eyepiece. There are two eyepieces provided, one erect and the other inverting. The bubble-tube is 10 in. long, and has a radius of curvature of about 50 ft., giving a motion of the bubble of 1/5 in. for every minute of arc. The compass ring is 2 1/2 in. in diameter, and is graduated to read single degrees.",,,"[{'name': 'A. Stannard', 'role': 'donor'}, {'name': 'George Stephenson', 'role': 'former owner'}, {'name': 'Troughton', 'role': 'designer and constructor'}]",,1829,"['brass', 'glass']","['1 1/4 in. aperture', '15 in. focal length', '10 in. long bubble-tube', 'radius of curvature of about 50 ft.', '1/5 in. motion of the bubble', '2 1/2 in. diameter compass ring']","This level was formerly the property of George Stephenson, and was used by him at Chat Moss in the survey for the Manchester and Liverpool Railway. It is of the type designed and constructed by Troughton, the spirit-level being rigidly fixed in the telescope, which is not reversible, as in the Ramsden type. Such an instrument, whilst incapable of preliminary adjustment, is very simple and rigid in construction, and is well suited for engineering surveys.",,1892
77,1912-197,,whole,1.0,,loaned,SPIRIT LEVEL,"This instrument was made about the middle of the 19th century, and was used until 1907 for levelling minor lines. The spirit level is attached by adjusting screws to the telescope, which fits in Y-shaped bearings, and can be rotated or reversed in these for adjustment of the line of collimation. The parallel plate arrangement for levelling the instrument is of the usual type, with four levelling-screws, axis clamp and tangent-screw for slow-motion. The diaphragm containing a horizontal and vertical wire is easily accessible after unscrewing the eyepiece, which is arranged to give an erect image of the staff.",,,"[{'name': 'Troughton & Simms', 'role': 'maker'}, {'name': 'Ordnance Survey', 'role': 'lender'}]",,c. 1850,,"['focal length of 12 in.', 'aperture of 1.25 in.', 'bubble-tube is 7 3/4 in. long', 'movement of the bubble of 0.1 in.']",Used until 1907 for levelling minor lines.,,1912
78,1912-198,Inv. 1912-198,whole,1.0,,loaned,SPIRIT LEVEL,"This level was made between 1840 and 1850 and was used for levelling of second-order lines. The spirit level is graduated to read 5 seconds of elevation, and is attached to the telescope, which rests in Y-shaped bearings, and can be rotated or reversed for adjustment of the line of collimation. A compass is provided for rough traversing, and an elevating screw permits the telescope to be finally levelled with great accuracy. In the diaphragm are two vertical and one horizontal wires. The eyepiece is adjusted for parallax by a sliding tube arrangement, whilst the telescope is focussed on the staff by a rack and pinion which moves the objective. The compass-ring has a diameter of 3 1/4 in. and is graduated to read single degrees. The spirit level tube is 10 in. long, and is graduated at intervals of 1/4 in., each interval corresponding to 5 seconds of arc. The parallel plate arrangement is of the usual type, and a slow-motion tangent screw is provided for azimuth setting.",,,"[{'name': 'Troughton & Simms', 'role': 'maker'}, {'name': 'Ordnance Survey', 'role': 'lender'}]",,1840 and 1850,['brass'],"['telescope focal length of 18 in.', 'aperture is 1.5 in.', 'compass-ring diameter of 3 1/4 in.', 'spirit level tube is 10 in. long', 'intervals of 1/4 in.']",Used for levelling of second-order lines.,,
79,1912-199,,whole,1.0,,loaned,SPIRIT LEVEL,"This level has a telescope of 2·2-in. aperture and 23-in. focal length, with a 12-in. spirit level attached, reading to single seconds of arc. The telescope rests in Y bearings, in which it can be rotated and also reversed end for end, for adjustments. A small transverse level is also provided on the telescope for rough levelling, whilst the final accurate setting is performed by means of an elevating screw, which moves one bearing. The instrument has a 5⅛-in. compass fitted to its alidade for rough traversing, the compass being graduated in single degrees. There is also the usual parallel-plate levelling arrangement, with four screws, for setting the alidade approxi- mately horizontal. A slow motion tangent screw is provided for setting the instru- ment accurately in azimuth. The telescope has a micrometer eyepiece, and is focussed on the staff by moving the eyepiece tube. The spirit level has an ivory scale above each end, graduated in 1/20 in., each division corresponding to about 2 seconds of arc of elevation.",,,"[{'name': 'Troughton & Simms', 'role': 'maker'}, {'name': 'Ordnance Survey', 'role': 'lender'}]",,1841,"['brass', 'ivory']","['2·2-in. aperture', '23-in. focal length', '12-in. spirit level', '5⅛-in. compass', '1/20 in.']",This level was made in 1841 and was used in first-order levelling for the Ordnance Survey.,,
80,1913-256,Inv. 1913-256,whole,1.0,,donated,SPIRIT LEVEL,"A level of this type, serving also for measuring inclines and distances by means of the elevating screw, is particularly adapted by reason of its compactness and simplicity of construction for preliminary surveys where no great accuracy is required. It consists of a small telescope and spirit-level separately mounted upon a platform connected with a tripod by means of a ball-and-socket joint of a special type, often employed in small surveying instruments of German construction. This joint permits the orientation of the platform to be varied, whilst leaving it perfectly free to rotate in azimuth about the socket, which is fixed to the tripod. The platform terminates underneath in a metal ball, at the lower end of which is a cylindrical pin. The socket consists of two parts screwed together, an upper spherical dome enclosing the ball, and a lower tubular sheath surrounding the pin. Two levelling screws, set perpendicularly to each other, work in threads in this sheath, and impinge upon a metal collar which encircles the pin sufficiently tightly to prevent shake, but not to hinder the free azimuthal rotation of the pin, and consequently the platform. Opposite the two screws, and likewise impinging on the collar is a spring which takes the pressure of the screws. By means of these screws the platform can be set level in all directions. The spirit level can be adjusted upon the platform by the small screws at one end of its case, whilst the telescope can be elevated or depressed about an axis at one end fixed in the platform by means of a fine-threaded screw at the other end.",,,"[{'name': 'C. Sickler', 'role': 'maker'}, {'name': 'T. H. Court, Esq.', 'role': 'donor'}]",,,"['brass', 'metal', 'steel']","['pitch of the screw-threads is half a millimetre', 'movement of this end of the telescope is read to a tenth of a millimetre', 'For every tenth-millimetre, the line of sight of the telescope moves through an angle whose circular measure is one-thousandth.']","Serves also for measuring inclines and distances by means of the elevating screw. Particularly adapted by reason of its compactness and simplicity of construction for preliminary surveys where no great accuracy is required. By this means, as in tacheometry, distances can be measured with fair accuracy.",,
81,1876-1196,,whole,1.0,,,SPIRIT LEVEL,"This instrument, primarily designed for levelling, can also be employed for measuring angles in any plane, and is likewise provided with stadia lines in diaphragm of the telescope for measuring distances. It is thus a type of cheap, portable, universal instrument, specially adapted for surveys of minor precision. The special features which distinguish it from an ordinary small level are the graduated semicircle and the peculiar method of attaching the spirit level to the telescope and the whole instrument to the tripod. The lower parallel plate is not attached directly to the tripod head, but to an intermediate knuckle-joint piece, which permits the instrument as a whole to be set with the semicircle in any plane. The spirit level can also be attached to the telescope in two places, one serving when the semicircle is horizontal and the other when it is vertical. The telescope can rotate on the semicircle, which is graduated to 30 minutes and reads by vernier to 2 minutes, and the semicircle can likewise rotate irrespective of the telescope, thus permitting angles to be “repeated.” The parallel plate arrangement is of the usual type, with four levelling screws.",,,"[{'name': 'Zimmer Bros.', 'role': 'maker'}]",Stuttgart,,"['brass', 'glass', 'steel']",['18 cm diameter'],"Primarily designed for levelling, can also be employed for measuring angles in any plane, and is likewise provided with stadia lines in diaphragm of the telescope for measuring distances. It is thus a type of cheap, portable, universal instrument, specially adapted for surveys of minor precision.",,
82,1876-1198,,whole,1.0,,,BREITHAUPT'S COMPENSATION LEVEL,"A later modification of a level designed and constructed by F. W. Breithaupt in 1845, with the idea of minimizing the instrumental adjustments usually necessary as a preliminary to taking levels. The method of weighting the main spirit level and suspending it freely in pin bearings attached to the telescope enables the surveyor to compensate by double readings the errors arising from non-parallelism of the spirit-level axis, telescope axis, and line of sight. In this level the telescope can be rotated in its collars through a complete half-turn, the extreme positions being determined by mechanical stops. The spirit level, whilst revolving with the telescope, does not rotate, but is kept with its engraved scale uppermost. Consequently the bubble is always visible against the scale, and its variation during the rotation measures the extent to which the axis of the spirit level is inclined to the axis of rotation of the telescope. Such an inclination, if small, will be automatically rendered ineffective provided two readings of the levelling staff are made with the spirit level “centred,” one before the telescope is rotated in its collars through 180°, and the other after. This double reading also corrects for lack of coincidence between the mechanical axis of rotation of the telescope and the line of sight. The mean of the two readings will be the true reading which would be obtained if the three axes of spirit level, telescope rings and vision were mutually parallel. Thus it is not necessary to adjust the instrument beforehand for this parallelism. It is, however, essential that the spirit level itself should be so adjusted that when its bubble is central, its own axis of rotation reversing the spirit level in its bearings should be horizontal. This can be tested by centring the bubble, and reading the bubble again. Half the difference is removed by the means of the two capstan-headed screws which fix one end of the bubble tube to its case. To enable the spirit level to be so reversed, one bearing pin can be withdrawn from its supporting bracket. The lower part of the instrument is provided with a circular box level, which serves to set the main axis nearly vertical by means of the footscrews. No attempt is made to render this axis exactly vertical, as the telescope is always finally levelled by means of the elevating screw. The head of this latter is divided, and serves to measure very accurately small gradients. The diaphragm of the telescope has two horizontal subtense wires in addition to the central levelling wires, so that the instrument can be used to measure distances.",,,"[{'name': 'F. W. Breithaupt and Son', 'role': 'maker'}, {'name': 'F. W. Breithaupt', 'role': 'designer'}]",Cassel,1859,"['brass', 'glass']",[],"This is a later modification of a level designed and constructed by F. W. Breithaupt in 1845, with the idea of minimizing the instrumental adjustments usually necessary as a preliminary to taking levels. The method of weighting the main spirit level and suspending it freely in pin bearings attached to the telescope enables the surveyor to compensate by double readings the errors arising from non-parallelism of the spirit-level axis, telescope axis, and line of sight. In this level the telescope can be rotated in its collars through a complete half-turn, the extreme positions being determined by mechanical stops. The spirit level, whilst revolving with the telescope, does not rotate, but is kept with its engraved scale uppermost. Consequently the bubble is always visible against the scale, and its variation during the rotation measures the extent to which the axis of the spirit level is inclined to the axis of rotation of the telescope. Such an inclination, if small, will be automatically rendered ineffective provided two readings of the levelling staff are made with the spirit level “centred,” one before the telescope is rotated in its collars through 180°, and the other after. This double reading also corrects for lack of coincidence between the mechanical axis of rotation of the telescope and the line of sight. The mean of the two readings will be the true reading which would be obtained if the three axes of spirit level, telescope rings and vision were mutually parallel. Thus it is not necessary to adjust the instrument beforehand for this parallelism. It is, however, essential that the spirit level itself should be so adjusted that when its bubble is central, its own axis of rotation reversing the spirit level in its bearings should be horizontal. This can be tested by centring the bubble, and reading the bubble again. Half the difference is removed by the means of the two capstan-headed screws which fix one end of the bubble tube to its case. To enable the spirit level to be so reversed, one bearing pin can be withdrawn from its supporting bracket. The lower part of the instrument is provided with a circular box level, which serves to set the main axis nearly vertical by means of the footscrews. No attempt is made to render this axis exactly vertical, as the telescope is always finally levelled by means of the elevating screw. The head of this latter is divided, and serves to measure very accurately small gradients. The diaphragm of the telescope has two horizontal subtense wires in addition to the central levelling wires, so that the instrument can be used to measure distances. The “suspension” spirit level of the type here shown was soon superseded in compensating levels by Amsler’s two-sided “reversion” level, which is much less liable to be injured by shocks than Breithaupt’s pattern.","Dingler’s Polytechnisches Journal,” Bd. 133, p. 401",1859
83,1922-442,,whole,1.0,,lent,LEVEL,The telescope of this level has a rack-focussing objective of 1.3-in. aperture and 14-in. focal length. A 6-in. bubble-tube is mounted adjustably beneath it and has a sensitivity of 22 seconds per 0.1 in. division of its graduations.,,,"[{'name': 'E. R. Watts and Son, Ltd.', 'role': 'maker'}, {'name': 'E. R. Watts and Son, Ltd.', 'role': 'lender'}]",,,[],"['14-in.', '1.3-in. aperture', '14-in. focal length', '6-in. bubble-tube', '22 seconds per 0.1 in. division']",,,
84,1917-38,Inv. 1917-38,whole,1.0,,donated,CLINOMETER,"This clinometer is not provided with sights, but has two plane edges at right angles and a movable spirit-level with a vernier at one end. The instrument is set on the face of the rod and the level rotated until the bubble is centred, when the zero mark of the vernier gives the inclination to a sixteenth of a degree. The arc over which the vernier moves is graduated in half degrees, each of the eight intervals between the vernier graduations being seven-eighths of a half degree. The spirit level is very sensitive, and the bubble moves about 0·5 cm. for every variation of a sixteenth of a degree in the inclination.",,,"[{'name': 'W. Bandermann', 'role': 'maker'}, {'name': 'T. H. Court', 'role': 'donor'}]",Berlin,,"['brass', 'glass']",['0·5 cm.'],"An instrument of this type is principally used for setting levelling-rods vertical, or for measuring the gradient of a rod used for determining distances in cadastral surveys. It can be set upon some kind of sighting rod and used for measuring gradients or for levelling.",,
85,1911-174A,,whole,1.0,,donated,CLINOMETER,"This instrument was made in the first half of the 19th century, and is used for measuring the elevation to the horizontal of any inclined plane on which it can be set. It is not provided with sights. It consists of two brass rulers, hinged at one end. The upper ruler carries a sensitive 6-in. spirit level and an index, which moves over a graduated brass arc fixed to the lower ruler. This latter is placed upon the surface to be measured and the other ruler revolved until the bubble of the level is centred, when it can be clamped by a screw on the index plate and the reading taken. The arc is graduated in degrees from 0° to 50°.",,,"[{'name': 'Thos. Jones', 'role': 'maker'}, {'name': 'the Admiralty', 'role': 'donor'}]",London,first half of the 19th century,"['brass', 'spirit level', 'screw']",['6-in. spirit level'],Used for measuring the elevation to the horizontal of any inclined plane on which it can be set. The arc is graduated in degrees from 0° to 50°.,,
86,1911-174B,,whole,1.0,,donated,CLINOMETER,"An instrument with two brass rulers hinged together at one end. The upper ruler has perpendicular sights at each end, each with an aperture backsight and a cross-wire foresight, and carries an index plate which moves over a graduated arc fixed to the lower ruler and can be clamped to this arc by a screw. A 3-in. spirit level is supported parallel to the upper ruler in bearings on the sights. The lower ruler has a socket for fixing the instrument to a stand.",,,"[{'name': 'Admiralty', 'role': 'presenter'}]",,,"['brass', 'glass']","['3-in. spirit level', 'radius of 4 in.', 'graduated from 0° to 30°']","In using the instrument, the upper ruler is lowered until it rests on the lower and the instrument is levelled by the spirit level, after which the upper ruler is raised until the object whose angular elevation is required is sighted, and the reading of the arc taken. The arc is graduated from 0° to 30° in degrees, read by estimation to tenths.",,
87,,Inv. 1914-220,whole,1.0,,donated,ABNEY LEVEL AND CLINOMETER,"In a hand-level it is desirable that the object sighted and the levelling mechanism should be simultaneously visible. The combined level and clinometer designed by Capt. Abney, R.E., about the year 1870, utilizes the idea of reflecting the bubble of a spirit level into the line of sight of the sighting tube by means of a diagonal mirror fixed in one half of the latter, the other half being left free for sighting the object. This device had been previously used on a sextant. In the instrument exhibited, a graduated semicircle is rigidly fixed to the rectangular sighting tube, which has a pin-hole aperture and a diagonal mirror fixed beneath a slit in its upper face, vertically beneath the centre of the arc. Through this centre passes an axis, carrying a small transversely mounted spirit level at one extremity and a vernier arm near the other, which terminates in a large milled wheel. On rotating this wheel the spirit level is set at any angle to the line of sight, the angle being measured by the position of the vernier on the graduated arc. The cover of the spirit level has apertures above and below, the latter permitting an image of the bubble to be seen after reflection on the mirror, whilst the former is used when the clinometer is set on the surface whose gradient is required. The arc is graduated in degrees up to 60° on both sides of the vertical, and reads by vernier on the movable arm to 10 minutes. It also has a scale of gradients to 1 in 1, read by the edge of the vernier.",,,"[{'name': 'Cary, London', 'role': 'maker'}, {'name': 'Captain H. G. Lyons, F.R.S.', 'role': 'donor'}, {'name': 'Capt. Abney, R.E.', 'role': 'designer'}]",,c. 1870,"['brass', 'glass', 'steel']","['4 3/8 in. long', '1 in. radius']",Utilizes the idea of reflecting the bubble of a spirit level into the line of sight of the sighting tube by means of a diagonal mirror. The device had been previously used on a sextant.,,
88,1913-254,,whole,1.0,,donated,ABNEY LEVEL AND CLINOMETER,"This example differs from the preceding one in minor details. The graduated arc is fixed to the spirit level and revolves with it, being read for angles up to 45° either way by means of a fiducial mark on the supporting bracket, which is fixed to the sighting tube. Scales of gradients up to 1 in 1 are also marked on the arc beyond the degree graduations and are read by the bevelled edges of the supporting bracket. The edge of the arc is milled, and gears with a small pinion wheel centred in the fixed bracket and rotated by a milled screw. This permits the spirit level and arc to be rotated more slowly and evenly than in the other form. The sighting tube has a circular section, which is not so convenient when the instrument is to be placed on the slope as the rectangular type.",,,"[{'name': 'Elliott Bros.', 'role': 'maker'}, {'name': 'T. H. Court, Esq.', 'role': 'donor'}]",London,,"['brass', 'steel', 'glass']",[],Used for measuring angles and gradients.,,
89,1887-62,,whole,1.0,,,ABNEY LEVEL AND CLINOMETER,"A surveying instrument with a 1 1/2-in. compass fixed on the upper surface of the sighting tube. The compass ring is graduated in degrees, numbered every 10° by quadrants from the N–S line.",,,[],,,"['brass', 'glass']",['1 1/2-in. compass'],,,
90,1922-42,Inv. 1922-42,whole,1.0,,,CLINOMETER (Mark III),"A modern Service clinometer for measuring to the nearest minute the angle of elevation of a plane surface. The angle is measured to the nearest degree by a rotating arm which traverses a fixed graduated sector attached to the base. The arm is slightly curved on its upper and lower surfaces, and carries a sliding spirit level whose position, when the bubble is central with respect to the scale graduated on the arm, gives the number of minutes in the angle. There are two flat mutually perpendicular base plates, one painted black and the other red, and the sector of degrees is graduated on both sides, one set numbered in black from o to 44 and the other in red from 50 to 89, for use with the corresponding base. The black base is used for angles below 45° and the red for those above. The front scale is used with the black base and the rear scale with the red one.",,,"[{'name': 'J. Casartelli & Son', 'role': 'maker'}]",,,['brass'],"['radial arm has a radius of 5 in.', 'scale of minutes on the arm  occupies a length of 2 in.', 'arm is thus curved in a circle of radius about 9.5 ft.']",Used for measuring to the nearest minute the angle of elevation of a plane surface.,,
91,1925-4,Inv. 1925-4,whole,1.0,,loaned,WATKIN CLINOMETER,"Instead of a graduated arc, this type of clinometer is provided with a rotatable drum, upon the face of which is a graduated spiral groove, upon which is recorded the amount of elevation of the surface tested. The bubble level is mounted within a gunmetal frame which has two surfaces accurately machined at right angles to each other. One end of the level is pivoted to the frame, and the other end is kept pressed against the base of the drum which rotates upon a threaded screw carried by the frame. As the drum rotates, an index on the scale the resulting elevation of the free end of the level above the pivoted end, and hence, when the bubble is centred, the elevation of the plane upon which the frame is set. No sights are provided with this instrument, which is designed for recording the slope of a plane surface with respect to the vertical or horizontal, according to which of the two plane surfaces of the instrument is in contact with the surface tested. The range of the drum scale is from 40 minutes below to 45° above zero, the first 5° being subdivided by dots to 1 minute; thereafter lines indicate every 5 minutes.",,,"[{'name': 'Cooke, Troughton & Simms, Ltd.', 'role': 'maker'}, {'name': 'Cooke, Troughton & Simms, Ltd.', 'role': 'lender'}]",,,['gunmetal'],['40 minutes below to 45° above zero'],"Designed for recording the slope of a plane surface with respect to the vertical or horizontal, according to which of the two plane surfaces of the instrument is in contact with the surface tested.",,
92,1925-5,Inv. 1925-5,whole,1.0,,loaned,INDIAN CLINOMETER,"In this clinometer, one sight is fixed and the other is movable over a graduated scale engraved upon the vane; the position of the movable sight registers the inclination of the line of sight. The instrument consists of a hollow bubble arm mounted upon a gunmetal base, which has three studs on its lower face. The bubble arm is pivoted at one end to the base, and carries an adjusting screw at its other end for setting the bubble central. A folding sight vane is fitted to each end of the bubble arm, the shorter vane having a fixed aperture backsight and the longer one carrying the sliding foresight. The latter vane has two scales engraved upon it, one of degrees, subdivided to 20 minutes, and the other of tangents. The range of the scale is 0°-23° of elevation or depression.",,,"[{'name': 'Cooke, Troughton & Simms, Ltd.', 'role': 'maker'}, {'name': 'Cooke, Troughton & Simms, Ltd.', 'role': 'lender'}]",,,['gunmetal'],['0°-23° of elevation or depression'],"Registers the inclination of the line of sight. The latter vane has two scales engraved upon it, one of degrees, subdivided to 20 minutes, and the other of tangents.",,
93,1900-167,Inv. 1900-167,whole,1.0,AXIS LEVEL,donated,SPIRIT LEVEL,"A spirit level for testing the horizontality of a telescope axis, suspended from the axis by curved brackets. It features a bubble tube about 15 in. long by 1 1/4 in. diameter, with an ivory scale mounted on the casing and divided in tenth-inches. The brass casing of the bubble tube has end plates that fit loosely upon screwed vertical pins and can be clamped in any desired position by upper and lower capstan nuts. The pins project from a horizontal brass tube, somewhat longer than the bubble tube and having suspension brackets fastened to its ends. The upper portions of these brackets are curved and their ends turned over and provided with inverted V-plates which rest on the telescope axis. The scale divisions are numbered symmetrically from the centre. A small transverse spirit level is mounted on one end of the casing of the main level. The vertical pin at one end of the base tube is slightly adjustable by means of capstan nuts.",,,"[{'name': 'The Royal Society', 'role': 'lender'}]",,early part of the 19th century,"['brass', 'ivory']","['15 in. long', '1 1/4 in. diameter']","In large astronomical and surveying instruments, specially long and sensitive levels are generally provided for testing the horizontality of the telescope axis. The levels are usually fitted above the axis by bearing forks, but are sometimes suspended from it by curved brackets.",,1900
94,1921-563,,whole,22.0,,lent,SET OF BUBBLE TUBES,"This exhibit comprises twenty-two bubble tubes of various shapes, sizes and sensitivities, all except two being unmounted. Six are of the circular or “pill-box” type, the upper surface of the container being internally ground spherical, so that the bubble, when centred, occupies the space inside a circle engraved on the glass. Two of this type, which are not very sensitive and are only used for rough levelling, are shown mounted in brass cases, attached to the base-board. The remaining sixteen are tube levels, six of them having their glass containers bent as a whole into a circular shape, and the other ten being straight tubes, internally ground to various curvatures according to the desired sensitivity. The first six are not very sensitive, and are of the type used by carpenters, masons, etc. The other ten are used on surveying instruments, etc., and are usually mounted in brass cases, attached to the instrument by adjustable screws. On the larger levels of this type, division marks are graduated at 0·1 in. interval for reading the positions of the ends of the bubble, and the sensitivity is indicated by the angle of elevation of the level necessary to cause the bubble to move over one division. The most sensitive one exhibited has a sensitivity of 1 division per 5·5 seconds of elevation. This particular bubble tube has also a separate chamber at one end. When the bubble expands owing to increasing temperature, a portion of the air can be detached and transferred to the supplementary chamber through a small aperture in the separating wall, and the bubble thus reduced to its normal size.",,,"[{'name': 'T. Cooke & Sons, York', 'role': 'maker'}, {'name': 'T. Cooke & Sons, York', 'role': 'lender'}]",York,,"['brass', 'glass']",['0·1 in.'],"Bubble tubes of various shapes, sizes and sensitivities used for levelling and on surveying instruments. The most sensitive one exhibited has a sensitivity of 1 division per 5·5 seconds of elevation and features a separate chamber at one end to manage bubble expansion due to temperature changes.",,1921
95,1917-107,,whole,1.0,,donated,LEVELLING ROD,"A graduated wooden rod 6 ft. long, 1 in. wide, and in. deep, over which can slide a sighting vane, which has a sharply defined diamond of dark wood inlaid upon a face of light wood, and fits closely to the face of the rod. The vane is moved by the observer signals that it is in line with the telescope, when the former takes the reading of an index mark on the bevelled edge of a small opening in the vane. The face of the staff is graduated both in inches, divided to tenths, and also in hundredths of a foot along its whole length save the top 3 in. Another rod of slightly smaller section can slide along the back of the first, being retained in position by a metal band which serves as a friction clamp. This second rod is not divided and merely serves as a stand for extending the graduated rod. Both are tipped with brass at their ends. A second vane, similar to the first, is supplied. Each has a circular shape, of diameter 5 in. The inlaid diamond has diagonals 5 in. and 2 in., the longer bisecting the vane horizontally. Pins and a metal spring fixed to the back of the vane keep it in position on the rod.",,,"[{'name': 'T. H. Court', 'role': 'lender'}]",,18th century,"['wood', 'metal', 'brass', 'dark wood', 'light wood']","['6 ft. long', '1 in. wide', 'in. deep', 'diameter 5 in.', 'diagonals 5 in.', '2 in.']","This method of levelling was superseded about 1835 by the modern one, in which the observer himself reads the staff through the telescope, an improvement rendered possible by the improved telescopes used.",,1835
96,15814,Inv. 1914-422,whole,1.0,,loaned,LEVELLING STAFF,"This is an inextensible wooden staff 10·5 ft. long, having a rectangular section 2 in. wide by 1 in. deep, and is graduated in hundredths of a foot so as to be read through the telescope by the observer himself. The face of the staff is sunk slightly below the edges to preserve the graduations from abrasion. The graduation marks consist of black horizontal bands 0·01 ft. wide at uniform intervals of 0·01 ft. apart. The 0·1-ft. bands stretch right across the staff, the remainder occupying the left portion only, save at the 0·05-ft. points, where there is an additional black mark to the right of the corresponding white band. Large black numbers, horizontally set, mark the feet, the tenths being marked by smaller black numbers set vertically. A diamond is used instead of the number “five” on the latter graduations, and a dot is placed near the “nine” to distinguish it from the “six” when the numbers are seen inverted in the field of the telescope.",,,"[{'name': 'Ordnance Survey', 'role': 'lender'}]",,,['wood'],"['10·5 ft. long', '2 in. wide', '1 in. deep']",Graduated in hundredths of a foot so as to be read through the telescope by the observer himself. The face of the staff is sunk slightly below the edges to preserve the graduations from abrasion.,,
97,1922-446,,whole,1.0,,loaned,GRADUATED RULES FOR LEVELLING RODS,"This exhibit illustrates the method of engraving wooden and invar rules for their levelling rods now adopted by Messrs. Watts. The portions to be painted black on the white surface of the rule are first gouged out to a sufficient depth and the black filled in nearly flush with the white surface; the black bands are thus rendered very durable. Two of the rules are portions of those used in the ordinary Sopwith type of staff, one showing the graduations cut and the strips gouged out, the other the finished rule, with the strips filled in and figured. The third rule is made of invar, for use in a precise levelling rod, and the bands of black at 0.02-ft. intervals are not so wide as in the other type of rod, where they are exactly 0.01 ft. wide. In the latter case the lower edges of the bands define the odd hundredths of a foot and the upper edges the even hundredths; in the invar rod, only the upper edges are used, the cross wire of the telescope being made to coincide with this edge in taking a reading. The graduations are not figured on the invar strip, but on the surrounding wood of the rod, as in the adjacent exhibit of a portion of the complete rod.",,,"[{'name': 'E. R. Watts & Son, Ltd.', 'role': 'maker'}, {'name': 'E. R. Watts & Son, Ltd.', 'role': 'lender'}, {'name': 'Sopwith', 'role': 'associated person'}]",,,"['wood', 'invar', 'brass', 'steel']","['0.02-ft. intervals', '0.01 ft. wide']","Used for routine land surveying in the late 19th century. This exhibit illustrates the method of engraving wooden and invar rules for their levelling rods. The black bands are rendered very durable by gouging out portions and filling with black. Different types of graduations and their use in reading levelling rods are explained, including specific methods for invar rods.","See 'Journal of Surveying', 1891",1922
98,1922-467,,part,1.0,,loaned,PORTION OF INVAR PRECISE LEVELLING ROD,"The lower portion of a levelling rod used in precise surveys. The invar rule is painted white and engraved with black bands at intervals of 0.02 ft., every fifth band extending over the complete width (about 2 cm.) of the rule, and the others over half its width. The rule is then screwed into a central recess in the face of the wooden rod, which has an I section for strength and lightness, and is shod with a metal shoe terminating in a flat base plate; the bottom of the invar rule is flush with this plate. The face of the wooden rod is painted white and numbered opposite the marks corresponding to intervals of 0.1 ft. on the invar rule. The numbers are in black, and are inverted so as to be seen erect in the telescope of the level; a V is used instead of 5 and an N instead of 9. At the divisions of the rule corresponding to an integral number of feet from the base plate, large red numbers are painted on the wood, and are twice repeated in smaller sized numbers on the opposite side of the face so that the observer has always one of the red numbers in the telescope field.",,,"[{'name': 'E. R. Watts & Son, Ltd.', 'role': 'maker'}, {'name': 'E. R. Watts & Son, Ltd.', 'role': 'lender'}]",,,"['invar', 'nickel-steel alloy', 'wood', 'metal']",['about 2 cm.'],"The advantages of a metal scale for levelling staves have until recently been counterbalanced by the tendency of such scales to expand when heated, and the difficulty of ascertaining their temperature in order to apply the necessary correction. The invention of “invar”—a nickel-steel alloy of negligible temperature coefficient—has now led to its employment in levelling rods used in precise surveys. In estimating the position of the cross wire with respect to the graduated scale of the rod, the nearest 0.02-ft. mark is taken and the remaining interval found either by elevating or depressing the telescope by a fine-motion screw, or by moving an optical device which causes the image of the rod to be raised or lowered in the telescope field. The position of the cross wire is thus readily found to 0.001 ft.",,
99,1893-134,,whole,1.0,,loaned,MOUNTAIN BAROMETER,"This instrument is a closed cistern mercury barometer of the type common in the late 18th and early 19th centuries; it is specially adapted for portability and thus capable of employment in measuring altitudes. When it is being transported, the mercury can be forced up so as to fill the tube completely by turning an adjusting screw, which depresses the flexible leather base of the cistern. The aperture in the wooden case, used for reading the height of the mercury and the temperature, can also be closed by a rotating brass sheath. The barometer is graduated in inches, and reads by a vernier index, operated by a rack and pinion mechanism, to 0.002 in. A thermometer, provided with Centigrade and Fahrenheit scales, is placed near the top of the instrument. A suspension ring is fixed at the top, and is covered by a ferrule when the instrument is being carried. A screw cap at the bottom likewise serves to enclose the adjusting screw which operates on the cistern. The wooden case which encloses the lower part of the tube is graduated in inches, so that the instrument can serve as a rough measuring rod.",,,"[{'name': 'West', 'role': 'maker'}, {'name': 'G. J. Symons, F.R.S.', 'role': 'lender'}]",,late 18th and early 19th centuries,"['mercury', 'leather', 'brass', 'wooden', 'steel']",['0.002 in.'],"Specially adapted for portability and thus capable of employment in measuring altitudes. The wooden case which encloses the lower part of the tube is graduated in inches, so that the instrument can serve as a rough measuring rod.",,
100,1893-133,,whole,1.0,,loaned,MOUNTAIN BAROMETER,A brass surveying compass with,,,"[{'name': 'Dollond', 'role': 'maker'}, {'name': 'G. J. Symons, F.R.S.', 'role': 'lender'}]",,,"['brass', 'glass', 'steel']","['graduated in inches', 'read to 0·002 in.']","This resembles the adjacent instrument, made by West, in its general character- istics of compactness and portability, but differs in the arrangement of the cistern. This is of the usual flexible base type, but has a supplementary syphon tube, connected to the cistern by a narrow neck, which can be closed by means of a cock. When the instrument is being used, the cock is opened, and the mercury allowed to attain a fixed height in the syphon tube. This is the zero of the barometer tube scale. For transporting the barometer, the mercury is withdrawn from the syphon tube and the cock closed, after which the flexible base of the cistern is de- pressed by means of the adjusting screw until the mercury completely fills the barometer tube. The barometer tube is graduated in inches, and read to 0·002 in. by a vernier attached to the movable index. A thermometer with Centigrade and Fahrenheit scales is fixed near the top. The window for reading this and the barometer can be closed by means of a rotating brass shutter, and a similar shutter at the bottom of the instrument serves to protect the cistern and syphon tube when required.",,1893
101,1907-65,Inv. 1907-65,whole,1.0,,,MOUNTAIN BAROMETER,"The Gay-Lussac syphon-tube mercury barometer, in which both the long and short tubes are closed completely at the end, but a small aperture in the side of the short tube permits the air to enter whilst preventing the mercury escaping, was essentially a portable instrument, and was, therefore, often used for measuring altitudes prior to the invention of the aneroid. The instrument exhibited is of this type. The barometer tube is enclosed in a brass case, at the ends of which are cork cushions. Scales graduated directly to 0·02 in. and read by movable verniers to 0·001 in. are engraved upon the case opposite the ends of the mercury. Each vernier has an index which can be set level with the top of the mercury column. The difference between the two readings then gives the height of the barometer. A thermometer, with Centigrade and Fahrenheit graduations, is fixed near the centre of the tube. This instrument is attached by brackets to a wooden stand, and can be set accurately vertical by means of three screws threaded in the lower bracket with their ends pressing against the case of the barometer. For mountain barometers a tripod stand was usually provided.",,,"[{'name': 'Troughton & Simms', 'role': 'maker'}]",,c. 1840,"['brass', 'cork', 'glass', 'wood', 'mercury']","['0·02 in.', '0·001 in.']",A portable instrument often used for measuring altitudes prior to the invention of the aneroid. Scales are engraved to read differences in height of the barometer.,,1907
102,1893-119,Inv. 1893-119,whole,1.0,,loaned,ANEROID BAROMETER,A brass surveying compass with,,,"[{'name': 'W. F. Stanley', 'role': 'maker'}, {'name': 'W. F. Stanley', 'role': 'lender'}]",,c. 1890,"['brass', 'glass', 'aluminium']","['4,000 ft. up to', '32 in. in the mercury barometer', '3·5 in. diam.']","This instrument was made about 1890, for the use of surveyors in measuring altitudes up to 4,000 ft. The zero mark of the altitude scale corresponds to a height of 32 in. in the mercury barometer. The altitude scale has a diam. of 3·5 in., and is graduated every 10 ft., single feet being estimated. The movable glass cover carries an index mark, which is set to the last height read, and a small lens for facilitating reading. The altitude scale is slightly raised on a step so that its inside graduated edge is flush with an aluminium plate fixed to the tip of the hand and provided with a mark. By this arrangement errors due to parallax are avoided. The instrument is compensated for temperature variations.",,1893
103,1907-67,Inv. 1907-67,whole,1.0,,,WATKIN ANEROID BAROMETER,"In aneroid barometers many attempts have been made to provide scales suitable for a very extended range of altitudes. This instrument shows the three concentric circular scale arrangement devised by Major H. S. S. Watkin, by which altitudes from zero to 10,860 ft. can be measured. The zero graduation corresponds to a height of 31 in. in the mercury barometer. Altitudes from zero to 3,440 ft. are marked at 20 ft. intervals on the outermost scale, which has a diameter of 3·6 in. The middle scale, of diam. 2·9 in., records altitudes from 3,440 ft. to 6,860 ft., whilst the innermost scale, of diam. 2·2 in., completes the range to 10,860 ft., every 20 ft. being marked on each scale. The corresponding mercury barometer scales are marked at 0·02 in. intervals from 31 in. to 20 in. To show which scale should be used, an indicator exhibits the number 1, 2 or 3, corresponding to the outer, middle and inner scales respectively. The number indicated is marked upon a plate worked by the mechanism, and is automatically altered when the barometer hand reaches the end of the scale concerned. The breaks in the circles are indicated by black bars. The revolving glass cover carries an index hand, which can be set to the last reading taken. The instrument is compensated for temperature variations.",,,"[{'name': 'J. Hicks', 'role': 'maker'}, {'name': 'Major H. S. S. Watkin', 'role': 'designer'}]",,,"['brass', 'glass']","['3·6 in. diameter', '2·9 in. diam.', '2·2 in. diam.']","Aneroid barometer with a three concentric circular scale arrangement devised for measuring altitudes from zero to 10,860 ft. It compensates for temperature variations.","British Patent Specification, No. 14730, of 1886",1886
104,1914-735,,whole,1.0,,donated,THERMOMETRICAL BAROMETER,"A new “thermometrical barometer” of the type here exhibited was invented by Wollaston and described by him before the Royal Society in 1817. The one exhibited was made before 1821. It is essentially a very sensitive “boiling-point” thermometer, whereby the temperature at which water boils may be found to within a thousandth of a degree Fahrenheit, and the altitude of the place determined accordingly. The bulb of the thermometer is spherical and has a diameter of about an inch. The tube has a length of 30 in. and a very fine bore, so that one degree Fahrenheit corresponds to a movement of the mercury in the tube of 4 in. This is measured by means of a brass scale fixed on the face of the rod which supports the tube. The scale is graduated to read 0·02° F. directly, and 0·002° F. by means of a movable vernier. The rod carries a double walled tin cylinder surrounding the bulb of the thermometer. The cylinder can be detached and partly filled with water, which is then boiled by means of a spirit lamp so that the steam surrounds the bulb of the thermometer. Along the side of the rod is attached a strip of paper on which is marked a scale of corrections to be applied to the temperature scale, owing probably to inequalities in the diameter of the bore of the tube.",,,"[{'name': 'Francis J. Hyde Wollaston', 'role': 'maker'}, {'name': 'Rev. T. P. W. Worswick', 'role': 'donor'}, {'name': 'Wollaston', 'role': 'inventor'}]",,before 1821,"['brass', 'tin', 'glass', 'paper']","['diameter of about an inch', 'length of 30 in.', 'movement of the mercury in the tube of 4 in.']","Used to determine the temperature at which water boils to within a thousandth of a degree Fahrenheit, and subsequently the altitude of the place.  The scale is graduated to read 0·02° F. directly, and 0·002° F. by means of a movable vernier. A scale of corrections is applied to the temperature scale, owing probably to inequalities in the diameter of the bore of the tube.","Phil. Trans., 1817, No. XIII and 1820",1817
105,,Inv. 1893-149,whole,1.0,,lent,HYPSOMETER,"A hypsometer for determining altitudes by means of the boiling point of water. The example shown is of the “pocket” type much used by Alpine travellers. Its thermometer is graduated from 180° to 215° F. by 0·02°. The apparatus consists of a brass water container and steam jacket, in which the thermometer is suspended and which is fixed above a small spirit lamp for boiling the water. A brass case surrounds the lamp, which is further screened from wind by means of a black japanned tin box, provided with air holes covered by wire gauze. The thermometer is suspended with its bulb inside an inner tube connected to the boiler. An outer telescopic tube surrounds this and serves to support the thermometer in addition to forming a steam jacket enclosing the mercury as much as possible. The steam escapes by a hole in the top of this outer tube. In improved hypsometers it is made to retrace its path downwards and escape at the bottom of the steam jacket.",,,"[{'name': 'L. Casella', 'role': 'maker'}, {'name': 'L. Casella', 'role': 'lender'}]",,,"['brass', 'spirit lamp', 'tin', 'wire gauze', 'mercury']","['180° to 215° F', '0·02°']","Although not so accurate as a standard barometer, a hypsometer for determining altitudes by means of the boiling point of water is more convenient for rapid surveys in mountainous districts. With this apparatus altitudes are determined by means of specially prepared tables provided with the instrument, giving the heights above sea level corresponding to a particular temperature at which water boils, and also corrections to be made for latitude, mean temperature of the air, and decrease of gravity with increase of elevation.","See 'Journal of Surveying', 1891",1893
106,1923-395,S.M. 1828,whole,1.0,,,ROMAN GROMA (REPRODUCTION),"A reproduction of a Roman groma. The original instrument consisted of a cross, composed of two equal perpendicular arms intersecting at their centres, mounted upon a supporting staff (ferramentum), upon which the cross could revolve in azimuth: from the ends of the cross were suspended four plummets, through which sights were taken by the surveyor. This reconstruction comprises all the foregoing portions, with the additional modification that the cross is not supported directly upon the staff, but is pivoted upon the outer end of a curved bracket, which is in turn mounted rotatably upon the head of the staff. This arrangement enables the centre of the cross to be set above the mark on a boundary stone, whilst the staff is driven into the ground beside the stone; also, sights could be taken through opposite, not adjacent, plumb lines without interference from the staff. The wooden staff, which is nearly 2 metres long, terminates at its lower end in a fluted iron shoe, and is encircled at its upper extremity by a brass collar, along its upper and lower faces by curved brass strips, and terminating at the staff end in a brass collar and at the cross end in a brass pivot upon which the curved bracket is mounted. The cross has a brass centre, and four tapered wooden arms, completely enclosed in thin iron sheeting and reinforced at their intersection by brass angle brackets. The bronze plummets are suspended through holes in the arms at distances of 45 cm. from the centre of the cross. Each plummet resembles its opposite in size and shape but differs from the neighbouring ones. The actual portions discovered included all the metal parts, with a few traces of wood fibres embedded therein. The total height of the instrument is alone considered problematical.",,,"[{'name': 'Cav. M. Della Corte', 'role': 'excavator'}, {'name': 'Dr. Della Corte', 'role': 'reconstructor'}]",Museum,,"['brass', 'wood', 'iron', 'bronze']","['nearly 2 metres long (wooden staff)', '23.4 cm (horizontal distance between the cross and bracket pivot centres)', '45 cm (from the centre of the cross to the holes in the arms for plummets)']","A reproduction of a Roman groma, an instrument used for surveying. The reconstruction was based on fragments discovered in Pompeii and measurements and drawings provided by Dr. Della Corte. The description details modifications made to the reconstructed instrument for improved usability.","M. Della Corte's article ""Groma,"" in Monumenti Antichi, Accademia dei Lincei, Vol. XXVIII, 1922.",1922
107,1889-22,,whole,1.0,,,CROSS STAFF,"This instrument consists of a hollow brass sphere of 2½ in. diam., with vertical great circle sighting slits cut every 45° in its surface. A socket fixed to the sphere serves to connect it to a stand.",,,"[{'name': 'Baldantoni', 'role': 'maker'}]",Ancona,towards the end of the 17th century,['brass'],['2½ in. diam.'],It is used like the ordinary sight-rule cross staff for setting off angles of any multiple of 45°.,,17th century
108,1921-81,,whole,1.0,,,CROSS STAFF,"A brass surveying instrument with two 6-in. brass sight rules fixed accurately at right angles to each other and a central screw thread for attaching it to a stand. Backsights and foresights can be taken through either rule, every vertical arm having both a slit backsight and a wire foresight.",,,"[{'name': 'Dollond', 'role': 'maker'}]",,late 18th or early 19th century,['brass'],['6-in. brass sight rules'],"This type of instrument is mostly used in detail chain and offset surveying, for setting the offset rod at right angles to the chain.",,
109,1917-22,,whole,1.0,,donated,OPTICAL SQUARE,"This instrument has two mirrors fixed to the base of a cylindrical brass box, with their planes at an angle of 45° to each other. One mirror is half unsilvered for direct vision, the other half and the whole of the second mirror being silvered, to reflect rays from objects at right angles to the line of vision. A circular aperture and rectangular windows are pierced in the side of the box opposite the mirrors.",,,"[{'name': 'T. H. Court', 'role': 'presenter'}]",,near the end of the 18th century,"['brass', 'mirrors', 'glass']",[],Used to reflect rays from objects at right angles to the line of vision.,,1917
110,,Inv. 1911-152,whole,1.0,,donated,OPTICAL OPPOSITE,"In this instrument, two right-angled reflecting prisms are mounted one upon the other, with their reflecting faces perpendicular. In using the instrument the observer takes off the cap and screws it beneath the base to serve as a handgrip. Looking at the common face of the two prisms, he views objects on his left hand through the lower prism, and those on his right through the upper. Two objects which appear in the same vertical line will be at opposite ends of a line through the instrument, perpendicular to the direction of sight.",,,"[{'name': 'Adie', 'role': 'maker'}, {'name': 'T. H. Court, Esq.', 'role': 'donor'}]",London,middle of the 19th century,[],[],"Used to view objects on the left and right simultaneously, with two objects appearing in the same vertical line indicating they are at opposite ends of a line through the instrument.",,
111,1911-154,,whole,1.0,,donated,OPTICAL OPPOSITE AND SQUARE,"In this instrument, made probably towards the end of the 18th century, three pairs of mirrors are mounted successively in a rectangular brass box, whose sides are provided with the necessary windows. The three pairs of mirrors make angles of 22½°, 90° and 45° respectively with each other, and one mirror of each pair is left partly unsilvered for direct vision. The direct and reflected rays for each pair are thus inclined at 45°, 180° and 90° respectively.",,,"[{'name': 'Beaulieu', 'role': 'maker'}, {'name': 'T. H. Court', 'role': 'donor'}]",Brussels,towards the end of the 18th century,"['brass', 'mirrors']",[],"Optical instrument with three pairs of mirrors mounted in a brass box, used for optical reflection and squaring.",,1911
112,1876-1208,,whole,1.0,,donated,OPTICAL OPPOSITE,"An instrument by means of which an observer can place himself in the direct line between two objects. It consists of two mirrors set in small parallel sighting tubes connected by a longer perpendicular tube. The planes of the mirrors are perpendicular and one mirror is partly unsilvered. The observer views the front object directly through the unsilvered portion and the rear object by double reflection at the two silvered surfaces. When the images coincide, he is in the direct line between the two objects. The sighting tubes are closed by glass windows where necessary.",,,"[{'name': 'The Admiralty', 'role': 'presenter'}]",,,"['mirrors', 'glass']",[],"An instrument that allows an observer to align themselves with two objects by using mirrors. The observer sees the front object directly and the rear object via reflection. When the two images align, the observer is positioned in the direct line between the two objects.",,
113,1889-21,,whole,1.0,,,TELESCOPIC PLANE TABLE ALIDADE,"The application of the telescope and vertical arc to the alidade of a plane table took place about the same time as the corresponding addition to the theodolite. In this exhibit, made in the late 17th century, a vertical pillar fixed perpendicularly to the alidade carries the vertical semicircle and attached telescope, which can rotate about a horizontal axis in the top of the pillar. A vernier fixed to the pillar records the altitude angle of the line of sight. The alidade is 2 ft. 4 in. long by 1½ in. wide and has one edge bevelled. Over this edge, at the two extremities of the rule, are attached two plain sights, a slit backsight and a vertical wire foresight. A few inches in front of the backsight is the vertical pillar carrying the telescope axis. By means of its milled edge and a wormwheel, the socket of this pillar can be slightly rotated in azimuth, and carries the telescope with it. This serves to adjust the line of sight parallel to the bevelled edge of the rule. The semicircle has a diameter of 5 in. and is graduated in degrees up to 50° of elevation or depression. Its edge is milled and gears with a wormwheel attached to the pillar. The telescope rests in semicircular collars fixed to the diameter of the semi-circle, and is kept in place by hinged straps and screws. It has a rack-focussing objective lens of ¾ in. aperture and a fixed eyepiece tube containing a compound field lens and eyepiece with a fixed cross wire diaphragm between the two lenses of the eyepiece. A spirit level is mounted upon the telescope parallel to its axis. The vernier attached to the pillar is slightly adjustable by means of a slide and lever, and reads the vertical arc to 3 minutes.",,,"[{'name': 'A. Baldantoni', 'role': 'maker'}]",Ancona,late 17th century,"['brass', 'glass', 'steel']","['2 ft. 4 in. long', '1½ in. wide', '5 in. diameter', '¾ in. aperture']","Used for surveying, specifically for measuring angles of elevation or depression and adjusting the line of sight.",,
114,1917-106,,whole,1.0,,loaned,PLANE TABLE AND ALIDADE,"An early 19th century outfit comprising plane table, tripod and brass alidade. The table, which is 17 in. by 15 in. can be rotated and levelled independently of the tripod. The alidade is nearly 2 ft. long and has a detachable combined back and foresight at each extremity, the slits and wires being vertically above the bevelled edge of the ruler. Various useful scales of length are engraved upon the alidade, and the rectangular boxwood frame forming the edge of the table is graduated on both faces in half degrees and tenth-inches. This frame is detachable and serves to clamp the paper to the table. Three centres corresponding to the half-degree graduations are marked on the table proper, by which means it can be used also as a theodolite. There is a dovetailed recess beneath the table for supporting a compass box (missing in the instrument exhibited) to orient the instrument, and a small spirit level is used to level the table. The brass piece connecting the table to the tripod has a conical axis and socket, and a spherical ball and socket joint for orienting and levelling the table independently of the tripod. The latter has a brass tripod head and circular tapering legs, 4 ft. long, jointed in the middle, and fitted with brass shoes at the extremities.",,,"[{'name': 'W. & S. Jones', 'role': 'maker'}, {'name': 'T. H. Court, Esq.', 'role': 'lender'}]",,early 19th century,"['brass', 'boxwood']","['17 in by 15 in', 'nearly 2 ft. long', '4 ft. long']",Can be used also as a theodolite. The compass box is missing in the instrument exhibited.,,
115,1899-52,,whole,1.0,,,PLANE TABLE OUTFIT,"A small outfit of modern construction suitable for rough reconnaissance and engineering surveys. The table is 17 in. by 14 in. and has its under edges removable for inserting and clamping the drawing paper. The boxwood ruler is 12 in. long and has folding metal sights at each extremity. The back of the table has a brass plate, recessed to receive the knob of the bolt clamping it to the tripod. A small circular spirit level is used to level the table, the slope of the tripod legs being changed to effect this. A small trough compass with a 3-in. needle is provided for orienting the table. The bevelled edges of the alidade are divided in scales of 6 and 8 inches to the mile, to read 10 yd. on each scale. The sights consist of a slit backsight and strip foresight, each vertically above the centre line of the alidade.",,,"[{'name': 'T. Cooke & Sons', 'role': 'maker'}]",,,"['brass', 'boxwood', 'metal', 'glass']","['17 in. by 14 in.', '12 in. long', '3-in. needle']",Suitable for rough reconnaissance and engineering surveys.,,1899
116,1914-742,,whole,1.0,,,JOHNSON PLANE TABLE OUTFIT,"A type of modern plane table outfit with telescopic alidade, suitable for topographical surveys of a comparatively high degree of precision, is here exhibited. Similar outfits have been extensively employed by the topographers of the U.S. Geological Survey. The table is 30 in. by 24 in., and is carefully made in sections to preserve its shape. Brass screw pins fitting into sockets at the corners and middle of the sides are used for fastening the drawing paper to the table, which is slightly recessed at these points to allow the heads of the pins to be flush with the upper surface of the board and thus permit the alidade to slide freely over the pins. The board is connected to the tripod by means of a Johnson quick-levelling socket, which permits it to be easily levelled and rotated in azimuth independently of the tripod. Two butterfly nuts control these movements of levelling and rotation, and, when tightened, clamp the table rigidly to the tripod. This latter has three split legs, 4 ft. long, attached by bolts to the metal tripod head and terminating in metal shoes. Any point on the sketch can be set vertically above the corresponding station point, after the instrument is levelled, by means of the wooden plumbing arm which consists of two pieces so jointed and marked at the joint that, when the upper piece is set flat on the table, with its point over the point on the sketch, and the joint clamped with its two marks coincident, the metal hook at the end of the second arm lies vertically beneath the point. The plumb-bob is suspended from this hook and the table moved until it lies over the station point. A flat 4-in. square metal plate, upon which are mounted two mutually perpendicular spirit levels and a central compass box with a 3-in. needle and ring divided in degrees, is used for levelling and orienting the table. The alidade consists of a flat brass ruler 20 in. long by 4 in. wide, having one edge bevelled and a central pillar projecting vertically from its upper face and supporting the telescope and attached vertical circle, and the fixed vernier for reading this latter. The vertical circle has a diameter of 4.5 in., and is divided on silver to half degrees, read by the vernier to single minutes. It is fixed with the telescope to the horizontal axis, which can rotate within a socket fixed to the vertical pillar. A tangent clamp and slow motion screw is fitted to this axis and connected to the vernier. The telescope is of the pattern usually fixed to 5-in. transit theodolites. It has a rack-focussing objective lens of 1.2 in. aperture and 8 in. focal length, and a rack-focussing eyepiece magnifying 20 diameters. The fixed diaphragm has two horizontal stadia wires as well as the usual cross wires.",,,"[{'name': 'W. & L. E. Gurley', 'role': 'maker'}]",,,"['brass', 'metal', 'wood', 'silver']","['30 in. by 24 in.', '4 ft. long', '4-in. square', '3-in. needle', '20 in. long by 4 in. wide', '4.5 in. diameter', '5-in.', '1.2 in. aperture', '8 in. focal length']","A type of modern plane table outfit with telescopic alidade, suitable for topographical surveys of a comparatively high degree of precision. Similar outfits have been extensively employed by the topographers of the U.S. Geological Survey.",U.S. Geological Survey,
117,1876-1200,,whole,1.0,,,JÄHNS'S POLYMETER,"The “Vielmesser” or Polymeter, invented by R. Jähns in 1873, is an early example of a plane table alidade adapted to measure the distance, altitude, and azimuth of a point simultaneously. It is mounted upon a horizontal plane table, and used in conjunction with a tacheometric staff of constant interval, set vertically at the distant station.",,,"[{'name': 'Schmidt & Hansch', 'role': 'maker'}, {'name': 'R. Jähns', 'role': 'inventor'}]",Berlin,1873,,,"An early example of a plane table alidade adapted to measure the distance, altitude, and azimuth of a point simultaneously. Used in conjunction with a tacheometric staff.",,
118,1880-198,,whole,1.0,,,EARLY COMPASS,A square brass plate with an engraved circle graduated in degrees over which moves an index arm carrying a small compass box.,,,[],,17th century,['brass'],[],Probably used for plotting the bearings of objects taken with a circumferentor.,,
119,1912-243,Inv. 1912-243,whole,1.0,,donated,AZIMUTH COMPASS,A brass surveying compass with,,,"[{'name': 'Dollond', 'role': 'maker'}, {'name': 'T. H. Court, Esq.', 'role': 'donor'}]",,c. 1770,"['brass', 'glass', 'wood']","['4¼ in. diameter', '6¼ in. apart']","This instrument is typical of the surveyor's compass previous to the invention of Kater's mirror compass or Schmalkalder's prismatic compass. Here the position of the needle upon the graduated compass ring, which is fixed, cannot be read at the same time as the object is viewed through the sights. Consequently it is necessary to use a stand to support the compass, and a socket is attached to the base of the wooden case for this purpose. The fixed compass ring is graduated in degrees continuously from 0° to 360° in a counter-clockwise direction. The slit backsight and wire foresight are fixed to the compass box at the 0° and 180° respectively. When the object is sighted, the reading of the S. end of the needle upon the graduated ring gives the correct magnetic bearing. These latter can be folded down upon the face of the compass for transport, and a recess is provided in the lid of the wooden case for their reception. This lid, on being closed, depresses a pin which lifts the needle from its pivot and clamps it against the glass cover.",,
120,,Inv. 1909-140,whole,1.0,,,AZIMUTH COMPASS,"This compass, probably made about the end of the 18th century, differs only in minor details from the adjacent one made by Dollond. It has a 3½ in. compass ring graduated in degrees, mounted in a brass case to which sights can be fitted, and which has a threaded socket for attaching the instrument to a stand when taking bearings. The graduations are numbered every 10° in quadrants, with the 0° at the N. and S. points. Opposite these points are sliding sockets in the outer case. The two sights, each having a slit and a wire for use as backsight and foresight respectively, are mounted in these sockets when in use, or fitted within the lid of the compass case for transport. The sights are 3 in. long. The compass needle is provided with a lifting lever actuated by a pin which is depressed when the lid is fitted on the case, but has no clamping arrangement.",,,"[{'name': 'Adams', 'role': 'maker'}, {'name': 'Dollond', 'role': 'associated person'}]",,about the end of the 18th century,['brass'],"['3½ in. compass ring', '3 in. long']",Used for taking bearings.,,
121,962,1916-6,whole,1.0,,loaned,MIRROR AZIMUTH COMPASS,"The mirror attachment to the eye lens here shown was invented by Capt. Kater at the beginning of the 19th century, and enables the observer to view the graduations of the horizontal compass ring at the same time as he takes a sight. The compass ring is fixed to the rotating needle and is so graduated in half-degrees consecutively from 0° to 360° that correct bearings are read off immediately. The usual slit backsight and wire foresight are fixed to the compass box at a distance apart of 5 in. A small pin fixed in the case vertically beneath the backsight serves as fiducial mark, and its position on the graduated scale is seen through the mirror very clearly when the instrument is held about one foot away from the eye. The foresight can be folded down upon the top of the case, and the compass card and needle are thereby automatically lifted from the pivot and clamped.",,,"[{'name': 'Thos. Jones', 'role': 'maker'}, {'name': 'Capt. Kater', 'role': 'inventor'}, {'name': 'W. Shackleton, Esq., F.R.A.S.', 'role': 'lender'}]",,beginning of the 19th century,"['brass', 'glass', 'steel']","['4½ in. diameter', '5 in. apart']","Enables the observer to view the graduations of the horizontal compass ring at the same time as he takes a sight. The compass ring is fixed to the rotating needle and is so graduated in half-degrees consecutively from 0° to 360° that correct bearings are read off immediately. The foresight can be folded down upon the top of the case, and the compass card and needle are thereby automatically lifted from the pivot and clamped.",S.M. 962. L.S.,
122,1905-155,,whole,1.0,,,PRISMATIC COMPASS,"The reflecting mirror used by Captain Kater for viewing the graduated compass ring was superseded in 1812 by the application of Schmalkalder's prismatic eyepiece to the compass. By this means the observer can read the bearing and sight the object simultaneously, and can thus dispense with a stand for the instrument. The compass card is 2½ in. in diameter, and is fixed to the magnetic needle. It is graduated in consecutive half-degrees from 0° to 360° in a clockwise direction, the N. end of the needle being under the 180° mark. The diagonal prism is attached to the plate which has a slit serving as backsight, and is ground convex on one perpendicular face so as to magnify the image of the graduated card seen by reflection at its inclined face, which is silvered. This backsight plate is jointed to the compass box, and can be folded down when the instrument is not in use. The foresight consists of a vertical wire fixed in a frame diametrically opposite the back-sight, and similarly jointed to the base so as to fold down when not in use. Mirrors and coloured glasses are attached to the sights for taking bearing upon the sun and other celestial objects. A lever is provided for lifting the needle from its pivot and locking the compass card when desired, and there is a steadying pin underneath the foresight for damping the oscillations of the card.",,,"[{'name': 'Schmalkalder', 'role': 'maker'}, {'name': 'Captain Kater', 'role': 'associated person'}]",,early part of the 19th century,"['brass', 'glass', 'steel', 'silvered']",['2½ in. in diameter'],For this reason the prismatic compass has come into general use for rapid reconnaissance surveys.,,1905
123,1911-180,,whole,1.0,,,TELESCOPIC PRISMATIC COMPASS,"This instrument, constructed in the early part of the 19th century, is essentially a combined theodolite and prismatic compass. The telescopic alidade, which carries the prismatic eyepiece and a vernier underneath this, can be rotated about the vertical axis independently of the compass box, the instrument thus acting as a theodolite—or can be rotated together with the compass ring, in which case it fulfills the functions of a prismatic compass. The compass ring is graduated directly to 20' in a clockwise direction and is read by vernier to single minutes. The instrument is attached to a stand by means of a ball and socket arrangement, and can be levelled independently of the stand by four screws which engage in threads in the socket and press against the vertical axis. There is also a tangent clamp and slow motion screw for rotating the whole instrument in azimuth, whilst a circular rack and pinion inside the compass box serves to rotate the alidade independently. This is actuated by the screw projecting beneath the compass. The telescope carries a small spirit level, and is screwed at the eyepiece end to a brass plate hinged to a sliding piece, whilst it rests at the objective end in a Y-piece fixed to another sliding piece. These two sliding pieces terminate at their lower ends in screws, which work in threaded plates screwed to the compass box. Thus the telescope can be elevated at either end with respect to the compass box and can be adjusted so as to be horizontal. It is focussed by sliding the objective lens.",,,"[{'name': 'Schmalcalder', 'role': 'maker'}]",,early part of the 19th century,['brass'],[],Combined theodolite and prismatic compass. Used for surveying.,,
124,1917-78,,whole,1.0,,,PRISMATIC COMPASS AND CLINOMETER,"The quadrant attached to this instrument, which is in other respects similar to the Schmalcalder prismatic compass, enables it to be used for measuring altitudes as well as taking magnetic bearings. The quadrant has separate sights and a small spirit level fixed to a movable radial arm. A mark engraved on the outer end of this arm registers the altitude upon the graduated arc of the quadrant when the arm is horizontal and the sights are directed upon the distant object. A small spirit level is fixed to the bottom of the case inside and serves to set the compass horizontal. The altitude quadrant has a radius of 2 in. and is attached to the wire foresight of the compass. It is graduated in degrees from 0° to 90°, the radius corresponding to the former being parallel to the compass plane, and carrying the supplementary sights, a pin-hole back-sight and a cross-wire foresight, for determining altitudes. Mirrors and coloured glasses are attached to the two compass sights for taking bearings on high objects such as the sun.",,,"[{'name': 'Cary', 'role': 'maker'}]",,,"['brass', 'glass']","['2½ in. in diam.', '2 in. radius']",Enables measurement of altitudes as well as taking magnetic bearings. Used for measuring altitudes and taking magnetic bearings.,,
125,1872-79,,whole,1.0,,,PRISMATIC COMPASS,"In this instrument, constructed about the middle of the 19th century, the method of lifting and locking the compass card is similar to that employed by Schmalcalder. The card is graduated in degrees, in two sets numbered consecutively in the clockwise sense from 0° to 180°. There are no mirrors or coloured glasses for celestial observations.",,,"[{'name': 'Chamberlain', 'role': 'maker'}, {'name': 'Schmalcalder', 'role': 'associated person'}]",,c. 1850,[],['2½ in diameter'],The diameter of the compass ring is 2½ in. and it can be read by estimation to the nearest 10'.,,1872
126,1865-7,,whole,1.0,,loaned,PRISMATIC COMPASS,"This instrument, which was made about the middle of the 19th century, differs very little from those made by Schmalcalder about 30 years previously. The compass card is not graduated continuously from 0° to 360°, but in two sets of 180°, both in the clockwise sense. It reads directly to half-degrees, and by estimation to 10'. The compass card is lifted and clamped by folding down the foresight. The usual mirror and coloured glasses are provided for observing celestial objects. The eye prism is adjustable for focussing, and there is a steadying pin under the foresight for damping the oscillations of the compass needle.",,,"[{'name': 'F. Newton & Co.', 'role': 'lender'}, {'name': 'Schmalcalder', 'role': 'comparison maker'}]",,c. 1850,"['mirror', 'coloured glasses']",['3 3/4 in. diameter'],"Used for surveying. The compass card is not graduated continuously from 0° to 360°, but in two sets of 180°, both in the clockwise sense. It reads directly to half-degrees, and by estimation to 10'. The compass card is lifted and clamped by folding down the foresight. The eye prism is adjustable for focussing, and there is a steadying pin under the foresight for damping the oscillations of the compass needle.",,1865
127,1911-157,,whole,1.0,,donated,PRISMATIC COMPASS,"Except for the arrangement to lift and lock the compass card, this instrument differs very little from those made by Schmalcalder nearly a century previously. The compass card, prismatic eyepiece, steadying pin, etc., remain the same, but the eyepiece is here arranged so that the eye must be nearer the slit for focussing than in Schmalcalder's instruments, whilst the folding down of the foresight upon the compass automatically lifts and clamps the card. The card is graduated in half-degrees in the usual clockwise sense. Both the sights can be folded down, and the prismatic eyepiece can be adjusted for focussing the gradua-tions. There are the usual mirrors and coloured glasses for taking bearings of celestial objects. A socket is rigidly fixed to the base of the compass box for attaching it to a stand. When the compass is so mounted, bearings can be taken to within 15', and estimated to the nearest 5'.",,,"[{'name': 'Cary, Porter, Ltd.', 'role': 'maker'}, {'name': 'Admiralty', 'role': 'donor'}]",,c. 1890,"['brass', 'glass']",['5 in. in diameter'],Used for taking bearings of celestial objects. Allows for precise bearing readings when mounted on a stand.,,1911
128,1922-41,,whole,1.0,,,PRISMATIC COMPASS (Mark VIII),"A modern type of compass specially designed for rough surveying and for night marching upon a given bearing, previously set off on the edge of the compass. It has a hair foresight upon the hinged lid, and a slit backsight upon the hinged mounting carrying the prismatic reader. Various marks in luminous paint upon the lid, cover plate and dial of the compass are used in night marching. The compass has a spring damping pin for checking the oscillations of the dial as well as a lifting pin for locking it when not in use. The luminous marks on the lid are at the extremities of the hair foresight. The glass cover plate of the compass box also has a luminous mark and can be independently rotated so as to set this mark at any angle to the sight line. The angle so set is measured by means of an index mark on the cover in conjunction with the graduated edge of the compass box. This is set to the bearing upon which it is desired to march, and the cover plate locked by means of a spring catch which engages in the milled edge of the plate. The dial of the compass, which is fixed to the magnetic needle and pivoted so as to rotate freely, has a luminous arrow marked above the north pole of the magnet. When the compass is turned until the luminous mark on the cover plate lies above the luminous arrow on the dial, the luminous marks at the extremity of the hair line on the lid point in the direction it is desired to march. For surveying purposes the compass dial is graduated in degrees round its edge, the numbers being inverted so as to appear upright when seen through the prism, and so arranged that the correct bearing of the line of sight is read directly through the prism. There is a supplementary set of numbered graduations every 5° for direct reading without using the prism. A ring is hinged to the box to steady it when taking bearings, and a lever on the lid automatically actuates the lifting pin when the lid is closed.",,,[],,,"['brass', 'glass', 'luminous paint', 'steel']",['2 in. diameter'],"Specially designed for rough surveying and for night marching upon a given bearing. Used for setting off bearings, checking oscillations of the dial, and locking it when not in use. Luminous marks facilitate night marching. Dial is graduated in degrees for direct reading of bearing. Supplementary graduations allow reading without a prism. A hinged ring steadies the compass when taking bearings. A lever actuates the lifting pin when the lid is closed.",,1922
129,1922-44,Inv. 1922-44,whole,1.0,,,LIQUID PRISMATIC COMPASS,"This instrument combines the advantages of prismatic reading with the rapid and accurate setting afforded by nearly floating the compass card in a liquid, which reduces the friction of the pivot and rapidly damps the motion of the card. The dial can be illuminated for night reading by means of an electric bulb fixed beneath the transparent base of the compass box. A socket attached to the base enables the compass to be mounted upon the tripod exhibited with it. The compass card has a diameter of 2·5 in. and is graduated in degrees, read by an internal index point mounted beneath the centre of the prismatic reader. The card carries two cylindrical magnetic needles fixed below it with their axes parallel, and has a central buoyant chamber resting upon the pivot. The card, needles and pivot are enclosed in a watertight chamber filled with a mixture of water and alcohol, which has a low freezing point. The card just rests upon the pivot, without pressing much on it, so that there is little frictional resistance to its rotation, and its motion is nearly ""critically damped"" by the liquid so that it takes up its new setting after rotation within a few seconds. The prismatic reader has a V-shaped backsight used with the long foresight bracket upon which is a travelling foresight. Owing to the freedom of the needle from vibration, the reading can be taken to the nearest fifth degree. The electric bulb serving to illuminate the dial for night reading is operated by a plug switch and a battery of two small cells, carried in the leather case used for transporting the compass.",,,"[{'name': 'Kelvin, Bottomley & Baird, Ltd.', 'role': 'maker'}]",,,"['brass', 'glass', 'steel', 'alcohol', 'water']",['2.5 in diameter'],"Combines prismatic reading with rapid and accurate setting by floating the compass card in liquid to reduce pivot friction and damp card motion. The dial can be illuminated for night reading. The compass can be mounted on a tripod. The card is graduated in degrees. The card has two cylindrical magnetic needles and a central buoyant chamber. The card, needles, and pivot are enclosed in a watertight chamber filled with a water and alcohol mixture. The card rests lightly on the pivot, minimizing frictional resistance and allowing rapid setting. The prismatic reader has a V-shaped backsight. Readings can be taken to the nearest fifth degree due to the needle's freedom from vibration. The electric bulb for illumination is operated by a plug switch and battery, carried in a leather case.",,
130,1916-64,,whole,1.0,,loaned,BURNIER'S COMBINED COMPASS AND CLINOMETER,"In this type of military compass, invented by Capt. Burnier about 1850, the graduated edge of the compass ring, which is fixed to the needle and rotates with it, is perpendicular to the plane of the needle. The bearing of the sighting thread can therefore be viewed at the same time as a sight is taken. A weighted disc is mounted parallel to the compass ring, and has a similar graduated edge. On clamping the compass ring and bringing the planes of both rings vertical, the disc is unclamped and serves as a clinometer. Either ring is viewed through a cylindrical eye lens, which closes the brass case and is about 2 cm. distant from the graduated edges. A double-jointed socket attached to the base of the case permits the instrument to be rotated in a vertical or a horizontal plane upon a stick stand, and serves as a support for holding the instrument when no stand is used. The compass ring is graduated in degrees continuously from 0° to 360°, and the magnetic bearing of the object sighted is read off directly. The clinometer ring is likewise graduated in degrees, and is weighted at the 90° portion. The usual folding slit and wire sights are attached to the top of the case, and are easily viewed simultaneously with the graduated rings when the instrument is held about a foot from the eye. A wire mounted within the case near the graduated edges in the plane of these two sights serves as fiducial mark. The whole instrument is compact and serviceable, and is in general use on the Continent for military and reconnaissance surveys.",,,"[{'name': 'Bulbreck', 'role': 'maker'}, {'name': 'Capt. Burnier', 'role': 'inventor'}, {'name': 'T. H. Court, Esq.', 'role': 'lender'}]",Paris,c. 1850,['brass'],"['4 cm. diameter', '2 mm. deep', '2 cm. distant']",Used for routine land surveying in the late 19th century.,"Laussedat's ""Recherches sur les Instruments Topographiques,"" Vol. I, p. 306",1916
131,1923-414,,whole,2.0,,donated,POCKET ALTAZIMUTHS,"These two examples of Casella's ""Pocket Altazimuth,"" or combined compass and clinometer, illustrate the experimental stages of development of the instrument, which is represented in its modern form by an adjacent exhibit. Each instrument consists of two graduated aluminium rings separately mounted upon pivots along the axis of a single cylindrical metal box, which is closed by glass faces. A magnetic needle is fixed to one ring, which acts as a compass to determine azimuths, whilst the other ring is loaded at one point and serves as a plummet clinometer for measuring altitude angles. When not in use, each ring can be lifted from its pivots and clamped by means of a lever actuated by a sliding knob. In one instrument the graduated edges of the rings are read by means of two small telescopes, one for each ring, mounted on the metal box; a thin wire is stretched across the box between the telescopes and the rings and defines the index line, or line of sight. In the other instrument, a single telescope can be fitted so as to read either ring alternately, and also to sight upon a distant object. This telescope has a single objective lens and a dual eyepiece, comprising a lens for sighting on the distant object and a prism for reading the graduations upon the upper face of the compass or clinometer ring. In both instruments the rings are graduated in degrees, and a flat footing is attached to the box so that it can be placed upon any surface of which the inclination is to be measured.",,,"[{'name': 'C. F. Casella & Co., Ltd.', 'role': 'presenter'}]",,,"['brass', 'aluminium', 'glass', 'metal', 'steel']",[],Used for measuring altitude angles and determining azimuths. Illustrates experimental stages of development of a combined compass and clinometer.,,1923
132,1893-148,,whole,1.0,,,POCKET ALTAZIMUTH,"This is a compact form of combined telescopic compass and clinometer of a design embodying improvements due to Sir Francis Galton, F.R.S. Either magnetic bearings or altitude angles can be measured independently, but not simultaneously, with it. It consists of two graduated rings, separately pivoted within a cylindrical case, having glass-covered ends parallel to the planes of the two rings. One of the rings is graduated at the 32 points of the compass, and has a diametrical magnetic needle whose centre rests on the pivot. The other ring is loaded at one part of its circumference and is pivoted to the case on each side. It is graduated in degrees, numbered in quadrants, with the zero point opposite the centre of gravity of the load. Both rings have a diameter of $1rac{1}{4}$ in., the external diameter of the cylindrical case being $2rac{1}{2}$ in. The compass ring only moves when its plane is horizontal, the clinometer ring when its plane is vertical. Each ring is clamped when its plane is in use, and is read by the position of an index mark on the cylindrical case. The latter carries a telescope, whose axis is parallel to the ends of the cylinder and passes through the line of pivots of the ring. The telescope has its objective tube and eyepiece tube separately fixed to the case, the latter being partly without and partly within the case, and having a slide-focussing eyepiece. A hair line is stretched across the case just behind the objective lens. A base piece for supporting the instrument is attached to the case, with its plane base parallel to the axis of the telescope. There is also a central threaded hole in the base for fixing it to a tripod. A damping spring is provided for use with the compass ring. The complete instrument weighs only 8 oz.",,,"[{'name': 'Casella', 'role': 'maker'}, {'name': 'Sir Francis Galton', 'role': 'designer'}]",,,"['brass', 'glass', 'steel']","['$1\x0crac{1}{4}$ in. diameter', '$2\x0crac{1}{2}$ in. external diameter', '8 oz.']",This is a compact form of combined telescopic compass and clinometer. It is particularly suitable for very approximate reconnaissance surveying.,,
133,1919-416,,whole,1.0,,,TELESCOPIC COMPASS,"This is a modern example of a French type of surveying compass, with an eccentrically mounted telescope, used on the Continent on minor work. The compass is fixed in a flat, rectangular wooden box, to one side of which is attached the telescope, rotating about an axis fixed perpendicularly to this side. The whole instrument can rotate in the plane of the compass ring, which can itself be varied by means of a ball-and-socket joint.",,,[],France,,"['wood', 'brass', 'glass', 'steel']",[],Used on the Continent on minor work.,,
134,1918-124,,whole,1.0,,donated,EARLY CIRCUMFERENTOR,"The date of this instrument is indicated by the allowance for magnetic declination on the compass ring, on which the meridian is engraved at the point $10^{\circ}$ E. of N. This corresponds to the year 1590, in England.",,,"[{'name': 'T. H. Court, Esq.', 'role': 'donor'}]",England,1590,,,Allowance for magnetic declination on the compass ring.,,1918
135,1918-123,,whole,1.0,,donated,EARLY THEODOLITE,"This instrument probably dates from the early 17th century. It consists of a brass circle, graduated in degrees, having two pairs of fixed sights along perpendicular diameters, and a movable alidade fitted with pointers at each end. It can be set upon a stand for measuring angles in any plane, or suspended from a ring attached to the circumference for taking altitudes.",,,"[{'name': 'T. H. Court, Esq.', 'role': 'donor'}]",,early 17th century,['brass'],['8 in. diam.'],"This instrument probably dates from the early 17th century. It can be set upon a stand for measuring angles in any plane, or suspended from a ring attached to the circumference for taking altitudes.",,1918
136,1918-126,S.M. 1856,whole,1.0,,donated,EARLY THEODOLITE,"In this instrument, which was probably made in the early 17th century, only one pair of fixed sights is provided, defining a horizontal line when the instrument is suspended from the ring attached to its circumference. The movable alidade carries the usual slit sights and terminates in pointers. There is a circular ring on one arm of the instrument which probably supported a magnetic compass. The circle is graduated in degrees in four sets from 0° to 90°. On the back of the instrument is attached a socket with a fixing screw for receiving the head of a stand. The suspension ring is specially jointed to permit the plane of the circle to hang freely vertical.",,,"[{'name': 'T. H. Court', 'role': 'donor'}]",,Early 17th century,['brass'],['10 in diameter'],"Used for surveying. In this instrument, only one pair of fixed sights is provided, defining a horizontal line when the instrument is suspended from the ring attached to its circumference. The suspension ring is specially jointed to permit the plane of the circle to hang freely vertical.","Plate III, Fig. 2, p. 56",1856
137,1880-202,,whole,1.0,,,"COMBINED GRAPHOMETER, SECTOR AND COMPASSES","This instrument consists of a graphometer whose alidades are fitted with points to serve as compasses, and have various scales engraved on them corresponding to those usually found on sectors, and used in measuring lines, setting off angles, taking weights of spherical shot, etc. A small magnetic compass is attached to the junction of the two alidades. There is no evidence that this instrument was fitted to a stand, and it was presumably employed in conjunction with a plane table, on which it rested when angles were observed.",,,"[{'name': 'Italian', 'role': 'maker'}]",Italy,Late 16th or early 17th century,"['brass', 'glass', 'steel']","['6.5 in. in diam.', '8 in. apart']","Used for measuring lines, setting off angles, taking weights of spherical shot, etc. Assumed to be employed in conjunction with a plane table.",,Late 16th or early 17th century
138,,Inv. 1908-122,whole,1.0,,,IPODIMETER,"This is a 17th-century theodolite of Continental design, the alidade being mounted near the edge of the circle and connected to a centrally mounted parallel index arm used to read the circle. The circle has a diameter of 6 1/4 in., and a 2 1/4-in. compass box is centrally fixed above the movable index arm. The circle is divided on its outer edge into 360 degrees, but has a concentric circle, of 5 in. diam., divided into 320 parts, also read by the diametral index arm. Each circle is divided into octants and the divisions of each octant numbered in the clockwise sense from 0 to 45 on the outer circle and from 0 to 40 on the inner. The outer octants are successively designated by the letters T, G, L, S, O, A, P, M, which are the initial letters of the old Italian names for the compass points. The inner octants each commence at the central points of the outer ones, and are named Septentrio, Aquilo, Solanus, Eurus, Auster, Africus, Favonius, and Chaurus respectively, which are the old Latin titles for the winds corresponding to the cardinal points. The central index arm has bevelled edges at each extremity for reading the divisions. The alidade is about 9 in. long and has folding combined back and foresights at each end. It rotates with the index arm about the axis of the circle. The compass box, fixed to the circle above the index arm, has its base divided into octants, but no subdivisions.",,,[],,17th-century,[],"['6 1/4 in. diameter', '2 1/4-in. compass box', '5 in. diam.', '9 in. long']","Used for reading the circle, with divisions numbered and named according to compass points and winds. The alidade has folding combined back and foresights for use.",,
139,1894-106,,whole,1.0,,,GRAPHOMETER,"This instrument is a combined graphometer, or surveying semicircle, and clinometer. The graduated semicircle can be detached from the frame and used as a protractor for plotting the angles in the field. A compass is attached to the frame for orienting the instrument, and the whole is attached to a stand by means of a double-knuckled joint, permitting it to be set in any plane. It can also rotate as a whole in that plane. The semicircle has one fixed and one movable alidade. The semicircle is graduated in degrees, and has a diagonal scale enabling it to read to 5′. The compass ring is graduated in degrees. On the back of the plate carrying it is a simple quadrant pendulum clinometer, also graduated in degrees, and provided with “Umbra Versa” and “Umbra Recta” scales for measuring heights. The clinometer is attached to an alidade, which is connected to the semicircle by a spring clip and can be disconnected for taking altitudes.",,,"[{'name': 'Christoff Kohler', 'role': 'maker'}]",Dresden,1663,"['brass', 'glass']","['5 in. in diam.', '1 1/4 in.']","This is particularly interesting as showing that the much simpler vernier system was not yet in general use, although invented over 30 years previously.",,
140,1880-200,,whole,1.0,,,SURVEYING QUADRANT,"This instrument has a radius of 6 in. and is graduated in half-degrees. By means of a vernier arc covering 31' and divided into 60 parts, angles can be measured to the nearest half-minute. The index arm carrying this vernier is pivoted at the centre of the quadrant and carries three folding sights, one at its centre and the other two at the ends of its arc. Two similar sights are fixed at the ends of the quadrant arc. The quadrant is attached to a socket for fixing it upon a stand by a ball and socket joint permitting it to be set in any plane, including the vertical.",,,"[{'name': 'Lusuérg', 'role': 'maker'}]",Rome,1674,[],['radius of 6 in.'],Angles can be measured to the nearest half-minute.,,
141,1880-195,,whole,1.0,,,EARLY THEODOLITE,"A very fine example of an early theodolite, which has a circle of 12 in. diam., graduated every 10' and read by a vernier on the alidade to 1'. A 2-in. compass is fixed at the centre of the circle and has its ring divided in degrees.",,,"[{'name': 'Joannes Macarius', 'role': 'maker'}]",Mirandola (Modena),1676,[],"['12 in diam.', '2-in. compass']",An early theodolite with precise graduations and readings.,,
142,1892-9,Inv. 1892-9,whole,1.0,,,GRAPHOMETER,"This instrument consists of one fixed and one movable alidade, each provided with sights, intersecting each other at the centre of a semicircle graduated to read half-degrees. The whole is mounted upon a ball and socket joint.",,,"[{'name': 'Deens', 'role': 'maker'}]",,1682,[],[],can be used to measure angles in any plane.,,
143,1880-199,,whole,1.0,,,EARLY CIRCUMFERENTOR,"This example was constructed in 1686, and exhibits many characteristics of that period. The alidade plate is square, and can be detached from its support and employed as a protractor. On it are engraved three concentric graduated circles, of diameters 8 in., 7 in. and 3 in. The outer circle is divided in degrees, with two sets of numberings. The central circle is a ""Scala altimetra,"" or tangent scale, for measuring heights, and the inner circle is divided into 32 parts corresponding to the points of the compass. The movable alidade carries a 2 1/4-in. compass box, and is pivoted at the centre of the plate. At one end is a vernier arc which moves over the outer graduated circle, and reads this to single minutes, the 60 divisions of the vernier extending over 61°. The fixed and movable sights have circular apertures, with vertical slits above their centres, and are carved and ornamentally engraved. Two edges of the square plate are parallel to the two fixed sights, which can be folded down upon the plate when not in use. The conical socket for attaching the instrument to its stand has a ball and socket joint permitting the alidade plate to be set in any plane, including the vertical. It is kept in position by the friction of the joint, there being no clamping screw. The compass plate is graduated in degrees, numbered left and right from the N. and S. points from 0° to 90°. A compass rose indicating the 32 main points is engraved inside the circle. On the back of the alidade plate are engraved a clinometer scale for use of artillery, and the inscription ""Jacobus Lussorg Mutinensis Faciebat Romae A° 1686"", with the arms and coronet of the Duke of Modena.",,,"[{'name': 'Lusuérg', 'role': 'maker'}, {'name': 'Jacobus Lussorg Mutinensis', 'role': 'maker'}]",Rome,1686,"['brass', 'glass', 'steel']","['8 in.', '7 in.', '3 in.', '2 1/4-in.', '61°']","The alidade plate can be detached from its support and employed as a protractor. The central circle is a ""Scala altimetra,"" or tangent scale, for measuring heights. On the back of the alidade plate are engraved a clinometer scale for use of artillery.",,1686
144,1914-561,S.M. 937,whole,1.0,,,CIRCUMFERENTOR,"This early 18th-century example is typical of the circumferentor of that period. It is a combined theodolite—having a graduated limb of 11 in. diam., reading by vernier to 5'—and compass, with a 6-in. needle reading to half-degrees. The theodolite limb is graduated in single degrees in the clockwise sense from 0° to 360°, and carries a pair of fixed sights, each with a slit and window for sighting both ways, at its 0° and 180° marks. The movable alidade, carrying a similar pair of sights, has a vernier at one end reading to 5' and a central fiducial mark at the other end. The compass box is fixed to this alidade with its N. point above the zero of the vernier. The compass ring is graduated consecutively in half-degrees from 0° to 360° in a counter-clockwise sense, so that the position of the N. end of the needle gives the magnetic bearing of the alidade sights. Both pairs of sights are employed when the instrument is used as a theodolite, but only the alidade sights when taking magnetic bearings. The instrument is mounted upon a tripod when in use.",L.S.,,"[{'name': 'Thos. Wright', 'role': 'maker'}]",,Early 18th-century,"['brass', 'glass', 'steel']","['11 in diam.', '6-in. needle']","A combined theodolite and compass used for surveying. The compass needle indicates the magnetic bearing of the alidade sights, and both sets of sights are used when operating as a theodolite.","Fig. 1, p. 67",
145,1913-257,Inv. 1913-257,whole,1.0,,,CIRCUMFERENTOR,"This early 18th-century instrument has a 10 1/4-in. graduated circle, reading by vernier to 5'. The vernier is attached at one end of the movable alidade, to which is also fixed the compass ring, which has a 6-in. diam. and is graduated in degrees. The sights on the movable alidade, and those fixed on the large circle are each fitted with both slits and vertical wires, and can be used either as back or fore sights. They are sufficiently high to permit the measurement of angles in the horizontal plane, and the whole instrument is designed for such measurements, and not for determining angles in any plane. The outer circle is graduated in degrees, and reads from 0° to 360° in a clockwise sense. The fixed sights are attached at the 0° and 180° points. The compass ring has two sets of graduations, one set reading degrees from 0° to 360° in a counter-clockwise sense, the other set giving every 10° only from 0° to 90° in each quadrant, the N. and S. points being the zero points. The eight main points of the compass are likewise indicated. The whole instrument fits upon a stand by means of a socket fixed on the back of the large circle.",,,"[{'name': 'J. Howard', 'role': 'maker'}]",London,Early 18th-century,[],"['10 1/4-in. graduated circle', ""5'"", '6-in. diam.', '0° to 360°', '0° to 90°']","Designed for measurements in the horizontal plane, and not for determining angles in any plane.",,
146,1908-118,,whole,1.0,,,GRAPHOMETER,"An early 18th-century example of the graphometer, or surveying semicircle, much used in France in preference to the English theodolite. It has a diameter of 11 in. and is graduated in degrees, read by vernier on the rotating alidade to 5'. A 3-in. compass, with its ring divided in degrees, is mounted eccentrically on the semicircle. Combined slit and wire sights are fixed at opposite ends of the diameter of the semicircle, and their orientation determined by means of the compass. A similar pair of sights is attached to the alidade, which rotates about the centre of the semicircle, and has bevelled verniers at each end. The axis of the semicircle terminates below in a spherical ball and socket arrangement for mounting the instrument on a tripod and setting its semicircle in any plane. The graduations of the semicircle are numbered both ways from 0° to 180°, those of the compass ring in four quadrants, with the zeros at the N. and S. points. The compass needle is supplied with a lifting needle for clamping it to the top of its box when transporting the instrument.",,,"[{'name': 'Macquart', 'role': 'maker'}]",Paris,Early 18th-century,"['brass', 'glass', 'steel']","['diameter of 11 in.', '3-in. compass']","This is an early 18th-century example of the graphometer, or surveying semicircle, much used in France in preference to the English theodolite.",,
147,,Inv. 1908-119,whole,1.0,,,CIRCUMFERENTOR,"In this instrument, which was constructed towards the end of the 18th century, the compass has a diameter of $1rac{1}{2}$ in. and is graduated only at the eight cardinal points. It is arranged for a magnetic variation of 16° W. The main circle has a diameter of 6 in. and is graduated in degrees, numbered both ways from 0° to 180° from the diameter underneath the pair of fixed sights. The alidade carrying the movable sights is fixed to the compass box and rotates with it about the vertical axis. The compass needle is pivoted upon a plate fixed to the horizontal circle. There are no verniers, but only bevelled reading edges, on the alidade, and the sights are not suited for sighting both ways, but consist of a simple slit backsight on one end of the alidade and a wire foresight at the other end. The graduated circle can be set in any desired plane by means of a ball and socket joint connecting it to the stand.",,,"[{'name': 'Baradelle', 'role': 'maker'}]",Paris,towards the end of the 18th century,,"['compass has a diameter of $1\x0crac{1}{2}$ in.', 'main circle has a diameter of 6 in.']",Used for surveying.,,
148,1912-308,,whole,1.0,,donated,CIRCUMFERENTOR,"This instrument, made about the end of the 18th century, is a good example of the circumferentor of that period. It has two small spirit levels fixed in the base of the compass box for setting the instrument horizontal. The 6-in. circle is graduated in degrees in the clockwise sense from 0° to 360°, and read by the vernier at one end of the alidade to 3'. The compass ring, with a 4-in. needle, is graduated in degrees in the counter-clockwise sense from 0° to 360°. Both fixed and movable sights are provided with slits and windows for sighting in either direction. The small spirit levels upon the base of the compass box were not considered necessary by the makers, but were provided owing to the wishes of many surveyors. The socket attached to the base does not appear to have the customary screw for clamping the instrument to its tripod.",,,"[{'name': 'W. & S. Jones', 'role': 'maker'}, {'name': 'Evan Roberts, Esq.', 'role': 'donor'}]",,about the end of the 18th century,"['brass', 'glass', 'steel']","['6-in. circle', '4-in. needle']",Used for routine land surveying.,"Adams’s “Geometrical and Graphical Essays,” p. 213, and Plate XIV, Fig. 5",
149,1098,Inv. 1918-240. S.M.,whole,1.0,,donated,EARLY ALTAZIMUTH THEODOLITE,"This instrument, dating from the early part of the 18th century, illustrates a fundamental stage in the development of the theodolite. Upon the alidade of a “common theodolite” of the type very generally used in the 17th century, is mounted a fixed graduated vertical arc. A telescope upon which is fixed a longitudinal spirit level, carries a vernier arm which traverses the graduated arc as the telescope rotates, and thus measures the altitude of the object sighted at the same time as the alidade measures its azimuth. The horizontal circle in this instrument has a diameter of 10 in. and is graduated in degrees, numbered from 0° to 260° in the clockwise sense. The alidade has a vernier at one extremity reading the horizontal circle to 5'. A 5-in. compass box is mounted centrally upon this alidade and gives magnetic bearings in single degrees. The vertical arc is graduated in degrees, with the zero at the point vertically beneath the telescope axis, and reads by vernier to 10'. Altitude angles up to 40° of elevation or depression can be measured. The telescope has a focal length of 8 in., an aperture of 1 in., and an erecting eyepiece with a simple cross-wire diaphragm. The spirit level is rigidly attached to the telescope tube. The instrument is attached to its tripod by means of a socket fixed beneath the centre of the horizontal circle.",,,"[{'name': 'Thomas Wright', 'role': 'maker'}, {'name': 'P. A. Newton, Esq.', 'role': 'donor'}]",,early part of the 18th century,"['brass', 'glass']","['10 in diameter', '5-in. compass box', '8 in. focal length', '1 in. aperture']","Illustrates a fundamental stage in the development of the theodolite. A telescope upon which is fixed a longitudinal spirit level, carries a vernier arm which traverses the graduated arc as the telescope rotates, and thus measures the altitude of the object sighted at the same time as the alidade measures its azimuth. The horizontal circle  is graduated in degrees, numbered from 0° to 260° in the clockwise sense. The alidade has a vernier at one extremity reading the horizontal circle to 5'. A 5-in. compass box is mounted centrally upon this alidade and gives magnetic bearings in single degrees. The vertical arc is graduated in degrees, with the zero at the point vertically beneath the telescope axis, and reads by vernier to 10'. Altitude angles up to 40° of elevation or depression can be measured.",,18th century
150,1921-588,,whole,1.0,,loaned,EARLY ALTAZIMUTH THEODOLITE,A brass surveying compass with,,,"[{'name': 'J. Sisson', 'role': 'maker'}, {'name': 'T. H. Court, Esq.', 'role': 'lender'}]",,early 18th-century,"['brass', 'steel', 'glass']","['4 1/2-in. horizontal circle', 'radius of 2 in.', '4 in. diameter', '3/4-in. aperture']","Among the early 18th-century makers of surveying instruments, Sisson is generally regarded as the most expert, and his design of altazimuth theodolite, of which the instrument exhibited is typical, remained the standard until Ramsden’s time. This example has a $4rac{1}{2}$-in. horizontal circle, graduated in degrees and read by three symmetrically placed verniers to 6'. The vertical arc, reading angles up to 70° of elevation or depression, has a radius of 2 in. and is similarly graduated and read by a single vernier centrally placed on the horizontal vernier plate. Both circles have toothed edges, in which engage pinion wheels, the motion of rotation being effected by turning these pinions. The telescope is attached above the vertical arc by screw bearings which permit it to be adjusted to sight horizontally when the vertical arc reads zero. A small spirit level fixed above the telescope, and a smaller one rigidly joined to the vertical arc enable this adjustment to be effected. The horizontal axis of rotation of the vertical arc and telescope rests on standards projecting from the central plate carrying the three horizontal vernier arms. To one of these is attached a clamp and screw which regulates the friction between the movable vernier plate and the fixed horizontal circle. In another vernier arm is fixed the axis of rotation of the pinion wheel which engages in the teeth of the horizontal circle. Beneath the horizontal circle is screwed a compass box of 4 in. diameter. The compass ring is not graduated, but has index marks beneath the o° and the 180° graduations of the horizontal circle. This enables the instrument to be oriented. The conical socket for attaching the theodolite to a staff, or to a levelling device consisting of two parallel plates and four levelling screws, is fixed beneath the compass box. The telescope has a fixed objective of $rac{3}{4}$-in. aperture, and a sliding Huygens ocular, with a simple fixed cross-wire diaphragm.",,1858
151,1910-125,,whole,1.0,,,ALTAZIMUTH THEODOLITE,"The vertical arc is fixed to the alidade, and the vernier to the telescope. The 8-in. horizontal circle is graduated in degrees and read to 5' by means of a vernier scale on the alidade. The vertical arc has a radius of 3 in. and is graduated in degrees up to 50° on each side of the zero. It also is read to 5' by its vernier. The 4-in. compass mounted on the alidade is graduated in degrees in the counter clockwise sense. The telescope of 10-in. focal length and 0.5-in. aperture, has a single lens, draw-focussing eyepiece and a simple cross-wire diaphragm. Spirit levels are fixed on the telescope tube and the base of the compass box. The two parallel plates for fixing the instrument to its tripod are connected by four levelling screws and a spherical joint.",,,"[{'name': 'Cole', 'role': 'maker'}]",,c. 1760,['brass'],"['8-in. horizontal circle', '3 in. radius', '4-in. compass', '10-in. focal length', '0.5-in. aperture']",This instrument was probably constructed about 1760 and resembles the adjacent theodolite made by Wright.,,
152,S.M. 950,Inv. 1917-104,whole,1.0,,loaned,ALTAZIMUTH THEODOLITE,"In this theodolite, the alidade is replaced by a circular plate carrying two widely separated standards upon which is mounted the horizontal axis of rotation. The vertical semicircle is fixed to this axis, whilst the vernier is fixed on the circular plate. The telescope rests in jointed rings attached above the semicircle. The 7-in. horizontal circle is graduated in degrees, and read by a vernier scale on the alidade plate to 5'. The vertical semicircle is of the same diam. and is graduated in degrees on one side, with scales of feet and links on the other. It is also read by vernier to 5', and can measure angles up to 60° on either side of the vertical. The compass fixed on the alidade plate has a diam. of 3 in. and is graduated in degrees. The telescope, of 7-in. focal length and 0.5-in. aperture, has a single-lens, draw-focussing eyepiece. A spirit level is fixed by adjustable screws beneath the telescope tube, parallel to its axis. The horizontal circle is attached by a clamping screw to the upper of two parallel plates, which are connected to each other by four levelling screws and a spherical joint.",,,"[{'name': 'G. Adams', 'role': 'maker'}, {'name': 'T. H. Court, Esq.', 'role': 'lender'}]",,probably about 1770,"['brass', 'glass', 'steel']","['7-in. horizontal circle', '3 in. compass diam.', '7-in. focal length telescope', '0.5-in. aperture telescope']",Used for surveying.,,
153,1913-571,,whole,1.0,,donated,ALTAZIMUTH THEODOLITE,"This instrument, made towards the end of the 18th century, illustrates the many improvements in design due to Ramsden. The alidade and horizontal plates have their graduated edges bevelled to facilitate reading, and are supported by accurately made conical axes. A tangent clamp and slow-motion screw control the horizontal motion, and the ball and socket joint connecting the two parallel plates of the levelling attachment is very solidly and accurately constructed. The telescope has an achromatic, rack-focussing objective lens of 8·5-in. focal length and 1-in. aperture, and an erecting eyepiece. It rests in Y-s attached to the ends of the vertical semicircle, which has a radius of 3 in. and is graduated on one face in half-degrees. This arc is read by a fixed vernier to 1′, and used to measure angles of elevation or depression up to 60°. The 7-in. horizontal circle is divided in half-degrees and read by two opposing verniers to 1′. The compass box, has a 3-in. ring graduated in degrees and a sensitive needle which can be lifted from its pivot by means of a lever when required. The box is mounted between the telescope standards upon an adjustable stage, which is connected to the horizontal vernier plate by capstan-headed screws. Spirit levels are mounted on the telescope and the vernier plate.",,,"[{'name': 'Ramsden', 'role': 'maker'}, {'name': 'T. H. Court, Esq.', 'role': 'donor'}]",,towards the end of the 18th century,"['brass', 'glass', 'steel']","['8·5-in. focal length', '1-in. aperture', 'radius of 3 in.', '7-in. horizontal circle', '3-in. ring']",Illustrates many improvements in design due to Ramsden. Used to measure angles of elevation or depression.,,
154,1909-138,Inv. 1909-138,whole,1.0,,,ALTAZIMUTH THEODOLITE,"This instrument was made in the early part of the 19th century, and in details resembles the adjacent example made by Ramsden. There is, however, a supplementary telescope used for keeping the back-set station in view. The horizontal circle and vertical semicircle have diameters of 7 in., are graduated in half-degrees, and read by vernier to single minutes. Both are rotated by rack and pinion movements. There is a tangent clamp and slow-motion screw to the horizontal circle. The telescope rests in Y-s attached to the vertical arc, and moves with this. The standards supporting the horizontal axis of rotation are fixed upon an adjustable stage, attached to the alidade plate by three capstan-headed screws. This stage carries the compass box, which has a 3-in. ring, graduated in degrees. The two telescopes are of precisely similar optical construction. Each has a 7-in. achromatic objective, with a 1·2-in. aperture, and a rack and pinion-focussing mechanism. Their eyepieces are erecting and consist of four lenses, with a draw-focussing mechanism. The supplementary telescope has a full azimuthal motion round the vertical axis of the instrument, and a small altitude movement. The construction of the parallel plate mounting is of the usual Ramsden type, with four levelling screws. There is a longitudinal spirit level fixed in adjustable bearings beneath the telescope, and two levels with their axes at right angles on the alidade plate.",,,"[{'name': 'Troughton', 'role': 'maker'}, {'name': 'Ramsden', 'role': 'associated'}]",,early part of the 19th century,"['brass', 'glass']","['7 in.', '3-in.', '7-in.', '1·2-in.']",Used for surveying.,,
155,1872-80,,whole,1.0,,,ALTAZIMUTH THEODOLITE,"This instrument, although made in the middle of the 19th century, retains most of the features characterising the Ramsden type of theodolite. Tangent clamps and slow-motion screws replace the Ramsden rack and pinion movements for both horizontal and vertical circles, and small reading microscopes are provided near the verniers. The supporting standards for the horizontal axis of rotation are not mounted upon an adjustable stage, as in Ramsden’s instruments, but are fixed directly to the alidade plate. The telescope is mounted in Ys attached to the vertical arc. The eyepiece is erecting, with four lenses, and a draw-focussing mechanism. The diaphragm has one vertical and one horizontal wire. A sensitive longitudinal spirit level is fixed in adjustable bearings beneath the telescope. On the alidade there are two smaller levels at right angles to each other, and a 3-in. compass graduated in degrees. The parallel plates are of the usual Ramsden type, with four levelling screws.",,,"[{'name': 'W. Harris', 'role': 'maker'}]",,middle of the 19th century,"['brass', 'glass', 'steel']","['horizontal circle has a diameter of 6 in.', 'vertical semicircle one of 5 in.', '9-in. achromatic objective', '1-in. aperture', '3-in. compass']",Used for surveying.,,
156,1914-894,,whole,1.0,,loaned,ALTAZIMUTH THEODOLITE,"This instrument, probably constructed about 1840, differs in many respects from the more usual Y-theodolite of the period. Its telescope is rigidly attached to the horizontal axis of rotation, which carries the vertical arc and rests in bearings upon two standards fixed to the rim of a case whose bottom forms the alidade. This case is closed at the top by a glass cover, so that the horizontal circle and compass are enclosed. Reading microscopes with prism reflectors are attached to the case for reading the verniers of the horizontal circle. Tangent clamps and slow-motion screws are fitted to both circles. The upper part of the instrument is suspended in a gimbal mounting within a hollow cylinder screwed upon the tripod plate, and can be levelled independently of the tripod by two screws threaded into the cylinder, with diametrically opposite springs. These screws press against a square nut fixed to the lower end of the axial cone which carries the horizontal circle. The 6-in. horizontal circle is graduated to 20' and read by vernier to 30''. The 5-in. vertical arc is similarly graduated and read by vernier, and has a range of 50° on either side of the zero mark. The telescope is achromatic, with a 1-in. aperture and 8-in. focal length. The objective is focussed by a rack and pinion mechanism. The eyepiece is a simple Ramsden inverting draw-focussing one, and the diaphragm has one vertical and one horizontal wire. A diagonal reflecting mirror can be attached in front of the objective for taking steep sights. There is one longitudinal adjustable spirit level attached beneath the telescope, and a parallel one fixed to the standards but no transverse level. The alidade carries a 3-in. compass, graduated in degrees.",,,"[{'name': 'W. & T. Gilbert', 'role': 'maker'}, {'name': 'T. H. Court, Esq.', 'role': 'lender'}]",London,c. 1840,"['brass', 'glass', 'steel']","['6-in. horizontal circle', '5-in. vertical arc', '1-in. aperture', '8-in. focal length', '3-in. compass']",This instrument differs in many respects from the more usual Y-theodolite of the period. Used for taking steep sights.,,
157,1895-49,,whole,1.0,,donated,ALTAZIMUTH THEODOLITE,"The Everest pattern theodolite, although not possessing the advantage of a transit instrument, has been much used by the British and Indian Survey departments since its inception, due to Sir George (then Captain) Everest, about the year 1835. The one exhibited is a late 19th-century 5-in. model, the horizontal circle and vertical arcs being graduated to 20' and read by two opposing verniers to 30''. In the Everest type of theodolite two opposing vertical arcs are used instead of a complete vertical circle, and the horizontal axis to which the telescope and arcs are fixed, is mounted upon two short standards projecting from a central pillar, supported on the horizontal vernier plate. The vernier bracket and attached spirit level are mounted on the axis, and are clamped to one standard by opposing screws. Two perpendicular spirit levels are likewise mounted on the horizontal vernier plate. The horizontal circle has a bevelled graduated edge and a separate mounting on the vertical axis cone. Thus the vernier plate and circle have independent motions, controlled by clamps and tangent screws, for repeating azimuth angles. All verniers are provided with reading microscopes. The instrument has a tribrach mounting, the feet of the three levelling screws resting in grooves in a trivet plate and being locked therein by a spring-controlled locking plate—also a feature of the original Everest design. The telescope has a rack-focussing objective of 1·2-in. aperture and 9-in. focal length, and a slide-focussing Ramsden eyepiece. Owing to the low standards, angles of elevation beyond 30° and of depression beyond 45° cannot be measured, as the telescope then fouls the horizontal plates. The vertical arcs consequently only extend about 50° on each side of the horizontal zeros.",,,"[{'name': 'T. Cooke & Sons', 'role': 'maker'}, {'name': 'Sir George Everest', 'role': 'designer'}, {'name': 'Ordnance Survey', 'role': 'donor'}]",,late 19th-century,"['brass', 'glass', 'steel']","['5-in. model', ""horizontal circle and vertical arcs being graduated to 20' and read by two opposing verniers to 30''"", '1·2-in. aperture', '9-in. focal length', 'angles of elevation beyond 30°', 'depression beyond 45°', 'vertical arcs consequently only extend about 50°']","Used by the British and Indian Survey departments since its inception. The Everest type of theodolite uses two opposing vertical arcs instead of a complete vertical circle, with a horizontal axis mounted on short standards projecting from a central pillar. The instrument has a tribrach mounting. Angles of elevation and depression are limited due to the telescope fouling the horizontal plates.",,1895
158,1909-137,Inv. 1909-137,whole,1.0,,,TRANSIT THEODOLITE,"An early example of a transit theodolite. Below the horizontal circle it resembles Ramsden's Y-theodolite, but the upper part has standards sufficiently high to permit the telescope to transit at either end. Both horizontal and vertical circles are 6 in. diam., divided on silver to 10′ and read by opposing verniers to 10″. The vernier plate and horizontal circle have independent axes of rotation for repeating angles, and are bevelled at the graduations to facilitate reading. Reading microscopes are provided for both circles, and also tangent clamps and slow-motion screws, as well as a similar clamp and screw connecting the vernier plate to the horizontal circle. The axis of this circle rests in a conical socket attached to the upper of two parallel levelling plates, connected by four screws and a ball and socket joint. The vernier plate carries a single spirit level, parallel to the transit axis, and a central circular compass box, with a 3½-in. stepped ring graduated in degrees. The needle, of rectangular section with its longer side vertical, is provided with a lifting lever for clamping it. The vertical circle is attached to the telescope and transit axis, and is read by horizontal verniers on a standard. This bracket carries the clamp and tangent screw. The other standard carries a spirit level perpendicular to the transit axis. The telescope, fixed in the centre of the transit axis, has a rack-focussing objective of 1⋅5-in. aperture and 10-in. focal length, a fixed diaphragm having one vertical and three equidistant horizontal wires, and a slide-focussing Ramsden eyepiece. A sensitive spirit level is mounted parallel to the axis of the telescope.",,,"[{'name': 'Troughton & Simms', 'role': 'maker'}]",,Early part of the 19th century,"['brass', 'silver', 'glass']","['6 in. diam.', '3½-in. stepped ring', '1.5-in. aperture', '10-in. focal length']",The introduction of the transit principle into medium and small-sized theodolites in England took place in the early part of the 19th century. This exhibit is an early example of such a theodolite.,,
159,1876-1206,,whole,1.0,,donated,TRANSIT THEODOLITE,"In this instrument, made in the early part of the 19th century, the 8½-in. horizontal and the 7¼-in. vertical circles are graduated every 10′ and read by vernier to 10″. The vertical circle and telescope are rigidly joined to the transit axis and rotate with it, the verniers being fixed to one standard. The horizontal circle and vernier plate can rotate independently about the vertical axis, for repeating azimuth angles. The three footscrews for levelling the instrument are fixed to the base circle of a framed stand having a central conical socket, into which fits the hollow conical axis attached beneath the horizontal circle. The axis of the vernier plate fits within this and is kept in position by a screw and washer fitted in its lower end and abutting against the socket in the stand. The vernier plate carries three symmetrically placed vernier arms, with reading microscopes suspended above their verniers, and is provided with a sensitive spirit level, with its axis perpendicular to the transit axis. The standards supporting the transit axis project from the vernier plate, and have Y-s at their upper ends, one of which is adjustable. The axis is kept in position in these Y-s by metal straps; it is hollow, and permits the telescope to be illuminated by means of a lamp supported by a bracket fixed to one standard. The vernier bracket for reading the vertical circle carries a spirit level parallel to its two vernier arms, for setting their zeros. It has a projecting piece which fits between screws fixed to the standard, and keeps the verniers stationary when the telescope and circle rotate. The telescope has a fixed objective of 11-in. focal length and 1⋅8-in. clear aperture, and a central mirror for illuminating the axis at night. The eyepiece tube can be focussed by a rack and pinion mechanism, and carries the diaphragm, having five vertical and one horizontal threads, and the inverting, draw-focussing eye-piece, which fits in a slide permitting a slight lateral motion of the eyepiece. Clamps and tangent screws for fine motion are fitted to both circles and the horizontal vernier plate.",,,"[{'name': 'Thos. Jones', 'role': 'maker'}, {'name': 'the Admiralty', 'role': 'presenter'}]",,Early part of the 19th century,"['brass', 'glass', 'steel']","['8½-in. horizontal circle', '7¼-in. vertical circle', '10′ graduation', '10″ vernier reading', '11-in. focal length objective', '1⋅8-in. clear aperture']","Used for surveying, capable of repeating azimuth angles and precise angle readings. The design allows for illumination of the axis at night.",,1876
160,1911-160,Inv. 1911-160,whole,1.0,,donated,TRANSIT THEODOLITE,"This is an early 19th-century example of a medium-sized transit theodolite. The 10-in. vertical and horizontal circles are graduated on silver every 10′ and read by two opposing verniers to 10″ of arc. The telescope transits at the eyepiece end, and its axis can be illuminated for night reading through the hollow horizontal axis of rotation. The instrument is mounted upon a tribrach having three footscrews for levelling; these rest upon a plate screwed to the tripod head and are kept in position by a locking plate of the Everest pattern. The horizontal circle can rotate freely about the vertical axis, or can be clamped to it and rotated slowly by means of a tangent screw. The vernier plate can be similarly clamped to the horizontal circle, or rotated freely. Reading microscopes are fixed on brackets above each vernier. An adjustable spirit level is fixed to the vernier plate, perpendicular to the line joining the two standards which support the vertical circle and telescope. The vertical circle is mounted upon the axis of rotation of the telescope, and is read by verniers at the ends of a bracket fixed to one standard. Reading microscopes are attached to this bracket for use with each vernier, and a spirit level is mounted in adjustable bearings on the bracket with its axis parallel to the line joining the vernier zeros. A tangent clamp and slow-motion screw connects the vertical circle to one standard. Upon the top of the telescope, parallel to its axis, is set a 5-in. trough compass. The lamp for illuminating the telescope axis rests upon a bracket fixed to one standard, with its lens opposite the end of the horizontal axis of rotation. A mirror in the centre of the telescope reflects the light down its axis.",,,"[{'name': 'Cary', 'role': 'maker'}, {'name': 'Admiralty', 'role': 'donor'}]",,Early 19th-century,"['brass', 'silver']","['10-in. vertical and horizontal circles', '5-in. trough compass']",Used for routine land surveying.,,1911
161,1911-159,Inv. 1911-159,whole,1.0,,donated,TRANSIT THEODOLITE,"A 5-in. transit theodolite. Both horizontal and vertical circles are graduated in half-degrees and read by vernier to single minutes. A trough compass is fixed above the telescope instead of the spirit-level more usually found in the Ramsden type of altazimuth. The footscrews of the tribrach are designed to be inserted in a locking plate attached to the tripod, from which which the vertical axis of the instrument is completely separated.",,,"[{'name': 'Robinson', 'role': 'maker'}, {'name': 'the Admiralty', 'role': 'donor'}]",London,c. 1850,"['brass', 'glass', 'steel']",['5-in.'],This example of a transit theodolite was probably constructed about 1850. A trough compass is fixed above the telescope instead of the spirit-level more usually found in the Ramsden type of altazimuth.,,
162,,Inv. 1911-158,whole,1.0,,donated,TRANSIT THEODOLITE,"This instrument, made in the middle of the 19th century, has 6-in. vertical and horizontal circles, very finely graduated on silver to 10′ of arc, and reading by vernier and microscopes to 10″. In general construction, it resembles rather a Borda repeating circle than an English theodolite, the whole upper part being supported by a single central pillar, so that the telescope is slightly eccentric and needs a counterpoise. Both the vertical and horizontal circles can rotate independently of their verniers, so that angles can be “repeated” on both circles. itself be clamped to the vertical axis by a tangent screw. There are two verniers, with reading microscopes, rigidly attached to the telescope, Upon the same axis, but capable of independent rotation, are the vertical circle and a counterpoise circle; the axis also carries a spirit level fixed horizontally on adjustable bearings. The vertical circle is clamped by a screw attached to the counterpoise, a slow-motion screw being provided. A similar clamp and screw connect the vertical circle and the vernier bracket. The telescope has a rack-focussing objective of aperture 1.1 in. and focal length 9.5 in. The diaphragm is fixed in the telescope tube and has two wires forming an acute angled cross instead of the usual vertical wire, together with a single horizontal wire. Three eyepieces are provided, all inverting: one is diagonal for taking steep sights, whilst the other two have different magnifications. The instrument has a tribrach mounting, with three footscrews set in a locking plate of the Everest pattern. The telescope transits at the objective end. A supplementary telescope is provided and can be fixed near the edge of the horizontal circle. It is of equal dimensions with the main telescope, and is used for keeping the back station in view, and also as a test of the fixity of the horizontal circle when the upper part is rotated.",,,"[{'name': 'Henry Barrow & Co.', 'role': 'maker'}, {'name': 'The Admiralty', 'role': 'donor'}]",,middle of the 19th century,"['brass', 'silver', 'steel']","['6-in. vertical and horizontal circles', '10′ of arc', '10″', 'aperture 1.1 in.', 'focal length 9.5 in.']","Used for routine land surveying in the late 19th century. This instrument, made in the middle of the 19th century, has 6-in. vertical and horizontal circles, very finely graduated on silver to 10′ of arc, and reading by vernier and microscopes to 10″. In general construction, it resembles rather a Borda repeating circle than an English theodolite, the whole upper part being supported by a single central pillar, so that the telescope is slightly eccentric and needs a counterpoise. Both the vertical and horizontal circles can rotate independently of their verniers, so that angles can be “repeated” on both circles. itself be clamped to the vertical axis by a tangent screw. There are two verniers, with reading microscopes, rigidly attached to the telescope, Upon the same axis, but capable of independent rotation, are the vertical circle and a counterpoise circle; the axis also carries a spirit level fixed horizontally on adjustable bearings. The vertical circle is clamped by a screw attached to the counterpoise, a slow-motion screw being provided. A similar clamp and screw connect the vertical circle and the vernier bracket. The telescope has a rack-focussing objective of aperture 1.1 in. and focal length 9.5 in. The diaphragm is fixed in the telescope tube and has two wires forming an acute angled cross instead of the usual vertical wire, together with a single horizontal wire. Three eyepieces are provided, all inverting: one is diagonal for taking steep sights, whilst the other two have different magnifications. The instrument has a tribrach mounting, with three footscrews set in a locking plate of the Everest pattern. The telescope transits at the objective end. A supplementary telescope is provided and can be fixed near the edge of the horizontal circle. It is of equal dimensions with the main telescope, and is used for keeping the back station in view, and also as a test of the fixity of the horizontal circle when the upper part is rotated.",,middle of the 19th century
163,1917-105,Inv. 1917-105,whole,1.0,,loaned,TRAVELLER'S THEODOLITE,"A highly compact transit theodolite, with vertical and horizontal circles of diameter 3.5 in., graduated in half-degrees and read by vernier to single minutes. It rests on three levelling screws, which can be fitted within three V-shaped notches in the top of the case. The horizontal circle is fixed to the tribrach, which carries a supplementary telescope, tangential to the circle, for keeping the back station in view. A single central standard projects vertically from the horizontal circle, and serves as an axis for the hollow cylinder which carries the vernier bracket for the horizontal axis at its lower extremity, and a bracket to which is fixed the vertical circle at its upper end. The telescope is fixed to an arm carrying opposing verniers for the vertical circle, and can rotate with this arm about a horizontal axis through the top of the standard. A spirit level is attached to the back of the vertical circle, at right angles to the standard. Tangent clamps and slow-motion screws are fixed to the vernier brackets of both circles, and there are magnifying lenses for facilitating the reading of the vernier. There are three verniers to the horizontal circle, symmetrically disposed round its circumference. The vertical circle has two verniers at opposite ends of a diameter. The main and supplementary telescopes are of equal size and power. Their objectives have a focal length of 3.5 in., and a clear aperture of 0.6 in. They slide in the telescope tubes for focussing. The eyepieces are of the Ramsden type. Diaphragms fitted with cross wires are fixed inside the telescope tubes. The one on the main telescope has two vertical wires and one horizontal wire. A diagonal eyepiece is provided for taking steep sights. As the telescope is slightly eccentric to the vertical standard, a counterpoise to balance its weight is fitted on the standard.",,,"[{'name': 'Robinson', 'role': 'maker'}, {'name': 'T. H. Court, Esq.', 'role': 'lender'}]",London,middle of the 19th century,"['brass', 'glass', 'steel']","['diameter 3.5 in.', 'focal length of 3.5 in.', 'clear aperture of 0.6 in.']",This is a highly compact transit theodolite.,,1917
164,1876-1193,,whole,1.0,,,TRANSIT THEODOLITE,"The horizontal circle in this instrument, which was made about 1875, has a separate axis with clamps and tangent screw for repeating angles, and is covered by a metal plate attached to the vernier plate. It has a diameter of 14 cm. and is graduated every 20' and read by opposing verniers and reading microscopes to 20"". The reversible level fixed to the telescope has its upper and lower faces used before and after this is transited. The circular metal footplates attached to the extremities of the footscrews by ball and socket joints are peculiar to German instruments. They allow the theodolite to be moved over the surface of the tripod head for centring, which movement is permitted by the special arrangement for connecting the instrument and tripod. The vertical circle has a diameter of 12 cm. and is graduated in half-degrees and read by a single vernier to minutes. It is rigidly fixed to the transit axis and telescope. This has a fixed objective of 22-cm. focal length and 3-cm. aperture, and a rack-focussing eyepiece tube, carrying the fixed diaphragm and a slide-focussing inverting eyepiece. The reversible level is attached by adjustable screws parallel to the axis of the telescope. Any error in adjustment between the level and telescope is automatically corrected by transiting the telescope and again levelling it after rotation horizontally through 180°. An axis clamp and tangent screw for fine vertical motion is attached to one standard, the V-bearing or the axis being adjustably vertically. The axis is kept in the bearings by metal straps. Between the standards is a small circular spirit level, for roughly setting the plate horizontal, the final levelling being tested by the spirit level attached to the telescope. The vernier plate has a clamp and tangent screw in addition to that on the horizontal circle. The instrument has a tribrach mounting, with three levelling screws, and is connected to the tripod head by a central screw and spring. On loosening this the theodolite can be moved laterally for centring above the station point.",,,"[{'name': 'O. Fennel', 'role': 'maker'}]",Cassel,c. 1875,"['brass', 'metal', 'glass']","['diameter of 14 cm', ""graduated every 20'"", 'read to 20""', 'diameter of 12 cm', 'graduated in half-degrees', 'read to minutes', '22-cm. focal length', '3-cm. aperture']","Used for repeating angles, centring over a station point, and roughly setting the plate horizontal. The footplates are peculiar to German instruments and allow movement for centring. Errors in the level and telescope adjustment are automatically corrected by transiting the telescope.",,
165,1876-1192,,whole,1.0,,,TRANSIT THEODOLITE,"This is a repeating theodolite, made about 1875, and resembles the adjacent one by Fennel in general construction. It differs, however, in having an ordinary one-sided spirit level attached to the telescope, which has also a Huygens, not a Ramsden, eyepiece. The horizontal circle has a diameter of 14 cm., is graduated every 20' and read by two opposing verniers and reading microscopes to 30"". The vertical circle, of 10.5 cm. diam., is divided to 30' and read by opposing verniers to single minutes. The telescope has a fixed objective, of 2.5 cm. clear aperture and with the field lens of the eyepiece, a focal length of 23 cm. The eyepiece is focussed by a rack and pinion arrangement, the cross-wire diaphragm being fixed between the two lenses. The telescope, rigidly attached to the horizontal axis and the vertical circle, transits at the eyepiece end, and has a sensitive longitudinal spirit level mounted on it in adjustable bearings. The vertical vernier bracket is screwed to one standard, whilst the other carries the tangent screw and clamping spring for the transit axis. The horizontal vernier plate carries a metal cover which protects the horizontal circle and supports a central circular spirit level, and the reading microscopes. There are windows in this plate above the verniers, and reflectors are attached to the microscopes for illuminating the field. The horizontal circle has a separate axis, with clamp and tangent screw for repetition. This fits in the socket fixed to the tribrach, which has three levelling screws furnished at their feet with small metal plates, to which they are connected by ball and socket joints. The instrument is connected to its tripod by the usual German central screw, with a flange and opposing spring which fix the instrument tightly, but on loosening the screw permit the theodolite to be displaced laterally for accurate centring over the station point.",,,"[{'name': 'A. & R. Hahn, Cassel', 'role': 'maker'}]",Cassel,about 1875,"['brass', 'metal', 'glass']","['horizontal circle has a diameter of 14 cm.', 'vertical circle, of 10.5 cm. diam.', 'telescope, of 2.5 cm. clear aperture', 'focal length of 23 cm.']",This is a repeating theodolite. Used for surveying.,,
166,1876-1194,,whole,1.0,,,TRANSIT THEODOLITE,"The horizontal circle and vernier plate in this instrument, which was constructed about 1875, have independent motions about the vertical axis, for repeating azimuth angles. Clamps and tangent screws are provided for both circles, and for the vertical circle. The horizontal and vertical circles have diameters 21 and 13 cm. respectively, are both covered, divided to 10' and read by opposing verniers and reading microscopes to 10"". The telescope is mounted centrally on the horizontal axis, and can transit at either end. It has a fixed objective of aperture 3.5 cm. and focal length 25 cm., and a rack-focussing eyepiece tube, carrying a fixed cross-wire diaphragm and a screw-focussing inverting eyepiece. A sensitive spirit level is mounted in adjustable bearings longitudinally above the telescope, and another is fixed at right angles to this on the vernier plate, between the standards. The vertical circle is fixed to the telescope and transit axis, the vernier plate being fixed to one standard, and an axis clamp and tangent screw to the other. The trunnions on both standards are adjustable vertically. The instrument has a tribrach mounting, with three footscrews for levelling. These screws have flat ball and socket jointed footplates which rest on the tripod head. The attachment for fixing the theodolite to the tripod is the central screw and spring usual in German instruments, which permits a lateral adjustment of the theodolite over the station point without moving the tripod.",,,"[{'name': 'Dennert & Pape', 'role': 'maker'}]",Altona,c. 1875,"['brass', 'glass', 'steel']","['horizontal circle diameter 21 cm', 'vertical circle diameter 13 cm', 'objective aperture 3.5 cm', 'objective focal length 25 cm']",Used for repeating azimuth angles. Allows for lateral adjustment of the theodolite over the station point without moving the tripod.,,
167,1876-1195,,whole,1.0,,,TRANSIT THEODOLITE,"This instrument, constructed about 1875, has the telescope and vertical circle fixed at opposite extremities of the horizontal axis, outside the bearings. This arrangement reduces the height of the instrument and permits the telescope to transit completely, but has the disadvantage that the telescope is not centred above the station point. The horizontal circle has a diameter of 16 cm., is divided to 10' and read by opposing verniers and reading microscopes to 10"". It is covered by a metal plate attached above the vernier plate, and fits fairly tightly on the vertical axis, but can be rotated independently for taking readings of an azimuth angle at various parts of the limb. The vernier plate has an axis clamp and tangent screw, and carries a central socket in which the vertical axis rotates. A horizontal bracket fixed across the top of this socket carries the bearings for the transit axis. Both bearings can be adjusted on the bracket, and tested for horizontality by a sensitive striding level. The transit axis has a clamp and slow-motion screw to fix it to the vertical socket. The vertical circle has a diameter of 10·5 cm., is divided to 20' and reads by opposing verniers fixed to the axis bracket and magnifying lenses to 1'. The telescope has a fixed objective of 2·5-cm. aperture and 22-cm. focal length, and a rack-focussing eyepiece tube carrying a fixed cross-wire diaphragm and a slide-focussing inverting eyepiece. The instrument is mounted on a tribrach, with three footscrews.",,,"[{'name': 'J. Wanschaff, Berlin', 'role': 'maker'}]",Berlin,c. 1875,"['brass', 'metal', 'glass']","['horizontal circle has a diameter of 16 cm.', ""divided to 10'"", 'read by opposing verniers and reading microscopes to 10""', 'vertical circle has a diameter of 10·5 cm.', ""divided to 20'"", ""reads by opposing verniers fixed to the axis bracket and magnifying lenses to 1'"", 'telescope has a fixed objective of 2·5-cm. aperture', '22-cm. focal length']","This instrument has the telescope and vertical circle fixed at opposite extremities of the horizontal axis, outside the bearings. This arrangement reduces the height of the instrument and permits the telescope to transit completely, but has the disadvantage that the telescope is not centred above the station point.",,
168,1911-161,Inv. 1911-161,whole,1.0,,donated,TRANSIT THEODOLITE,"This instrument was made at the end of the 19th century and used in the British Antarctic Expedition, 1901. It has 7-in. vertical and horizontal circles, graduated every 10' and reading by two opposing verniers and reading microscopes to 10"". All adjustable screws and parts are covered with wash leather to protect the operator's fingers from frost. The horizontal and alidade circles are enclosed in a metal case, the verniers being covered by hinged plates. Clamps and tangent screws are fitted to both circles, and to the vertical circle, which is not covered, and is fixed to the transit axis. The vertical vernier bracket is clamped to a lug on one standard by opposing screws, and carries a sensitive spirit level perpendicular to the transit axis. The transit axis rests in Y-bearings on the standards, one trunnion being adjustable vertically, and is kept in position by metal retaining straps; it is hollow and has a lens at one end for illuminating the telescope axis. The telescope is rigidly fixed to this axis and transits at the eyepiece end only. It has an objective of 11-in. focal length and 1·5-in. aperture, focussed by a rack and pinion mechanism controlled from the eyepiece end. The diaphragm has one vertical and one horizontal thread, both adjustable laterally. Three slide focussing eyepieces are provided, one inverting, one diagonal, and one erecting. There is a central reflector in the telescope for illuminating its axis by light coming through the transit axis from a lamp fixed to one standard. A striding level is provided for testing the transit axis. The vernier cover plate carries a spirit level, with its axis parallel to the transit axis, whilst a perpendicular level is fixed to one standard. A central compass with a 4-in. ring graduated in degrees is attached to the vernier plate. The instrument has a tribrach mounting with three levelling footscrews, whose points rest in a trivet plate; this is provided with a locking plate of the Everest type attached to the tripod head.",,,"[{'name': 'Elliott Bros.', 'role': 'maker'}, {'name': 'Admiralty', 'role': 'donor'}]",,end of the 19th century,"['brass', 'metal', 'wash leather']","['7-in. vertical and horizontal circles', ""10'"", '11-in. focal length', '1·5-in. aperture', '4-in. ring']","Used in the British Antarctic Expedition, 1901. All adjustable screws and parts are covered with wash leather to protect the operator's fingers from frost.",,
169,1893-147,,whole,1.0,,,TRAVELLER'S TRANSIT THEODOLITE,"This is a compact theodolite specially designed for Alpine and military surveying. It has 3-in. vertical and horizontal circles, divided to half-degrees and read by verniers to single minutes. A diagonal eyepiece is provided for astronomical observations of stars near the zenith. The construction of the instrument is similar to that of a modern vernier theodolite of twice the size. The transit axis rests on standards projecting from the vernier plate, and carries a central telescope and the vertical circle fixed to it. The vernier arm projects from one standard, and a tangent clamp and slow-motion screw is fitted to the other, which also carries a spirit level perpendicular to the transit axis. A similar level parallel to the transit axis is fixed on the vernier plate, which also carries a central compass box, having a 1-in. ring divided in degrees. The compass needle is provided with a lifting lever for clamping it when desired. The vernier plate rotates independently about the vertical axis and has a clamp and tangent screw for connecting it to the horizontal circle, which has a similar clamp and tangent screw connecting it to the tribrach. This latter has three footscrews, with their feet clamped in a trivet plate by a locking plate of the Everest type. The trivet plate can be screwed to the tripod head. The telescope has a rack-focussing objective of 4·5-in. focal length and 0·65-in. aperture, a fixed cross-wire diaphragm and a set of slide-focussing eyepieces, one erecting, one inverting, and one diagonal. A reflector for illuminating the cross wires at night is fitted in front of the objective.",,,"[{'name': 'L. Casella', 'role': 'maker'}]",,,"['brass', 'glass', 'steel']","['3-in. vertical and horizontal circles', '1-in. ring', '4·5-in. focal length', '0·65-in. aperture']",Specially designed for Alpine and military surveying. Used for astronomical observations of stars near the zenith. The construction of the instrument is similar to that of a modern vernier theodolite of twice the size.,,
170,1914-741,,whole,1.0,,,ENGINEER'S TRANSIT THEODOLITE,"This instrument illustrates many of the characteristics of modern American transit theodolites of the type used in reconnaissance and engineering surveying. The solar attachment to the telescope for determining meridians and latitudes by observations on the sun is a special feature, whilst the levelling base, with its ""shifting centre"" and four footscrews, is typical of American construction.",,,"[{'name': 'W. & L. E. Gurley', 'role': 'maker'}]","Troy, New York",,[],[],"Used in reconnaissance and engineering surveying. The solar attachment is a special feature for determining meridians and latitudes by observations on the sun. The levelling base with its ""shifting centre"" and four footscrews is typical of American construction.",,
171,1920-88,Inv. 1920-88,whole,1.0,,loaned,MICROMETER MICROSCOPE TRANSIT THEODOLITE,"A precision transit theodolite of Continental design, with micrometer microscopes for reading both circles to within a few seconds. The horizontal and vertical circles are graduated on silver and read by two opposing micrometer microscopes. The telescope and vertical circle are mounted eccentrically at one end of the transit axis. An auxiliary vertical circle is mounted on the other end of the transit axis. The telescope has a sliding eyepiece, actuated by a rack and pinion arrangement and a fixed objective. Salved from a German warship sunk at Scapa.",,,"[{'name': 'A. Lingke & Co.', 'role': 'maker'}, {'name': 'The Admiralty', 'role': 'lender'}]",Freiberg,,"['brass', 'silver', 'glass']","['14 cm. diameter (horizontal circle)', '13 cm. diameter (vertical circle)', '10-cm. diam. (auxiliary vertical circle)', '22-cm. focal length (objective)', '2-5-cm. aperture (objective)']","The precision of small theodolites has been greatly enhanced by the provision of micrometer microscopes for reading the circles to within a few seconds. The eccentric arrangement of the telescope permits it to transit independently of the height of the standards above the horizontal circle, and also enables longer microscopes to be employed with the vertical circle than is possible when the telescope is above the vertical axis. The auxiliary vertical circle serves both to balance the instrument and to check the larger units of the vertical reading.",,
172,1917-77,,whole,1.0,,,SMALL UNIVERSAL INSTRUMENT,"A 17th-century instrument for measuring angles in either a vertical or a horizontal plane. It consists of a wooden rectangular frame to which can be screwed a brass socket in either of two positions for setting the plane of the rectangle horizontal or vertical. Two adjacent sides of the rectangle have folding brass sights at their corners for setting off right angles. A movable brass index arm, provided with folding sights, is centred on one of the sighted sides of the rectangle and rotates over a brass scale mounted on the other side. This scale is graduated to read tangents, to the nearest tenth. A clamp and screw fixed to the index arm serve to clamp it in any desired position to a brass arc fixed to the rectangle. The outer sight on the arm carries a plumb-line when the rectangle is horizontal. When vertical angles are being measured, the plumb-line is detached and fixed to a screw so that it hangs parallel to the brass scale in the plane of the rectangle.",,,[],,17th-century,"['wood', 'brass', 'steel', 'plumb-line']",[],"Instrument for measuring angles in either a vertical or a horizontal plane. The scale is graduated to read tangents, to the nearest tenth.",,
173,1876-1207,,whole,1.0,,donated,TROUGHTON DIP SECTOR,"The Dip-Sector was first designed and made by Troughton for measuring the ""dip of the horizon"" from an elevated observing point. The graduated sector, index arm, index mirror and horizon mirror are the same as in the sextant, but the telescope has its eyepiece at right angles to its objective, a reflecting mirror being interposed between the two. This enables the observer to measure the zenith angle between the apparent horizon lines to his left and right. By rotating the handle through a half turn, he can measure the corresponding nadir angle. The quarter of the difference between these two readings is the required dip angle between his apparent and true horizons. The index error is eliminated in this method. The horizon mirror, fixed to the sector, is partly silvered and partly unsilvered. The index glass, which rotates with the index arm, is wholly silvered, and has a central index. The arm carries the vernier, and can be clamped to the sector at any point, further rotation being effected by a tangent screw. The telescope can be adjusted to vary its lateral distance from the sector by a screw, and the handle can be rotated and clamped in any position parallel to the face of the sector.",,,"[{'name': 'Thos. Jones', 'role': 'maker'}, {'name': 'Admiralty', 'role': 'donor'}, {'name': 'Troughton', 'role': 'designer'}]",,early part of the 19th century,"['brass', 'silver']","['radius of 7 in.', ""divided on silver from 5° to 40° every 10'"", 'read by vernier to 10""']","Used for measuring the ""dip of the horizon"" from an elevated observing point. Enables the observer to measure the zenith angle between the apparent horizon lines to his left and right. By rotating the handle through a half turn, he can measure the corresponding nadir angle. The quarter of the difference between these two readings is the required dip angle between his apparent and true horizons. The index error is eliminated in this method. The actual angles are only half the graduation angle, as in the sextant, but the angle read is the correct one between the two sight lines.",,1876
174,,Inv. 1865-5,whole,1.0,,donated,BOX SEXTANT,"A brass box sextant with an aperture sighting hole and opposing window cut in its circular side. The index mirror is rotated from without the box by means of a milled head and pinion gears, and the external vernier arm is fixed on the same pivot axis as this mirror and measures its rotation on a graduated arc engraved on a silver strip embedded in the upper external surface of the box.",,,"[{'name': 'Newton & Co.', 'role': 'maker'}, {'name': 'Newton & Co.', 'role': 'lender'}, {'name': 'William Jones', 'role': 'inventor'}]",,beginning of the 19th century,"['brass', 'silver']",[],Measures angles like the sextant.,,
175,1911-220,Inv. 1911-220,whole,1.0,,donated,PAGET ANGLE SEXTANT,"This instrument is very similar to the ordinary box sextant with open sides and is used for measuring angles in any plane. One object is viewed directly through a lateral aperture and the unsilvered half of a fixed mirror, whilst the other is viewed after double reflection at the surface of a rotating mirror and the silvered half of the fixed one.",,,"[{'name': 'Hughes & Son', 'role': 'maker'}, {'name': 'The Admiralty', 'role': 'donor'}]",,,,,Used for measuring angles in any plane.,,
176,1920-583,,whole,1.0,,donated,AERIAL POSITION FINDER,"This instrument is a crude form of altazimuth theodolite, designed for approximately locating the position of aerial objects. The altitude and azimuth angles of such an object can be measured at any moment to the nearest tenth of a degree.",,,"[{'name': 'Admiralty', 'role': 'presenter'}]",,,[],['nearest tenth of a degree'],Designed for approximately locating the position of aerial objects. The altitude and azimuth angles of such an object can be measured at any moment.,,
177,,Inv. 1919-415,whole,1.0,,,COMBINED THEODOLITE AND CROSS HEAD,"This instrument, probably of fairly modern French construction, has a hollow brass cylinder of 13 cm. diam., divided into two parts independently movable about the common vertical axis, instead of the horizontal and vernier plates of an ordinary theodolite. bearings between these standards and is used for setting the axis of the cylinder vertical. The curved face of this half is pierced by two pairs of vertical sighting slits at opposite ends of perpendicular diameters, and the lower circular edge, which is in contact with the lower half cylinder, has two opposing vernier scales engraved on it. The corresponding edge of the lower half is graduated in degrees, and read by the verniers to 2'. This half, which has a single pair of vertical sighting slits pierced in its surfaces, is mounted upon a tribrach provided with the usual three footscrews, and is fitted with a clamp and tangent screw for slow motion. The upper half cylinder can be rotated with respect to the lower half by a toothed wheel and pinion mechanism, actuated by a milled screw beneath the cylinder. The telescope is mounted so as to be always in the same vertical plane as the vernier zeros of the upper half cylinder. It has a fixed objective of 1-in. aperture and 7-in. focal length, and a rack-focussing eyepiece tube with a slide-focussing inverting eyepiece. The head of the tripod used with this instrument is also exhibited and illustrates the type usual in French construction. It is of wood, with brass slots for the feet of the tribrach, and is connected to the theodolite by a central plunger screw with opposing spring, which permits the small displacement of the instrument necessary for setting it horizontal.",,,"[{'name': 'French', 'role': 'maker'}]",,fairly modern,"['brass', 'wood']","['13 cm. diam.', '1-in. aperture', '7-in. focal length']","Used for setting the axis of the cylinder vertical. The curved face of this half is pierced by two pairs of vertical sighting slits at opposite ends of perpendicular diameters, and the lower circular edge, which is in contact with the lower half cylinder, has two opposing vernier scales engraved on it. The corresponding edge of the lower half is graduated in degrees, and read by the verniers to 2'. This half, which has a single pair of vertical sighting slits pierced in its surfaces, is mounted upon a tribrach provided with the usual three footscrews, and is fitted with a clamp and tangent screw for slow motion. The upper half cylinder can be rotated with respect to the lower half by a toothed wheel and pinion mechanism, actuated by a milled screw beneath the cylinder. The telescope is mounted so as to be always in the same vertical plane as the vernier zeros of the upper half cylinder. It has a fixed objective of 1-in. aperture and 7-in. focal length, and a rack-focussing eyepiece tube with a slide-focussing inverting eyepiece. The head of the tripod used with this instrument is also exhibited and illustrates the type usual in French construction. It is of wood, with brass slots for the feet of the tribrach, and is connected to the theodolite by a central plunger screw with opposing spring, which permits the small displacement of the instrument necessary for setting it horizontal.",,
178,Inv. 1914-553. 554. 555.,,whole,3.0,,,READING MICROSCOPES,"Three types of microscope for reading the circles of small theodolites. In each case, the circles are completely enclosed in metal, dust-proof cases, and the microscopes are consequently provided with mirror reflecting tubes for illuminating the graduations. The first microscope is a ""Schätz"" or ""Estimation"" Microscope, and has a single fixed line marked in its focal plane, parallel to the graduations of the circle. It is used in theodolites having 10-cm. circles, graduated every 10'. The position of the fixed microscope line between these graduations is estimated to a single minute. The second microscope, known as a ""Nonien-Mikroskop,"" has a fixed vernier scale marked in its focal plane, and is used for theodolites having 13-cm. circles graduated to 5'. Ten divisions of the vernier scale correspond to nine of the circle, whence the position of the zero vernier line can be read to 30"", or even to 15"" by estimation. Alternate graduations of the vernier scale are numbered consecutively from 0 to 5, and represent minutes. The third microscope, designated a ""Skalen-Mikroskop,"" is of the type devised by Hensoldt in 1870, and is used on theodolites having 13·5-cm. circles, graduated in 20'. A fixed scale in the focal plane of the microscope has ten divisions, numbered right to left, exactly covering the interval between consecutive graduations of the circle. The position of one circle graduation on this scale can be read to one-tenth of a scale division, i.e., to 12"". In this and the second microscope, the reading edges of the two scales slightly overlap each other, which ensures a sharper reading.",,,"[{'name': 'O. Fennel Söhne', 'role': 'maker'}, {'name': 'Hensoldt', 'role': 'designer'}]",Cassel,1870,"['brass', 'metal', 'glass']","['10-cm.', '13-cm.', '13·5-cm.']","These represent three types of microscope for reading the circles of small theodolites. In each case, the circles are completely enclosed in metal, dust-proof cases, and the microscopes are consequently provided with mirror reflecting tubes for illuminating the graduations. Used for estimating to a single minute, reading to 30"" or 15"" by estimation, and reading to one-tenth of a scale division, i.e., to 12"".","See ""Zeitschrift für Vermessungswesen,"" 1902, p. 214-216. See ""Zeitschrift für Instrumentenkunde,"" 1912, Part V. See ""Zeitschrift für Vermessungswesen,"" 1879, pp. 497–507.",1902
179,1921-539,,whole,1.0,,donated,SHIFTING CENTRE TRIPOD HEAD,"A tripod head fitted with a ""shifting centre"" arrangement, permitting the centre of the attached theodolite to be displaced any distance up to about 1 in. in any direction without removing the theodolite from the tripod or altering the position of this latter. The tripod head consists of five metal parts, namely a threaded plate to which the theodolite is screwed, a shoulder plate to which the tripod legs are attached, and three other parts which together form a collar, between the flanges of which the other two plates can be clamped. A small circular spirit level is embedded in the top of the tripod plate and is used to set this approximately level.",,,"[{'name': 'T. Cooke & Sons, Ltd.', 'role': 'maker'}, {'name': 'T. Cooke & Sons, Ltd.', 'role': 'lender'}]",York,,['metal'],"['up to about 1 in.', '1½ in.', '2 in.', '2⅛ in. diam.']",This property is very useful in setting the theodolite accurately over the station point.,,1921
180,1876-1204,S.M. 260,whole,1.0,,donated,TRANSIT THEODOLITE,"A 2-ft. transit theodolite. This instrument was made at the commencement of the Irish survey and was first used in 1828 for checking the measurement of the Lough Foyle base by triangulation. It was further employed between 1829 and 1862 in measuring the main angles of the Principal Triangulation of Great Britain and Ireland. This theodolite differs from the adjacent 3-ft. one made by Ramsden in that its telescope can transit completely between the supporting pillars, and the horizontal circle is mounted upon a repeating stage so that both circle and microscopes can be independently rotated. The horizontal circle is 2 ft. in diam., and is divided on silver to 5′ and read by five microscopes to 1″. Two vertical circles of 12-in. diam. are fixed to the telescope; they are divided to 5′ and read by single microscopes to 2″. The telescope has a fixed objective of 27-in. focal length and 2·1-in. aperture, and a rack-focussing eyepiece tube carrying the diaphragm and erecting eyepiece. The diaphragm has one fixed horizontal wires, with five equidistant vertical wires moved laterally by a micrometer screw. The repeating stage rests by means of three footscrews upon an iron triangle fixed upon the head of the wooden tripod stand. It has an upper rotating tribrach supporting the horizontal circle and upper axis of the theodolite. The five microscopes reading this circle rotate with the telescope and upper part about this axis. Clamps and tangent screws are fitted to both circles and the repeating stage, and four spirit levels are provided for adjusting the telescope and horizontal axis of rotation.",,,"[{'name': 'Troughton and Simms', 'role': 'maker'}, {'name': 'Ordnance Survey', 'role': 'donor'}]",,,"['brass', 'glass', 'steel', 'silver', 'iron', 'wood']","['2-ft.', '3-ft.', '2 ft. in diam.', '12-in. diam.', '27-in. focal length', '2·1-in. aperture']","This instrument was made at the commencement of the Irish survey and was first used in 1828 for checking the measurement of the Lough Foyle base by triangulation. It was further employed between 1829 and 1862 in measuring the main angles of the Principal Triangulation of Great Britain and Ireland. This theodolite differs from the adjacent 3-ft. one made by Ramsden in that its telescope can transit completely between the supporting pillars, and the horizontal circle is mounted upon a repeating stage so that both circle and microscopes can be independently rotated.","See ""Account of the Measurement of the Lough Foyle Base,"" Ordnance Survey, 1847, p. 108.",1847
181,1921-479,,whole,1.0,,loaned,TRANSIT THEODOLITE,"This instrument has horizontal and vertical circles, each 40-cm. diam., graduated direct on silver to 5', and each read by four micrometer microscopes direct to 2"", by estimation to 0"".",,,"[{'name': 'Brunner Frères', 'role': 'maker'}]",Paris,1858,"['brass', 'silver']",['40-cm. diam.'],This instrument was ordered in 1858 for use in a projected general survey of Egypt.,"Ministry of Public Works, Egypt",1858
182,123,Inv. 1895-48,whole,1.0,,loaned,EVEREST THEODOLITE,"The example shown was made in 1884, and the probable error of a single observation made with it was about one second of arc. divided on silver to 10' and read by opposing verniers and reading microscopes to 10"". The arcs are fixed to the axis of rotation carrying the telescope and counterpoise, whilst the verniers are clamped to one standard. The telescope has a rack-focussing objective of 2.5-in. aperture and 20-in. focal length, a fixed star diaphragm, and a slide-focussing Ramsden eyepiece.",,,"[{'name': 'T. Cooke & Sons, Ltd.', 'role': 'maker'}, {'name': 'Ordnance Survey', 'role': 'lender'}]",,1884,"['brass', 'silver']","['12-in.', '2.5-in. aperture', '20-in. focal length']",Theodolites of this type were used by the Ordnance Survey in the Secondary Triangulation of the United Kingdom during the latter half of the 19th century.,,1895
183,1876-1202,,whole,1.0,,donated,AIRY'S ZENITH SECTOR,"A zenith sector designed by Sir George Airy and constructed under his direction. It was used between 1842 and 1850 for determining the latitudes of twenty-seven stations of the Principal Triangulation. The telescope is pivoted horizontally to a revolving gunmetal frame which is itself pivoted vertically in a fixed cast-iron framework. The latter is supported upon a rectangular plate which in turn rests upon a cast-iron trough; this trough was usually screwed upon heavy wooden pickets driven into the ground. Four micrometer microscopes attached to the telescope serve to read its inclination to the zenith upon two graduated arcs, mounted upon the revolving frame. Each arc extends over 45° of a circle of radius 20.5 in., and is divided to 5' and read by the microscopes to one-quarter of a second. The telescope has an objective of aperture 3.7 in. and 46 in. focal length, a micrometer diaphragm with five fixed and one movable wires, and an inverting eyepiece of magnification 70. Three sensitive spirit levels are fixed in adjustable bearings across the back of the revolving frame. In taking observations of a star's transit, the frame is quickly rotated to permit face east and face west readings of the telescope. The probable error of a single observation of latitude with this instrument was about 1"".",,,"[{'name': 'Sir George Airy', 'role': 'designer'}, {'name': 'Ordnance Survey', 'role': 'donor'}]",,1842-1850,"['brass', 'gunmetal', 'cast-iron', 'wood']","['20.5 in.', '3.7 in.', '46 in.']",Used for determining latitudes in the Principal Triangulation of Great Britain and Ireland. Designed to replace Ramsden's zenith sector after its destruction by fire. Used for determining the latitudes of twenty-seven stations of the Principal Triangulation.,"""Astronomical Observations made with Airy's Zenith Sector,"" Ordnance Survey",1852
184,1891-24,S.M. 1943,whole,1.0,,,ZENITH SECTOR,"This portable sector was made at the beginning of the 19th century for use in America and was afterwards transferred to Copenhagen. The main telescope for observing stars near the zenith is pivoted horizontally near its objective end to the top of a vertical hollow brass cylinder, which carries at its lower end the fixed graduated sector over which the eyepiece of the telescope rotates. Two micrometer microscopes fixed to the telescope serve to read its inclination to the vertical upon separate scales engraved on the sector. The scales, each of which covers about 15° and is divided to 3', start at opposite ends of the sector and overlap about 5° in the centre. A third scale, continuous across the whole sector, is read by an index and serves as a check. The telescope has an objective of 2.5-in. aperture and 45-in. focal length. Its motion over the sector is controlled by a clamp and tangent screw. The base of the vertical cylinder is connected to a horizontal circle by six vertical pillars and can rotate with this circle about a vertical axis coincident with the cylinder axis. A long plummet suspended within the cylinder along its axis rests in a water vessel, inside the pillars, and serves to set the axis vertical. Its position is observed by two perpendicular microscopes fixed in the cylinder below the graduated sector. A small telescope pivoted to the cylinder is used to observe circumpolar stars for setting the sector in the meridian. The three levelling foot screws of the tribrach rest on the top plate of a strong mahogany tripod. A small spirit level is mounted on the cylinder for rough levelling, and an adjustable counterpoise balances the telescope.",Copenhagen,,"[{'name': 'Troughton', 'role': 'maker'}]",America,Beginning of the 19th century,"['brass', 'mahogany']","['2.5-in. aperture', '45-in. focal length', '9 in diameter']","Used for observing stars near the zenith, setting the sector in the meridian, and setting the axis vertical.","Pearson's Astronomy, 1829, Vol. II, p. 546",1829
185,1883-14,,whole,2.0,PHOTOGRAPHS OF ZENITH SECTOR,loaned,ZENITH SECTOR,"The zenith sector represented in these two photographs was designed by Lt.-Col. A. Strange and constructed by Troughton and Simms in 1869 for use in the Great Trigonometrical Survey of India. By means of this and a somewhat improved instrument of similar design and make, many latitudes were determined in India during the period 1884-1900; from 1890, however, a more convenient zenith telescope has been mostly employed in India for determining latitudes by Talcott's method. The instrument illustrated consists of a telescope of 4-in. aperture and 48-in. focal length, mounted rigidly upon a double sector which forms part of a graduated vertical circle of 3 ft. diam. The telescope can rotate upon a horizontal axis supported by a vertical metal pillar, and the vertical rotation is measured by means of four microscopes fixed to the frame carrying the axis. The instrument can be accurately adjusted upon its base frame so that the vertical sector revolves in the meridian plane, and its zero line is adjusted to be horizontal by means of a sensitive spirit level; the zero line is perpendicular to the telescope axis of sight, which therefore points to the zenith when the former is horizontal. The sector is graduated on silver every 5'; each limb extends over 55° and is read by two microscopes, separated 20"" from each other, to single seconds; a separate smaller microscope serves to read degrees and minutes on the sector graduations. The telescope has a micrometer eyepiece fitted with a diagonal reflecting prism. A setting circle, of diameter 8 in., divided to 10' and read by vernier to 10"", is mounted on the telescope near its eyepiece, and is provided with a small level and also a very sensitive one, which latter permits the instrument to be used as a zenith telescope for observations by Talcott's method.",,,"[{'name': 'Lt.-Col. A. Strange', 'role': 'designer'}, {'name': 'Troughton and Simms', 'role': 'maker'}, {'name': 'Prof. J. Norman Lockyer', 'role': 'lender'}]",,1869,"['brass', 'silver', 'metal', 'glass']","['4-in. aperture', '48-in. focal length', '3 ft. diam.', 'diameter 8 in.']","Used for determining latitudes, specifically by Talcott's method. The probable error of latitude determination with this instrument was about 0·05"".","""Great Trigonometrical Survey of India,"" Vol. XI, 1890.",1890
186,1921-513,Inv. 1921-513,whole,1.0,,loaned,ZENITH TELESCOPE (3-in.),"A photograph illustrating a 3-in. portable zenith telescope for determining latitudes by the Talcott method. The original instrument was supplied to the Survey of India in 1909, and is a typical example of the modern zenith instrument for geodetic work. The telescope, of 3-in. aperture and about 42-in. focal length, is mounted at one end of the horizontal axis by means of a centrepiece, which also carries the Talcott level frame. The latter has two chambered levels, running 0·1 in. to 2"" of arc, enclosed in special sealed cases lined with thermal insulating material, and is provided with a long sensitive clamp and slow motion screw permitting an accurate adjustment in altitude. The horizontal axis has a weight relieving spring and ball race at the telescope end and a counterpoise at the other end; it is hollow to permit illumination of the telescope field by means of an oil or electric lamp. The telescope has a steel micrometer eyepiece, giving a value of about 30"" to one revolution of the micrometer screw. A 7-in. setting circle, divided on silver to 30' and reading by vernier to 1', is mounted on the telescope near the eyepiece end. A 10 in. diam. horizontal circle, divided on silver to 30' and read by vernier to 1', is mounted on the tribrach base, which is provided with three levelling foot-screws. A clamp and slow motion screw controls the vertical axis motion, and two adjustable stops are provided to enable the telescope to be rapidly rotated in azimuth through 180°. A striding level is mounted above the horizontal axis of the instrument.",,,"[{'name': 'T. Cooke & Sons, Ltd.', 'role': 'lender'}]",,1909,"['brass', 'steel', 'silver']","['3-in. aperture', '42-in. focal length', '0·1 in. to 2"" of arc', '7-in. setting circle', '10 in. diam. horizontal circle']",Used for determining latitudes by the Talcott method. Typical example of the modern zenith instrument for geodetic work.,Survey of India,1909
187,1914-304,S.M. 1941 & 1942,whole,1.0,PORTABLE TRANSIT,loaned,PORTABLE TRANSIT,"A transit of this type was used about 1850 by F. G. Struve in his measurement of an arc of the 52nd parallel from Haverfordwest to Eastern Russia. The telescope has a 2·7 in. objective and is ""broken"" where it meets the hollow transit axis, a diagonal prism being here interposed to deflect the light into the eyepiece tube at one end of this axis. The diaphragm of the Ramsden eyepiece, which has a pair of movable wires actuated by a micrometer screw in addition to an adjustable reticule, is illuminated by a lamp mounted at the other end of the transit axis. A vertical circle of 11 in. diam., divided on silver to 10', is fixed to the transit axis near the eyepiece, and is read by an index on the adjacent standard. The steel pivots of the transit axis rest on high standards projecting from the levelling platform, which is supported on the wooden tripod stand by three levelling screws, having a point, line and plane contact respectively with the bearing plates. Two small bubble-levels are used to set the base horizontal by means of the foot-screws, and the transit axis is finally adjusted horizontal by a sensitive hanging level. The telescope can be lifted from its bearings on the standards and reversed end for end by means of a rotating framework mounted inside the levelling platform and carrying two extending forks which support the transit axis during the rotation.",,,"[{'name': 'Brauer', 'role': 'maker'}, {'name': 'Royal Observatory, Greenwich', 'role': 'lender'}, {'name': 'F. G. Struve', 'role': 'user'}]",,c. 1850,"['brass', 'silver', 'steel', 'wood']","['2·7 in. objective', '11 in. diam.']","Used for measurement of an arc of the 52nd parallel. The telescope is ""broken"" where it meets the hollow transit axis, a diagonal prism being here interposed to deflect the light into the eyepiece tube at one end of this axis.","Plate VI, Fig. 2, p. 86",
188,1921-514,,whole,1.0,,loaned,TRANSIT INSTRUMENT,"A transit instrument with a telescope of 3-in. aperture and about 30-in. focal length, having two setting circles of 6 in. diam., reading by verniers to 20"", mounted near its eyepiece end. The telescope is mounted upon a rigid horizontal axis fitted with a long clamp and slow-motion screw. The axis rests in bearings upon a massive U-shaped frame which permits the telescope to transit, and also carries a mechanism for lifting the telescope axis from its pivots and reversing it through 180° in azimuth. The supporting frame is adjustably mounted upon a base plate which can be fixed on a masonry pier. The diaphragm of the telescope is of glass and has seven lines; it is illuminated through the transit axis by means of an electric lamp at one end of the latter. A sensitive striding level is mounted above the axis. Levels, tangent and slow motion screws are fitted to both setting circles.",,,"[{'name': 'T. Cooke & Sons, Ltd.', 'role': 'lender'}]",,,"['brass', 'glass']","['3-in. aperture', '30-in. focal length', '6 in. diam.']",Transit instruments of the type here illustrated are sufficiently portable to be used for time and longitude observations in geodetic surveys. Transits very similar to the original of this photograph have been supplied to the Colonies in recent years.,,
189,Inv. 1920-131,S.M. 1939 & 1940,whole,1.0,,,EQUAL ALTITUDE INSTRUMENT,"This instrument, also known as a ""Prismatic Astrolabe,"" was designed by MM. Claude and Driencourt about the year 1900, and is used for the astronomical determination of latitude, local time and azimuth. It acts on the principle of determining the exact moment at which a known star crosses a horizontal circle of constant angle, namely 60°. The instrument exhibited is the ""geodetic"" model of the firm, and has a telescope of aperture 40 mm. and magnification 75 diam. Latitudes can be determined with it to 0.4"" and time to 0.04/sin \lambda sec., where \lambda is the co-latitude of the observing station. The telescope can rotate in azimuth upon one end of a horizontal plate, which carries a mercury artificial horizon at its other end and can itself rotate above the graduated horizontal circle of the instrument. This circle is divided in degrees, serving any particular star. An equilateral glass prism of sides and height 45 mm. is mounted in front of the objective lens of the telescope, with its base vertical and apex edge horizontal. When the star is nearly at an altitude of 60°, two images are seen of it in the telescope, one by light refracted through the prism and telescope, and the other by light reflected from the mercury horizon before refraction in the prism. At the precise moment that the star crosses the 60° horizontal circle, the two images meet on the same horizontal line of the telescope graticule. By a series of similar observations of the times of crossing of known stars, both latitude and local time can be ascertained from tables.",,,"[{'name': 'A. Jobin', 'role': 'maker'}, {'name': 'Claude', 'role': 'designer'}, {'name': 'Driencourt', 'role': 'designer'}]",Paris,c. 1900,"['brass', 'glass', 'mercury']","['aperture 40 mm', 'magnification 75 diam', 'sides and height 45 mm']","Used for the astronomical determination of latitude, local time and azimuth. It acts on the principle of determining the exact moment at which a known star crosses a horizontal circle of constant angle, namely 60°. Latitudes can be determined with it to 0.4"" and time to 0.04/sin \lambda sec., where \lambda is the co-latitude of the observing station. By a series of similar observations of the times of crossing of known stars, both latitude and local time can be ascertained from tables.","Plate VII, Fig. 1, p. 90. ""Handbook of the Prismatic Astrolabe,"" by J. Ball and H. Knox-Shaw, 1919.",1919
190,2197,Inv. 1908-120,whole,1.0,,,LEAN'S DIAL,"A surveying instrument in which the vertical semicircle is fixed to the alidade with its curved edge upwards, and the telescope rotates tangentially upon it. This arrangement permits nearly vertical sights to be taken and renders the instrument suitable for mine surveying. The vertical arc and telescope can easily be detached from the alidade for packing the instrument. The alidade also carries a compass box. The telescope has a simple inverting eyepiece with a cross-thread diaphragm. There is no focussing arrangement. A spirit level is mounted in adjustable bearings beneath the telescope.",,,"[{'name': 'W. & S. Jones', 'role': 'maker'}]",,early part of the 19th century,"['brass', 'glass', 'steel']","['horizontal circle has a diameter of 4 in.', 'vertical arc has a diameter of 3 3/8 in.', 'compass box with a 2 in. ring', 'telescope has a focal length of 5 in.', 'clear aperture of 0.5 in.']",This arrangement permits nearly vertical sights to be taken and renders the instrument suitable for mine surveying.,"""Geometrical and Graphical Essays,"" by G. Adams",1813
191,,Inv. 1907-66,whole,1.0,,,MINER'S DIAL,"The plain mine surveyor's dial is very similar to the old circumferentor and has been much employed in England owing to its adaptability to surveying in low galleries and suitability for traversing. The instrument exhibited is a mid-19th-century dial, with a 5-in. compass ring graduated in degrees and a vernier fixed to the movable alidade reading to 3'. The compass ring and base are mounted upon an axial socket perpendicular to their planes and can be rotated about the central axis which fits in this socket and terminates in a spherical ball. This latter is gripped by another socket and can be clamped in any desired position so that the plane of the compass faces any direction. A slit in the socket allows the compass to take up a vertical position for measuring altitude angles. When measuring azimuth angles, the plane of the compass is levelled by means of a pair of perpendicular tube spirit levels fixed to the alidade. This is attached to the compass case, and carries combined back-sights and foresights at each end. The alidade and compass case, with the internal vernier scale, can be rotated independently of the compass ring and angles measured as in a theodolite, or the case can be clamped to the compass ring and the two rotated together about the axis of the latter for taking magnetic bearings, as in the ordinary compass. In the former case, the alidade is fitted with a tangent screw for slow-motion adjustment. The sights are 6 in. high and fixed at a distance of 1 ft. apart on the alidade. Each sight has both a slit and a pin-hole backsight and a long single-wire and a cross-wire foresight. The aperture and cross-wire sights are for use in measuring altitude angles. For this purpose the compass needle is locked by operating the lifting lever, the plane of the compass is set vertical, and the lid is placed in position on the box, and a plumb-line suspended from a stud in this lid. The opposite edge of the lid is graduated in degrees up to 45° each way and has a scale of hypotenusal increments engraved on it.",,,"[{'name': 'Henry Barrow & Co.', 'role': 'maker'}]",,mid-19th-century,[],"['5-in. compass ring', '6 in. high sights', '1 ft. apart on the alidade']",The plain mine surveyor's dial has been much employed in England owing to its adaptability to surveying in low galleries and suitability for traversing. The instrument exhibited is a mid-19th-century dial. Can be used for measuring altitude angles and azimuth angles. Can be used for taking magnetic bearings. The alidade is fitted with a tangent screw for slow-motion adjustment.,,
192,1922-43,,whole,1.0,,,HEDLEY DIAL,"The chief feature of this mining dial, which is a modern example of the type invented by John Hedley in 1830, is the use of a rocking circle, pivoted externally to the compass box, to carry either plain sights or a telescope. This arrangement permits a fairly steep vertical angle to be measured, the angle being read by an index revolving with the rocking circle over a graduated semicircle fixed to the compass box. The compass ring can rotate inside the box about the vertical axis, for measuring azimuth angles independently of the needle, or can be clamped to the box for taking magnetic bearings.",,,"[{'name': 'B. J. Hall & Co., Ltd.', 'role': 'maker'}, {'name': 'John Hedley', 'role': 'inventor'}]",,c. 1830,['brass'],[],A modern example of a mining dial invented by John Hedley in 1830. Its features allow for the measurement of steep vertical angles and both azimuth angles and magnetic bearings.,,1922
193,1865-6,,whole,1.0,,,SEXTANT,"A sextant of the usual type employed in marine surveying. It has a graduated arc of 8-in. radius, divided on silver to 10' and read by vernier and magnifier to 10"". The arc extends from 0° to 150°, each numbered degree being really only half a degree. The vernier moves with the index arm, which is pivoted at the centre of the arc and carries the index mirror. A long telescope is mounted in the usual up and down piece on one outer radius of the arc and faces the horizon mirror, mounted on the other outer radius. Coloured glasses are provided for astronomical sights, and a handgrip is mounted on the under side of the frame.",,,"[{'name': 'F. Newton & Co.', 'role': 'maker'}]",,,"['brass', 'silver', 'glass']",['8-in. radius'],Employed in marine surveying.,,
194,1920-84,Inv. 1920-84,whole,1.0,,donated,SEXTANT,A brass surveying compass with,,,"[{'name': 'H. Haecke, Berlin', 'role': 'maker'}, {'name': 'Admiralty', 'role': 'donor'}]",Berlin,,"['brass', 'glass']",['arc of radius 20 cm.'],"This sextant is believed to have belonged to the German surveying ship ""Moewe."" It is of the usual construction and has an arc of radius 20 cm., divided to 30' and read by vernier to 1'. The index arm, carrying the index mirror at its centre and the vernier at its extremity, is provided with a clamp and tangent screw for slow motion. Coloured glasses are fitted on pivots near both mirrors. A handgrip fixed beneath the frame is used when taking vertical angles, and has a screw socket beneath it for attaching a perpendicular handgrip used for taking horizontal angles. The telescope has two erecting eyepieces, of magnification 3 and 4 diam. respectively. A plain sight tube is also provided. The telescope supporting ring can be elevated or depressed by a fine screw in the usual manner.",,
195,1920-89,,whole,1.0,,loaned,REFLECTING CIRCLE SEXTANT,"This instrument, which was salved from a German warship sunk at Scapa, has a complete graduated circle instead of a sextant, and a totally reflecting right-angled prism instead of the usual horizon mirror; it is of the type first made by Pistor and Martins in 1845. The substitution of the prism for the horizon mirror enables angles up to 180° to be taken and also gives a clearer image at extreme angles, whilst the use of a complete circle and an index arm fitted with two opposing verniers, minimizes errors due to inequalities of graduation or inaccuracy in centring the index mirror and arm. The circle has a diameter of 13 cm. and is graduated to 10', corresponding to 20' of the angle measured. This angle is read by the vernier to 20"". Only part of the graduations, namely, those under one vernier, are numbered and in these a gap is left where the telescope and head of the observer foul the line of sight of the index mirror. This latter has its plane inclined at about 20° to the zeros of the index arm to which it is attached. The horizon prism is mounted with its reflecting face parallel to the index mirror when the verniers are at zero. It is opposite the lower half of the telescope, which is mounted in the usual "" up and down "" piece, the upper half of the field being left free from direct vision. The index arm has the usual clamp and tangent screw at one extremity, and a wooden handgrip for holding the instrument is attached beneath the circle. A reading microscope is fixed to a rotating bracket for magnifying the scales, and a set of smoked glasses for varying the illumination of the telescope field is attached to a rotating pivot near the supporting ring.",,,"[{'name': 'Pistor & Martins', 'role': 'maker'}, {'name': 'Admiralty', 'role': 'lender'}]",Berlin,1845,"['brass', 'wood', 'glass']",['13 cm diameter'],"The substitution of the prism for the horizon mirror enables angles up to 180° to be taken and also gives a clearer image at extreme angles, whilst the use of a complete circle and an index arm fitted with two opposing verniers, minimizes errors due to inequalities of graduation or inaccuracy in centring the index mirror and arm.",,
196,1911-173,Inv. 1911-173,whole,1.0,,donated,STATION KEEPER (Wharton Type),"This type of station keeper is essentially similar in construction to a box sextant, having a graduated arc of 6-in. radius extending over 20°. By measuring on this arc the angle subtended at his position by a fixed length on the distant object, the observer can calculate his distance from that object, or, having calculated the necessary angle, can set it on the instrument and keep his distance constant. The instrument consists of a sector-shaped box having its wider end open and its narrower end closed, save for a pin-hole aperture for sighting. At the open end, within the box, is mounted a fixed ""horizon"" mirror, whilst a movable index mirror is pivoted near the closed end and geared to an external rotating index arm, which moves over a graduated arc on the upper face of the box. The gearing is done by rack and pinion gear, which causes the index arm to rotate through twice the angle through which the index mirror moves. The arc is graduated in half-degrees from 0° to 20° and the index arm carries a vernier reading to 5′. In using the instrument the observer sights one end of the distant base directly through the space below the horizon mirror, and the other end by double reflection at the two mirrors, and moves his position or the index arm until the two ends appear coincident.",,,"[{'name': 'Admiralty', 'role': 'presenter'}]",,,"['brass', 'glass', 'steel']","['6-in. radius', '20°']","By measuring on this arc the angle subtended at his position by a fixed length on the distant object, the observer can calculate his distance from that object, or, having calculated the necessary angle, can set it on the instrument and keep his distance constant.",,
197,,Inv. 1920-22,whole,1.0,,loaned,STATION POINTER,"The arms of a station pointer are often fitted with sights which permit the instrument to act as a theodolite and thus to measure the angles subtended by three known points at the observing station. On detaching the arm piece from the circle and applying it to the chart like an ordinary station pointer, the position of the observing station can be plotted. The instrument exhibited is of this combination type, and was salved from a German warship sunk at Scapa Flow. It has a graduated circle of 11-in. diam., with its edge divided on German silver to single degrees. This circular plate can rotate within a hollow central axis which terminates below in a spherical ball; this ball forms part of a ball and socket joint connecting the instrument to a stand. The plate can thus be set in any plane and clamped by means of a threaded collar acting on the joint; it can then be rotated in this plane and clamped by a radial screw threaded in its outer axis and impinging on its inner one. The arms of the instrument are mounted on a separate circular ring which has a central pin fitting within a hole in the centre of the plate. Each arm is pivoted round this pin and can be turned about it and clamped to the edge of the circular ring when the arm is directed towards the corresponding fixed point. The central pin acts as backsight for the observation, whilst each arm has a folding slit foresight fixed at its outer end. The subtended angles can then be read off on the graduated circle if required and the arm piece removed and applied to the chart. The bevelled edges of the arms are then made to pass through the corresponding fixed points on the chart, when the central pin marks the position of the observing station. This pin is mounted loosely in the arm piece and its point kept slightly above the plane of the arms by a spring. On depressing the head of the pin, its point makes an indentation in the chart and thus plots the position of the observing station.",,,"[{'name': 'H. Haecke', 'role': 'maker'}, {'name': 'Admiralty', 'role': 'lender'}]",,,"['brass', 'German silver', 'steel']","['11-in. diam.', '14 in. long', '20 in.']","Used to measure the angles subtended by three known points at the observing station, allowing plotting of the observing station's position. The instrument can act as a theodolite. The position of the observing station can be plotted by applying the arm piece to a chart.",,
198,1923-405,,whole,1.0,,donated,NORDENFELT SEXTANT,"A modified form of sextant designed by T. Nordenfelt about 1884 for rangefinding at sea. Observations are taken with the plane of the sextant vertical from a point on board ship at a known height above sea level upon the water line of a distant object and simultaneously upon the horizon. When the horizon and water line images are made to coincide by revolving the index arm, the reading of the index on the graduated arc gives the range of the distant object directly. The index mirror is not mounted upon the pivot of the rotating arm, but upon an eccentric pivot, connected to the arm by a cam and pin mechanism, which causes the mirror to rotate through a much smaller angle than the arm; this enables the angle swept out by the reflected ray to be varied very gradually between narrow limits, whilst the index traverses an arc of 60° or thereabouts. As the angle of depression of the distant object below the horizon varies inversely as the range, if the base—i.e. the height of the observer above sea level—is constant, the arc of the sextant can be graduated to read the range directly. Different arcs are, however, necessary for different observing heights, and three are provided, two for heights of 96 ft. and the third for a height of 47 ft. ; any arc can be fixed in the sextant frame by means of clamping pins. The effect of the dip of the horizon is allowed for on the graduated arcs. The rotating arm is provided with one fixed index mark and another index which can be displaced relative to the fixed one by means of a tangent screw; the arm has a separate clamp and tangent screw. Two telescopes, of different fields and magnifications, are provided.",,,"[{'name': 'T. Nordenfelt', 'role': 'designer'}, {'name': 'C. F. Casella & Co., Ltd.', 'role': 'presenter'}]",,c. 1884,"['brass', 'glass']","['heights of 96 ft.', 'height of 47 ft.', 'arc of 60°']",Modified form of sextant designed for rangefinding at sea. The instrument directly reads the range of a distant object based on the angle of depression from a known height. Different graduated arcs are provided for different observing heights.,British Patent Specification No. 16029 of 1884,1884
199,Inv. 1917-113,,whole,1.0,,,PHOTO-THEODOLITE,"This instrument was designed for photographic surveying. It consists of an accurately adjustable camera of nearly constant focus, fixed to the vernier plate of a 6 in. theodolite which gives the azimuth angle of the optical axis of the camera to 30"", and is provided with an ordinary parallel plate four levelling screw mounting for attachment to the tripod. The camera box, which is made of teak, has a pair of perpendicular spirit levels and a 2-in. compass box attached to its top. The front consists of a brass plate mounted in horizontal and vertical slides, and adjusted in both directions by means of fine screws. It carries a centrally mounted Zeiss extreme angle (about 130°) anastigmat lens of 141-mm. focal length. The vertical and horizontal position of the lens is measurable by scales and verniers to 0.04 mm. The back of the camera can slide in the box and is moved by a twin rack and pinion arrangement, actuated by thumb wheels at each side. The focal length of the camera for any position of the back is read by a scale and vernier to 0.04 mm. The ground glass is graduated in centimetre squares, the central vertical and horizontal lines having millimetre graduations. Four triangular brass teeth are fixed in the centres of the edges of the back, and press against the front face of the plate during exposure. Their images on the plate after exposure serve to determine the horizon line and principal vertical line of the picture. The slides, twelve in number, are ""single,"" and must be changed after each exposure. The base of the camera box has guides and screw threads for fixing it to the vernier plate of the theodolite, so that the principal point of the lens is vertically above the centre of the horizontal circle. This latter is graduated in half-degrees and read by opposing verniers to 30"". Clamps and tangent screws for fine motion are fitted to both vernier plate and horizontal circle. The instrument is levelled by means of the spirit level on top of the camera box, and the four footscrews.",,,"[{'name': 'Prof. E. J. Mills, F.R.S.', 'role': 'designer'}, {'name': 'Zeiss', 'role': 'maker'}]",,c. 1897,"['brass', 'teak', 'glass']","['6 in. theodolite', '5 in. by 4 in.', '2-in. compass box', '141-mm. focal length', '0.04 mm.', 'centimetre squares', 'millimetre graduations', 'half-degrees']",Designed for photographic surveying.,,
