RowIndex,Meteorology_Total,SMG_Total,Meteorology_ObjectNames,SMG_ObjectNames,Meteorology_Makers,SMG_Makers,Meteorology_organisations/institutions,SMG_organisations/institutions,Meteorology_Dates,SMG_Dates,Meteorology_Places,SMG_Places,Meteorology_Descriptions,SMG_Descriptions,Meteorology_Other,SMG_Other,Unique_to_Meteorology,Unique_to_SMG
0,10,8,1,1,1,1,1,1,1,1,0,1,5,2,1,1,"{""object_names"": [], ""makers"": [], ""organisations/institutions"": [], ""dates"": [], ""places"": [], ""descriptions"": [""A cylindrical hole 7/16ths in. diam. is drilled in the head of the bolt into which the 15-in. observing rod or the foot of the traverse pole can be fitted."", ""The bolt is protected by an iron cap or hydrant cover according to the nature of the surface."", ""An observing pin and small circular spirit level for setting it vertical are also shown.""], ""other"": [""Inv. 1914-154.""]}","{""object_names"": [], ""makers"": [""Unknown maker""], ""organisations/institutions"": [], ""dates"": [], ""places"": [""United Kingdom""], ""descriptions"": [""Surveying bench mark; bench mark""], ""other"": [""British"", ""unsigned""]}"
1,8,8,1,1,1,1,1,1,1,1,1,1,3,2,1,1,"{""object_names"": [], ""makers"": [], ""organisations/institutions"": [], ""dates"": [], ""places"": [], ""descriptions"": [""small cylindrical bronze bolt with grooved sides"", ""a cross engraved on its upper face, the intersection of the cross indicating the station point""], ""other"": [""Inv. 1914-107""]}","{""object_names"": [], ""makers"": [""Unknown maker""], ""organisations/institutions"": [], ""dates"": [], ""places"": [], ""descriptions"": [""Surveying triangulation mark""], ""other"": []}"
2,8,10,1,1,0,1,1,1,1,1,1,2,3,2,1,2,"{""object_names"": [""NAME-PLATE FOR TRIANGULATION MARK""], ""makers"": [], ""organisations/institutions"": [""French Government""], ""dates"": [""1914-108""], ""places"": [""France""], ""descriptions"": [""This elliptical metal plate is fixed in masonry at a first order triangulation station"", ""carries a number corresponding to the particular station point""], ""other"": [""Inv. 1914-108""]}","{""object_names"": [""Triangulation mark"", ""station mark name plate""], ""makers"": [""Unknown maker""], ""organisations/institutions"": [""First Order Nivellement General de la France""], ""dates"": [""1914""], ""places"": [""France""], ""descriptions"": [""Brass (?)"", ""Surveying triangulation mark""], ""other"": [""French"", ""unsigned""]}"
3,9,8,1,2,1,0,1,1,1,1,0,1,4,2,1,1,"{""object_names"": [""TRIANGULATION STATION MARK""], ""makers"": [""U.S. Coast and Geodetic Survey""], ""organisations/institutions"": [], ""dates"": [""1920""], ""places"": [], ""descriptions"": [""consists of a brass disc and shank cast in one piece"", ""shank is ribbed so as to grip securely the material\u2014generally rock or concrete\u2014in which the mark is set"", ""One such mark is set at the surface and a similar one about 3 ft. directly underneath it at every triangulation station"", ""station point is defined by a small dot within a 20 mm. equilateral triangle engraved on the disc""], ""other"": [""Inv. 1920-81""]}","{""object_names"": [""Triangulation Station Mark"", ""Surveying triangulation mark"", ""triangulation mark""], ""makers"": [""Unknown maker""], ""organisations/institutions"": [], ""dates"": [""1915-1920"", ""1915-20""], ""places"": [""American""], ""descriptions"": [""Bronze triangulation station mark"", ""bronze""], ""other"": [""United States""]}"
4,8,7,1,2,1,1,1,1,1,1,0,1,3,1,1,0,"{""object_names"": [""MAGNETIC STATION MARK""], ""makers"": [""U.S. Coast and Geodetic Survey""], ""organisations/institutions"": [""U.S. Coast and Geodetic Survey""], ""dates"": [""1922""], ""places"": [], ""descriptions"": [""older form of station mark used by the U.S. Coast and Geodetic Survey"", ""Its shank is split so that a wedge can be inserted. When the mark is driven into the drill-hole, the wedge causes the shank to bulge and grip firmly the surrounding material."", ""The station point is defined by a dot enclosed in two intersecting 20-mm. equilateral triangles engraved on the disc.""], ""other"": [""Inv. 1920-82""]}","{""object_names"": [""Magnetic Station Mark"", ""Surveying station mark""], ""makers"": [""United States Coast and Geodetic Survey""], ""organisations/institutions"": [""United States Coast and Geodetic Survey""], ""dates"": [""1920""], ""places"": [""United States""], ""descriptions"": [""brass""], ""other"": []}"
5,8,7,1,1,1,0,1,1,1,1,0,1,4,2,1,1,"{""object_names"": [""HYDROGRAPHIC STATION MARK""], ""makers"": [""U.S. Coast and Geodetic Survey""], ""organisations/institutions"": [""U.S. Coast and Geodetic Survey""], ""dates"": [""1922""], ""places"": [], ""descriptions"": [""This mark is the same as that used for triangulation station marks, except that the central hole or dot is here surrounded by a 2.5-cm. circle."", ""The mark is set in a post or block of concrete, or wedged into a drill-hole in rock, after which a triangle or circle is chiselled round it."", ""For underground station marks a similar disc is set 3 ft. below ground in a block of concrete, in rock or other suitable material."", ""(See U.S. Coast and Geodetic Survey Special Publication No. 26, pp. 42\u201343.)""], ""other"": [""Inv. 1920-78""]}","{""object_names"": [""Hydrographic station mark""], ""makers"": [], ""organisations/institutions"": [""United States Coast and Geodetic Survey""], ""dates"": [""c. 1920""], ""places"": [""United States""], ""descriptions"": [""Surveying station mark; station mark"", ""brass""], ""other"": [""1920""]}"
6,11,7,1,2,1,1,1,1,1,1,0,0,6,2,1,0,"{""object_names"": [""REFERENCE MARK""], ""makers"": [""U.S. Coast and Geodetic Survey""], ""organisations/institutions"": [""U.S. Coast and Geodetic Survey""], ""dates"": [""1920-77""], ""places"": [], ""descriptions"": [""metal disc and shank"", ""used to facilitate the recovery of station marks"", ""especially where these are liable to damage or disturbance"", ""placed so that the arrow engraved thereon points to the station mark"", ""horizontal distance between the station mark and the groove cut across the shaft of the arrow is recorded"", ""set in concrete posts or blocks, or in rock, at distances up to 20 yd. from the station marks""], ""other"": [""See U.S. Coast and Geodetic Survey Special Publication No. 26, pp. 42\u201343""]}","{""object_names"": [""Standard Reference mark"", ""Surveying reference mark""], ""makers"": [""United States Coast and Geodetic Survey""], ""organisations/institutions"": [""United States Coast and Geodetic Survey""], ""dates"": [""c. 1920""], ""places"": [], ""descriptions"": [""brass"", ""reference mark""], ""other"": []}"
7,12,8,1,1,1,1,2,1,1,1,1,1,5,2,1,1,"{""object_names"": [], ""makers"": [], ""organisations/institutions"": [""Geodetic Survey of Canada""], ""dates"": [], ""places"": [""Canada""], ""descriptions"": [""Stations of the Primary Triangulation of Canada are marked by means of circular metal bolts of the type exhibited, the bolts being embedded in concrete or leaded into rock. Both underground and surface marks are employed, and reference monuments provided to facilitate recovery of the station. The bolt consists of a 3-in. circular bronze disc, attached to a 3-in. cylindrical shank, which is corrugated and fox-wedged so that the shank expands tightly against the sides of the hole drilled to receive it when the bolt is driven in. The centre of the disc has a triangle engraved upon it, with a central hole punched to define the exact station point.""], ""other"": [""Inv. 1922-726""]}","{""object_names"": [""Surveying triangulation mark"", ""triangulation mark""], ""makers"": [""Unknown maker""], ""organisations/institutions"": [], ""dates"": [""1920""], ""places"": [""Canadian""], ""descriptions"": [""Surveying triangulation mark; triangulation mark""], ""other"": []}"
8,8,8,1,2,1,1,1,1,1,1,0,0,3,2,1,1,"{""object_names"": [""reference mark""], ""makers"": [""Geodetic Survey of Canada""], ""organisations/institutions"": [""Geodetic Survey of Canada""], ""dates"": [""1922""], ""places"": [], ""descriptions"": [""Where the station marks of the Primary Triangulation of Canada are in danger of disturbance, or are difficult to find, reference marks of the type shown are set in outstanding rocks or in concrete monuments."", ""Where possible, three such marks are set approximately 120\u00b0 apart around the station."", ""The mark is a similar bronze bolt to the station mark, but has an arrow engraved upon it to indicate the direction in which the station point lies.""], ""other"": [""Inv. 1922-724""]}","{""object_names"": [""triangulation reference mark"", ""triangulation mark""], ""makers"": [""Unknown maker""], ""organisations/institutions"": [""Geodetic Survey of Canada""], ""dates"": [""1920""], ""places"": [], ""descriptions"": [""Canadian"", ""Surveying triangulation mark""], ""other"": [""unsigned""]}"
9,8,8,1,1,1,1,1,1,1,1,0,1,3,2,1,1,"{""object_names"": [""REFERENCE MONUMENT PLATE""], ""makers"": [""Geodetic Survey of Canada""], ""organisations/institutions"": [""Geodetic Survey of Canada""], ""dates"": [""1922""], ""places"": [], ""descriptions"": [""Where no natural rock is available, reference monuments are built by the Geodetic Survey of Canada to mark the station points."", ""Such monuments are erected in convenient places, preferably near a road, and a plate of the type shown is embedded into them."", ""The plate is rectangular and has two projecting shanks for fixing it into the monument.""], ""other"": [""Inv. 1922-725""]}","{""object_names"": [""Bronze triangulation station mark"", ""triangulation mark""], ""makers"": [""Unknown maker""], ""organisations/institutions"": [""Geodetic Survey of Canada""], ""dates"": [""1920""], ""places"": [""Canada""], ""descriptions"": [""Surveying triangulation mark"", ""unsigned""], ""other"": [""Canadian""]}"
10,10,9,1,2,1,1,1,1,1,1,0,1,5,2,1,1,"{""object_names"": [""GEODETIC TRIANGULATION STATION MARK""], ""makers"": [""Survey of Egypt""], ""organisations/institutions"": [""Survey of Egypt""], ""dates"": [""1922""], ""places"": [], ""descriptions"": [""This brass bolt forms the station mark at a geodetic station of the Survey of Egypt."", ""It is provided with two saw-cuts intersecting at right angles, and is cemented into a concrete block in the ground."", ""Accurately built into the concrete block is an iron cylinder filled with concrete, having gaps in the bottom so that the mark can be seen."", ""A brass and cast iron tribrach (see Cat. No. 14) is accurately centred over the mark and cemented in the top of the pillar."", ""Upon this tribrach the theodolite rests when sighting to the station, whilst to its centre is screwed a heliograph or lamp when sighting to the station.""], ""other"": [""Inv. 1920-630""]}","{""object_names"": [""triangulation station mark"", ""triangulation mark""], ""makers"": [""Unknown maker""], ""organisations/institutions"": [""Geodetic Survey of Egypt""], ""dates"": [""1910-1920""], ""places"": [""United Kingdom""], ""descriptions"": [""Bronze station mark for the First Order Triangulation of the Geodetic Survey of Egypt"", ""Surveying triangulation mark""], ""other"": [""Bronze""]}"
11,11,6,1,1,1,0,1,1,1,1,1,0,5,2,1,1,"{""object_names"": [""SELF-CENTRING GEODETIC STATION TRIBRACH""], ""makers"": [""Survey of Egypt""], ""organisations/institutions"": [""Survey of Egypt""], ""dates"": [""1920""], ""places"": [""Egypt""], ""descriptions"": [""brass tribrach"", ""built into a masonry pier and accurately centred over the concealed mark at geodetic stations"", ""three radial V-shaped grooves at angles of 120\u00b0 with one another"", ""self-centring stand for the three feet of a theodolite or signal lamp"", ""especially convenient in countries where the centring of signal lamps over the station point cannot always be entrusted to skilled operators""], ""other"": [""Inv. 1920-627""]}","{""object_names"": [""Self-centring station plate for the Survey of Egypt (\""spider\"")""], ""makers"": [], ""organisations/institutions"": [""Survey of Egypt""], ""dates"": [""1920""], ""places"": [], ""descriptions"": [""Surveying station plates"", ""station plates""], ""other"": []}"
12,8,4,1,1,1,0,1,0,1,1,0,0,3,2,1,0,"{""object_names"": [], ""makers"": [""Ordnance Survey""], ""organisations/institutions"": [""Ordnance Survey""], ""dates"": [""1922""], ""places"": [], ""descriptions"": [""First Order"", ""This bolt forms the upper reference point at a fundamental bench mark on the first order levelling lines of the Ordnance Survey."", ""It is fixed in the top of a granite block forming a pillar 12 in. high, and is the mark for use in all ordinary circumstances, its level being recorded on the topographical maps.""], ""other"": [""Inv. 1914-152""]}","{""object_names"": [], ""makers"": [], ""organisations/institutions"": [], ""dates"": [], ""places"": [], ""descriptions"": [""Bolt forming upper reference point on top of granite pillar at fundamental bench mark"", ""1914 Surveying bench mark; bench mark""], ""other"": []}"
13,8,4,1,2,1,0,1,0,1,1,0,0,3,1,1,0,"{""object_names"": [""BENCH MARK""], ""makers"": [""Ordnance Survey""], ""organisations/institutions"": [""Ordnance Survey""], ""dates"": [""1922""], ""places"": [], ""descriptions"": [""First Order"", ""This bolt forms one of the two concealed reference points at a fundamental bench mark of the Ordnance Survey. It is set in rock concrete 3 ft. below ground in a concrete recess 3 ft. square by 1 ft. 9 in. deep, and will be used when necessary to determine whether any secular changes of level are in progress.""], ""other"": [""Inv. 1914-151""]}","{""object_names"": [""Surveying bench mark"", ""bench mark""], ""makers"": [], ""organisations/institutions"": [], ""dates"": [""1914""], ""places"": [], ""descriptions"": [""Bolt forming one concealed reference point at a fundamental bench mark""], ""other"": []}"
14,7,9,1,1,1,1,1,1,1,1,0,1,2,3,1,1,"{""object_names"": [], ""makers"": [], ""organisations/institutions"": [], ""dates"": [], ""places"": [], ""descriptions"": [""This plate is affixed to the granite pillar of a fundamental bench mark of the Ordnance Survey.""], ""other"": [""Inv. 1914-153""]}","{""object_names"": [], ""makers"": [""Unknown maker""], ""organisations/institutions"": [], ""dates"": [], ""places"": [""United Kingdom""], ""descriptions"": [""Bronze name plate for a granite pillar at a fundamental bench mark, unsigned"", ""Surveying instrument component"", ""instrument component""], ""other"": []}"
15,7,5,1,1,1,0,1,0,1,1,0,0,2,2,1,1,"{""object_names"": [""COVER OF REFERENCE BENCH MARKS""], ""makers"": [""Ordnance Survey""], ""organisations/institutions"": [""Ordnance Survey""], ""dates"": [""1922""], ""places"": [], ""descriptions"": [""The cover is placed below ground in a fundamental bench mark chamber to protect the reference marks of the Ordnance Survey from interference or damage.""], ""other"": [""Inv. 1914-155""]}","{""object_names"": [""Two covers for the lower reference point of a fundamental bench mark""], ""makers"": [], ""organisations/institutions"": [], ""dates"": [""1914""], ""places"": [], ""descriptions"": [""Surveying bench marks; bench marks""], ""other"": []}"
16,12,5,1,1,1,0,2,0,2,1,0,0,5,3,1,0,"{""object_names"": [], ""makers"": [""Ordnance Survey""], ""organisations/institutions"": [""Ordnance Survey"", ""The Second Geodetic Levelling of England and Wales""], ""dates"": [""1912-1921"", ""1931""], ""places"": [], ""descriptions"": [""secondary marks are fixed on lines of first order levelling"", ""consist of a gun-metal plate set flush with the surface of a wall, and having an identification number cast on it"", ""The reference point, to which the published altitude corresponds, is the top of the \""broad arrow.\"""", ""In levelling, the foot of the levelling staff is brought to the same altitude as this point with the aid of a detachable bracket and a small spirit-level."", ""See \""The Second Geodetic Levelling of England and Wales, 1912-1921,\"" p. 14, Plate XI.\u2014Ordnance Survey, 1931.""], ""other"": [""Inv. 1914-149""]}","{""object_names"": [], ""makers"": [], ""organisations/institutions"": [], ""dates"": [], ""places"": [], ""descriptions"": [""for second order triangulation"", ""Bench mark in wood block"", ""Surveying bench marks; bench marks""], ""other"": []}"
17,8,11,1,2,1,1,1,1,1,1,0,1,3,4,1,1,"{""object_names"": [""BENCH MARK BRACKET""], ""makers"": [], ""organisations/institutions"": [""Ordnance Survey""], ""dates"": [], ""places"": [], ""descriptions"": [""adjustable bracket is used for supporting the levelling staff at a secondary bench mark on the lines of the first order levelling"", ""bracket is hooked on to the bench mark"", ""surface, upon which the levelling staff is placed, is made level and in agreement with the reference point by means of the adjusting screw and the spirit level""], ""other"": [""Inv. 1914-150""]}","{""object_names"": [""Bracket for use with level on bench mark"", ""Surveying bracket - structural element; bench mark; bracket - structural element; bench mark""], ""makers"": [""Unknown maker""], ""organisations/institutions"": [], ""dates"": [], ""places"": [""United Kingdom""], ""descriptions"": [""Adjustable stave support with spirit level for use with secondary bench mark"", ""With brass cannister""], ""other"": []}"
18,11,10,1,2,0,1,1,1,1,1,0,1,7,3,1,1,"{""object_names"": [""BENCH MARK BRACKET""], ""makers"": [], ""organisations/institutions"": [""Ordnance Survey""], ""dates"": [""1922""], ""places"": [], ""descriptions"": [""old type of angle iron used to support the levelling staff at an Ordnance Survey broad arrow bench mark"", ""short arm which is fitted into the horizontal groove engraved above the broad arrow"", ""longer inclined supporting arm which abuts against the wall in which the mark was notched"", ""series of circular depressions are sunk in the upper face to receive the stud on the base of the staff"", ""lower level of the depressions being a horizontal plane passing through the centre line of the engraved groove"", ""type of supporting bracket was superseded by the modern one represented in the next example"", ""broad arrow""], ""other"": [""Inv. 1914-423""]}","{""object_names"": [""Bench mark"", ""Surveying bracket - structural element"", ""bracket - structural element""], ""makers"": [""Unknown maker""], ""organisations/institutions"": [], ""dates"": [""1914""], ""places"": [""United Kingdom""], ""descriptions"": [""Angle iron to support levelling stave"", ""for use with bench mark"", ""bench mark""], ""other"": [""Science Museum Group Collections Online Entry""]}"
19,11,5,1,2,1,0,1,0,1,1,0,0,6,2,1,0,"{""object_names"": [""BENCH MARK BRACKET""], ""makers"": [""Ordnance Survey""], ""organisations/institutions"": [""Ordnance Survey""], ""dates"": [""1922""], ""places"": [], ""descriptions"": [""modern type of bracket is used to support the levelling staff at a broad arrow bench mark of the Ordnance Survey"", ""broader than the adjacent earlier type"", ""has an adjusting screw threaded through its inclined arm"", ""a box level mounted on its horizontal arm"", ""the end of the screw butts against the vertical wall in which the mark is engraved"", ""the inclination of the upper arm can be adjusted level by turning the screw"", ""The flat base of the metal shoe forming the end of the staff rests on a stud projecting from the top of the bracket"", ""the top of the stud being level with the centre line of the mark when the bracket is horizontal""], ""other"": [""Inv. 1914-424""]}","{""object_names"": [""Angle iron to support levelling staff at bench mark"", ""Surveying bracket - structural element; bench mark; bracket - structural element; bench mark""], ""makers"": [], ""organisations/institutions"": [], ""dates"": [""1914""], ""places"": [], ""descriptions"": [""structural element""], ""other"": []}"
20,8,9,1,2,1,1,1,1,1,1,0,1,3,2,1,1,"{""object_names"": [""BENCH MARK""], ""makers"": [""U.S. Coast and Geodetic Survey""], ""organisations/institutions"": [""U.S. Coast and Geodetic Survey""], ""dates"": [""1920""], ""places"": [], ""descriptions"": [""This brass disc is fixed with its face flush with the building in which it is set or with its stem vertical in rock or cement."", ""The short line in the centre is placed horizontal and serves as the reference point."", ""See U.S. Coast and Geodetic Survey Special Publication, No. 26, p. 117.""], ""other"": [""Inv. 1920-76""]}","{""object_names"": [""Bench mark"", ""Surveying bench mark""], ""makers"": [""Unknown maker""], ""organisations/institutions"": [], ""dates"": [""1914""], ""places"": [""American"", ""United States""], ""descriptions"": [""Bronze bench mark"", ""bench mark 1914""], ""other"": []}"
21,9,9,1,2,1,1,1,1,1,1,1,1,4,2,1,1,"{""object_names"": [""BENCH MARK, First Order""], ""makers"": [""French Government""], ""organisations/institutions"": [""Nivellement G\u00e9n\u00e9ral de la France""], ""dates"": [], ""places"": [], ""descriptions"": [""This mark is used at first-order stations of the Nivellement G\u00e9n\u00e9ral de la France."", ""It consists of a metal bolt having a grooved shank and a rectangular plate head with a recess to receive a plate, on which the height of the station point is printed."", ""The reference point is the top of a spherical boss on a horizontal platform which projects from the plate.""], ""other"": [""Inv. 1914-109""]}","{""object_names"": [""bench mark"", ""Surveying bench mark""], ""makers"": [""Unknown maker""], ""organisations/institutions"": [""Nivellement General de la France""], ""dates"": [""1914""], ""places"": [""France""], ""descriptions"": [""Cast iron bench mark with ceramic marker inserts"", ""used in levelling of the First Order Nivellement General de la France""], ""other"": [""unsigned""]}"
22,9,9,1,2,1,1,1,1,1,1,1,1,4,2,1,1,"{""object_names"": [""BENCH MARK""], ""makers"": [], ""organisations/institutions"": [], ""dates"": [], ""places"": [], ""descriptions"": [""Second Order"", ""metal bolt with a grooved shank and cylindrical head"", ""on the top of the curved surface of the head is a small spherical boss, the top of which is the reference point"", ""The height of this point is printed on a plate embedded in the cylindrical head""], ""other"": [""Inv. 1914-110""]}","{""object_names"": [""bench mark"", ""Surveying bench mark""], ""makers"": [""Unknown maker""], ""organisations/institutions"": [], ""dates"": [], ""places"": [], ""descriptions"": [""Cast iron"", ""first order""], ""other"": [""1910-1914""]}"
23,10,6,1,2,1,0,1,1,1,1,0,0,5,2,1,0,"{""object_names"": [""BENCH MARK""], ""makers"": [""Survey of Egypt""], ""organisations/institutions"": [], ""dates"": [], ""places"": [], ""descriptions"": [""iron bolt 21 cm. long"", ""hexagonal head 5 cm. thick and 11 cm. wide"", ""cemented into a vertical wall or solid rock"", ""point of reference is the top of a bronze hemispherical stud 1 cm. high, on the top of the upper face of the head""], ""other"": [""Inv. 1920-628""]}","{""object_names"": [""bench mark""], ""makers"": [], ""organisations/institutions"": [], ""dates"": [], ""places"": [], ""descriptions"": [""cast iron and bronze"", ""Surveying bench mark""], ""other"": []}"
24,8,5,1,2,0,0,1,1,1,1,0,0,4,1,1,0,"{""object_names"": [""BENCH MARK""], ""makers"": [], ""organisations/institutions"": [""Survey of Egypt""], ""dates"": [""1922""], ""places"": [], ""descriptions"": [""Second Order"", ""This mark is similar to the adjacent first order bench mark, except that it has a cylindrical head, of which the highest point is the reference point.""], ""other"": [""Inv. 1920-629""]}","{""object_names"": [""Surveying bench mark"", ""bench mark""], ""makers"": [], ""organisations/institutions"": [], ""dates"": [""c. 1920""], ""places"": [], ""descriptions"": [""Second Order bench mark""], ""other"": []}"
25,8,7,1,1,1,1,1,1,1,1,0,0,3,2,1,1,"{""object_names"": [], ""makers"": [""Geodetic Survey of Canada""], ""organisations/institutions"": [], ""dates"": [], ""places"": [], ""descriptions"": [""Bronze tablets of this type are used by the Geodetic Survey of Canada to mark the station points of the Precise Levelling Network."", ""The tablet is a circular disc of diameter 3 in., provided with a corrugated, fox-wedged shank 3 in. long, for fixing it into rock or concrete."", ""The centre of the disc is engraved with a cross, and a number can be stamped on it with a die for reference to the record book, which contains the particulars of the corresponding station.""], ""other"": [""Inv. 1922-723""]}","{""object_names"": [], ""makers"": [""Unknown maker""], ""organisations/institutions"": [], ""dates"": [], ""places"": [], ""descriptions"": [""Surveying bench mark""], ""other"": []}"
26,15,6,2,1,1,0,1,1,1,1,2,1,6,1,2,1,"{""object_names"": [""photographs of triangulation beacons"", ""quadripod triangulation beacons""], ""makers"": [""Major G. G. Waterhouse, R.E.""], ""organisations/institutions"": [""R.E.""], ""dates"": [], ""places"": [""Ado Rock"", ""Awba Hill""], ""descriptions"": [""These two photographs illustrate the construction of triangulation beacons during the survey of Southern Nigeria, 1910\u201312."", ""The beacons are formed of tree-trunks and branches built up into a four-sided pyramid, the upper part of which is roofed with brushwood to form a prominent land-mark, and at the same time to protect the surveying instruments when taking bearings from the station."", ""A pole carrying at its upper end a white flag is fixed to the top of the beacon to render it more conspicuous."", ""The right hand photograph shows the framework of the beacon built up, but the roof not yet added."", ""The left hand photograph shows a completed beacon, with a heliograph, theodolite and plane table standing beneath it."", ""The ground in the vicinity has been carefully cleared of obstacles to view.""], ""other"": [""1910-12"", ""Inv. 1921-306""]}","{""object_names"": [], ""makers"": [], ""organisations/institutions"": [], ""dates"": [], ""places"": [""Nigeria""], ""descriptions"": [""Surveying photographs; photographs""], ""other"": [""Two photographs of triangulation beacons""]}"
27,21,7,2,2,1,1,3,0,3,1,3,0,7,1,2,2,"{""object_names"": [""SEXTANT-HELIOTROPE OR VIZEHELIOTROP""], ""makers"": [], ""organisations/institutions"": [""Admiralty"", ""Altona-Hanover meridian arc"", ""Museum""], ""dates"": [""1829"", ""1914-305"", ""1935""], ""places"": [""Luneburg"", ""Hamburg"", ""G\u00f6ttingen""], ""descriptions"": [""In October, 1818, C. F. Gauss was observing at Luneburg, a station of the Altona-Hanover meridian arc, and noted in his observation book that the triangulation mark in Hamburg was difficult to see, but that the windows, lit up by the rays of the setting sun, facilitated the directing of his theodolite. This suggested to him the construction of a heliotrope, of which the sextant-heliotrope, made in 1829, was the first type. The telescope is mounted on a circle capable of rotation about a horizontal axis, and can itself revolve about the centre of the circle. This circle has no divisions and is only for giving a slow motion to the telescope by means of a screw. Through a sleeve on the telescope passes a brass rod carrying a mirror perpendicular to it; the distances of the mirror and the sleeve from the axis of rotation of the telescope being equal. In order to send a ray of sunlight in a specified direction, the instrument is set up so that the mark is in the centre of the field when the axis of the telescope is normal to the plane of the mirror. If, then, the telescope is directed to the sun and follows it continuously, the mirror will reflect its light on to the mark. On account of its somewhat complicated form, this type of heliotrope was very shortly superseded by the adjacent double-mirror type. (See Gauss, Werke, Bd. IX, pp. 461-484, and Poggendorff\u2019s Annalen der Physik, 1829, Bd. XVII, p. 83.)"", ""the telescope is mounted on a circle capable of rotation about a horizontal axis, and can itself revolve about the centre of the circle"", ""This circle has no divisions and is only for giving a slow motion to the telescope by means of a screw"", ""Through a sleeve on the telescope passes a brass rod carrying a mirror perpendicular to it"", ""the distances of the mirror and the sleeve from the axis of rotation of the telescope being equal"", ""the instrument is set up so that the mark is in the centre of the field when the axis of the telescope is normal to the plane of the mirror"", ""On account of its somewhat complicated form, this type of heliotrope was very shortly superseded by the adjacent double-mirror type.""], ""other"": [""Inv. 1914-305"", ""S.M. 1935""]}","{""object_names"": [], ""makers"": [], ""organisations/institutions"": [], ""dates"": [], ""places"": [], ""descriptions"": [""as invented by C.F. Gauss""], ""other"": [""Surveying heliotypes; heliotypes""]}"
28,20,12,2,3,1,1,3,1,3,1,3,2,6,2,2,2,"{""object_names"": [""DOUBLE-MIRROR HELIOTROPE, OR SPIEGELKREUZ-HELIOTROP"", ""sextant-heliotrope""], ""makers"": [], ""organisations/institutions"": [""Admiralty"", ""Gauss, Werke"", ""W. Jordan, Handbuch der Vermessungskunde""], ""dates"": [""1922"", ""March, 1820"", ""1822.""], ""places"": [""G\u00f6ttingen"", ""East Prussian arc""], ""descriptions"": [""Plate I, Fig. 1, p. 15"", ""Lent by the Admiralty"", ""described this heliotrope as being more convenient, simpler, and having a larger reflecting surface than his sextant-heliotrope which it superseded."", ""In its turn it was replaced by Bertram\u2019s heliotrope, which Bessel used on his East Prussian arc."", ""For use the telescope was directed on the triangulation mark, the small central mirror being turned parallel to the axis of the telescope. Then the double-mirror was turned until its axis was at right angles to a plane containing the sun, the instrument and the distant mark. This is facilitated by the disc beside the mirror, upon which its shadow is a fine line only, the mirror is in position. Lastly, the double mirror is rotated until the sun\u2019s image as reflected by the central mirror is seen in the telescope, when the outer mirror reflects the sun\u2019s light on to the distant mark."", ""(See Gauss, Werke, Bd. IX, pp. 461-483, and W. Jordan, Handbuch der Vermessungskunde, Bd. III, p. 33.)""], ""other"": [""Inv. 1914-376"", ""S.M. 1936""]}","{""object_names"": [""Double-mirror heliotrope (Spiegelkreutz-heliotrop) for geodetic work"", ""Surveying heliotrope"", ""heliotrope""], ""makers"": [], ""organisations/institutions"": [], ""dates"": [""1820 - 1825""], ""places"": [""Altona-Hanover arc of meridian""], ""descriptions"": [""designed and used by C.F. Gauss on the Altona-Hanover arc of meridian 1820 - 1825."", ""1822 Rumpf (maker)""], ""other"": []}"
29,10,6,2,2,1,0,1,1,1,1,0,0,4,1,1,1,"{""object_names"": [""heliostat""], ""makers"": [""Ordnance Survey""], ""organisations/institutions"": [], ""dates"": [""1922""], ""places"": [], ""descriptions"": [""used for reflecting the sun\u2019s rays to an observing station"", ""Three sizes were in use by the Ordnance Survey in the principal triangulation"", ""the largest were rectangular and measured 20 in. by 16 in., the other two were circular and were 12 in. and 5 in. diam. respectively"", ""In each case the mirror, having been centred over the triangulation mark, was moved by hand so as to follow the sun and to reflect its light through a ring placed in the line between the heliostat, or the reflecting station, and the observing station. The ring was placed in position by means of a small theodolite.""], ""other"": [""Inv. 1914-425""]}","{""object_names"": [], ""makers"": [], ""organisations/institutions"": [], ""dates"": [""mid 19th century"", ""1840-1880"", ""1801-1900""], ""places"": [], ""descriptions"": [""Surveying heliotrope""], ""other"": [""Heliotrope as used by Ordnance Survey, mid 19th century, 1840-1880"", ""Surveying heliotrope; heliotrope""]}"
30,12,8,1,2,1,0,1,0,1,1,0,0,7,4,1,1,"{""object_names"": [], ""makers"": [""Admiralty""], ""organisations/institutions"": [], ""dates"": [], ""places"": [], ""descriptions"": [""This instrument, primarily devised for signalling, can readily be used as a heliotrope at small distances; the sighting arrangement is not suitable for long distances."", ""The instrument comprises a circular reflecting mirror of 4 in. diam., pivoted on horizontal bearings in a vertical frame, which is mounted rotatably in a vertical sheath projecting from a tripod head and can be clamped in the sheath by opposing screws."", ""The mirror can thus be set in any desired plane and the reflected beam from the sun caused to fall upon a small sliding plate, which forms part of the foresight."", ""This foresight is mounted on a sliding vertical rod at the end of a supporting arm, which is about 2 ft. long, and is pivoted horizontally to a vertical collar surrounding the sheath supporting the mirror."", ""The arm can thus be pointed in the direction of the distant station and the V-foresight accurately aligned by viewing through a central aperture left unsilvered in the back of the reflecting mirror."", ""When the supporting arm has moved over to the V to receive the reflected beam, and has an engraved dot accurately corresponding to the tip of the V-foresight."", ""When the mirror is turned until the image of the sun falls on the plate, with the shadow caused by the unsilvered central hole of the mirror falling on the dot, the reflected beam is then directed towards the distant station.""], ""other"": [""Inv. 1911-155""]}","{""object_names"": [""Surveying heliograph; heliograph""], ""makers"": [], ""organisations/institutions"": [], ""dates"": [], ""places"": [], ""descriptions"": [""usable as a heliotrope over short distances, with stand and components"", ""usable as a heliotrope over short distances"", ""(including 1 stand, 1 sight vane and 3 mirrors)""], ""other"": []}"
31,12,15,1,1,1,1,1,3,2,2,3,4,3,2,1,2,"{""object_names"": [], ""makers"": [], ""organisations/institutions"": [""Colonial Office""], ""dates"": [], ""places"": [""Rhodesia""], ""descriptions"": [""designed by Mr. G. T. McCaw for use in trigonometrical surveys"", ""first used in the measurement of an arc of meridian in Uganda"", ""For work by day a heliograph was attached to the front of the instrument, and projected its beam of sunlight through a hole cut in a board nailed to a post fixed from 10 to 20 ft. in front of the instrument. This was found less confusing to the native assistants in Rhodesia and Uganda than the mirrors of a self-contained heliograph such as is ordinarily employed in Army signalling.""], ""other"": [""Inv. 1914-238""]}","{""object_names"": [], ""makers"": [], ""organisations/institutions"": [""Anglo-Belgian Boundary Commission"", ""London, Greater London, England, United Kingdom""], ""dates"": [], ""places"": [""London"", ""Greater London"", ""England"", ""United Kingdom""], ""descriptions"": [""used for geodetic surveying in Uganda"", ""used in the measurement of the arc of meridian in Uganda in 1908\u20131909 under the Anglo-Belgian Boundary Commission""], ""other"": [""serial number 2774"", ""5 inch lens"", ""Surveying acetylene lamp; acetylene lamp""]}"
32,14,9,1,1,0,0,1,1,1,1,1,0,9,4,1,2,"{""object_names"": [""ELECTRIC SIGNAL LAMP""], ""makers"": [], ""organisations/institutions"": [""Geodetic Survey of Canada""], ""dates"": [""1922"", ""1923""], ""places"": [""Canada""], ""descriptions"": [""used at stations of the Primary Triangulation of Canada to mark the station point during night observations"", ""visible at distances up to 130 miles"", ""lamp is of the type used for motor-car headlights"", ""has a parabolic reflector behind the bulb"", ""mounted within a wooden frame which can be supported upon the box within which it is packed for travelling"", ""can be adjusted upon this box by means of an elevating screw"", ""top of the frame has metal V-s attached to support the telescope used in aligning the lamp upon the observing station"", ""Two bulbs of different sizes are supplied with the lamp for use at smaller and larger distances respectively"", ""An electrically controlled time-switch can be connected in the circuit to light automatically the lamps at regular intervals""], ""other"": [""Inv. 1923-10""]}","{""object_names"": [""Electric signal lamp""], ""makers"": [], ""organisations/institutions"": [""Geodetic Survey of Canada""], ""dates"": [""c. 1923""], ""places"": [], ""descriptions"": [""With one lamp bulb and accessories"", ""Surveying electric signal lamp"", ""electric signal lamp before 1923""], ""other"": [""1 gimlet"", ""1small boring tool"", ""1 brass fixing screw""]}"
33,12,8,1,2,1,1,0,1,1,1,0,1,8,2,1,0,"{""object_names"": [""PEDOMETER""], ""makers"": [""Evan Roberts, Esq.""], ""organisations/institutions"": [], ""dates"": [""Early 18th Century""], ""places"": [], ""descriptions"": [""instrument, for registering the number of paces made by the person carrying it"", ""resembles a watch in size, appearance and general details of construction"", ""The \""escapement\"" is, however, not actuated by a pendulum or balance wheel, but by a rocking lever and spring pawl which engages in a ratchet wheel."", ""The lever is depressed by the forward movement of the wearer's leg, which stretches a connecting cord attached to the split ring at the top of the instrument."", ""This disengages the spring pawl momentarily and permits one tooth of the ratchet wheel to slip past its point."", ""As the motion of the observer's leg slackens the tension in the cord, a counter spring forces the lever into its former position ready for the next forward movement."", ""The ratchet wheel thus moves one tooth at every alternate stride of the wearer, and is connected with the pinion wheel train, dials and pointers which record the steps taken."", ""There are four such dials and pointers, for the units, hundreds, thousands and ten thousands respectively, the units dial having 50 graduations and its pointer moving over one division every alternate pace of the observer.""], ""other"": [""Inv. 1916-77""]}","{""object_names"": [""Surveying pedometer"", ""pedometer""], ""makers"": [""Unknown maker""], ""organisations/institutions"": [""Science Museum Group Collections Online""], ""dates"": [""1701-1750""], ""places"": [""European"", ""Europe""], ""descriptions"": [""cord operated"", ""with silver dial, unsigned""], ""other"": []}"
34,14,9,1,1,1,1,1,1,1,1,1,2,7,3,2,0,"{""object_names"": [], ""makers"": [], ""organisations/institutions"": [""Meteorology Catalogue""], ""dates"": [], ""places"": [], ""descriptions"": [""similar construction and \u201cescapement\u201d to the preceding one"", ""The cord which is attached to the observer's leg and actuates the rocking lever, is also exhibited; it passes over a small pulley wheel mounted in the head of the pedometer."", ""The main dial in this instrument has its divisions numbered in two sets, and a pointer corresponding to each set. The outer set records the unit paces, and the inner set the tens. A second dial and pointer registers the thousands up to twelve."", ""The units pointer moves over two divisions at a time, as it is only moved at every alternate step of the observer."", ""18th century example""], ""other"": [""15814"", ""Inv. 1916-82""]}","{""object_names"": [], ""makers"": [], ""organisations/institutions"": [""Science Museum Group Collections Online""], ""dates"": [""1795-1805""], ""places"": [""Germany""], ""descriptions"": [""cord operated"", ""in iron case with gilded indicator hands"", ""Surveying pedometer""], ""other"": []}"
35,15,10,1,1,1,1,0,1,1,1,0,4,10,2,2,0,"{""object_names"": [], ""makers"": [], ""organisations/institutions"": [], ""dates"": [], ""places"": [], ""descriptions"": [""This is a late 18th century pedometer, of a construction less sensitive than the adjacent one by the same makers."", ""The rocking lever is here attached to a pin fitting across the top of the case, and the long hook is mounted upon the same pin, so as to embrace it tightly."", ""As the hook is swung by the motion of the person carrying the instrument, the pin rotates and causes the lever to rock."", ""A two-pronged spring pawl is fixed to the lever at its upper end and engages the teeth of a ratchet wheel at its lower end."", ""As the lever rocks, the pawl causes the ratchet to slip a tooth, and thus turns a pinion wheel mounted on the same axis."", ""The pinion gears in the train of wheels which record the paces taken."", ""As only alternate paces are recorded, the dials and pointers are arranged accordingly."", ""Miles and decimal parts of a mile are registered on three dials, the instrument recording up to 12 miles at intervals of one thousandth of a mile."", ""The long hook serves to suspend the pedometer from the fob so that it rests against the thigh, and thus gets the desired swing as the wearer walks.""], ""other"": [""Presented by T. MacNamara, Esq."", ""Inv. 1911-182""]}","{""object_names"": [], ""makers"": [], ""organisations/institutions"": [""Science Museum Group Collections Online""], ""dates"": [], ""places"": [""London"", ""England"", ""City of London"", ""United Kingdom""], ""descriptions"": [""Surveying pedometer""], ""other"": [""fob hook""]}"
36,18,9,1,2,1,1,1,1,1,1,1,3,12,1,1,0,"{""object_names"": [""PEDOMETER""], ""makers"": [""Spencer & Perkins""], ""organisations/institutions"": [""Meteorology Catalogue""], ""dates"": [""Late 18th or early 19th century""], ""places"": [""London""], ""descriptions"": [""differs from earlier examples in having a more delicate escapement, actuated by the sudden stoppage in the motion of the wearer\u2019s body at each step"", ""The long hook is used to suspend the instrument from the fob of the person carrying it"", ""As usual the escapement is effected by the withdrawal of a spring pawl, attached to one end of a rocking lever, from the teeth of a small ratchet wheel"", ""In this instrument the teeth are very fine, so that the pawl slips over four teeth at each oscillation"", ""The lever is normally kept in the \""down\"" position by a fairly strong spring, but the pull of this spring is considerably reduced by slightly raising the long hook projecting from the top"", ""The lower end of this hook is fixed to a chain wound round a drum mounted on the same spindle as the rocking lever"", ""The hook is raised when the instrument is fitted in its case by inserting a pin in a hole in the lower end of the hook, the ends of the pin resting in brackets on the top of the case"", ""In this position, the rocking lever is just balanced, and is very sensitive to small jerks"", ""The instrument has three dials and pointers registering miles, tenths, and thousandths of a mile"", ""The pointer of the thousandths dial is connected to the ratchet wheel and so geared that it moves 176 times in one revolution, i.e. in one tenth of a mile"", ""The pedometer is mounted separately from its case for exhibiting the movement mechanism""], ""other"": [""Lent by F. G. Ogilvie, Esq., C.B."", ""Inv. 1912-200""]}","{""object_names"": [""Pedometer with fob"", ""Surveying pedometer""], ""makers"": [], ""organisations/institutions"": [""Science Museum Group Collections Online""], ""dates"": [""1795-1806""], ""places"": [""England"", ""United Kingdom""], ""descriptions"": [""Pedometer on stand and with case and fob hook""], ""other"": []}"
37,9,13,1,3,1,1,1,1,1,1,1,4,4,2,1,1,"{""object_names"": [""COMBINED PEDOMETER AND WATCH""], ""makers"": [], ""organisations/institutions"": [""Meteorology Catalogue""], ""dates"": [""About 1800""], ""places"": [""London""], ""descriptions"": [""consists of a pedometer and a watch mounted in the same case and having a common face, with separate dials and pointers"", ""The pedometer movement is effected by the tension of a string, which is attached at one end to the wearer\u2019s leg, and at the other to a delicately poised rocking lever controlling by its oscillations the engagement of a spring pawl in a ratchet wheel"", ""The large pedometer dial is graduated to record every hundred double paces"", ""there is a smaller one to register every ten double paces, and a third to record each double pace""], ""other"": [""Presented by Evan Roberts, Esq."", ""Inv. 1916-83""]}","{""object_names"": [""Combined Watch Pedometer"", ""Surveying pedometer"", ""pocket watch""], ""makers"": [], ""organisations/institutions"": [""Science Museum Group Collections Online""], ""dates"": [""1795-1805"", ""1799-1805""], ""places"": [""England"", ""Islington"", ""Islington, London, England, United Kingdom""], ""descriptions"": [""Patented combined watch and pedometer"", ""cord operated, in fitted pocket watch case""], ""other"": [""Gout, Ralph""]}"
38,17,11,2,1,1,2,1,1,1,1,0,2,10,2,2,2,"{""object_names"": [""PEDOMETER MOVEMENT""], ""makers"": [], ""organisations/institutions"": [""British Patent Specification""], ""dates"": [], ""places"": [], ""descriptions"": [""The movement here exhibited is of the type invented by W. Payne in 1831 and still used in modern pedometers."", ""The escapement of the recording ratchet wheel is effected by the oscillations of a horizontal anchor-shaped pendulum, whose moment about its pivot is just more than balanced by the pressure of a control spring."", ""The sudden jerk caused by the stoppage of the downward motion of the wearer\u2019s body at each step is sufficient to make the pendulum oscillate."", ""A spring pawl, fixed at one end to the pendulum arm, engages at its other end the teeth of the ratchet wheel."", ""A counter spring pawl, pivoted in the bed of the instrument, opposes the thrust of the former with a force sufficient to damp the rotary movement of the ratchet."", ""The teeth of the ratchet are very fine, so that as the pendulum moves from the upper stop to the lower, the pawl passes over several teeth, the number depending upon the adjustment of the lower stop, which is threaded in a fixed block."", ""By this adjustment, the indication of the recording pinion can be varied to correspond roughly to the length of the observer's stride."", ""The ratchet wheel is geared to a train of pinion wheels which record the distance travelled in miles and furlongs."", ""There is only one dial and pointer, the former graduated in miles up to twelve, with eight sub-divisions to each mile."", ""The numbering of the main graduations is like that used in watches.""], ""other"": [""Evan Roberts, Esq."", ""Inv. 1916-81""]}","{""object_names"": [""Pedometer""], ""makers"": [""Unknown maker""], ""organisations/institutions"": [], ""dates"": [], ""places"": [""England"", ""United Kingdom""], ""descriptions"": [""Surveying pedometer; pedometer"", ""The movement here exhibited is of the type invented by W. Payne in 1831 and still used in modern pedometers.""], ""other"": [""Payne type"", ""unsigned""]}"
39,10,12,1,2,1,1,1,1,1,1,0,3,5,2,1,2,"{""object_names"": [""PEDOMETER""], ""makers"": [""Pastorelli & Co.""], ""organisations/institutions"": [""Meteorology Catalogue""], ""dates"": [""1831"", ""1922""], ""places"": [], ""descriptions"": [""instrument has the movement invented by W. Payne in 1831 and shown in the preceding exhibit"", ""movement of the horizontal pendulum is restricted by stops, the lower one being adjustable to allow approximately for the variation in the length of stride"", ""instrument is carried in the waistcoat pocket and kept in a vertical position by means of the spring clip attached to its ring"", ""has a single dial, graduated in miles and quarters up to 12 miles"", ""Fractions of quarter-miles can be estimated by the position of the pointer between the graduations""], ""other"": [""Inv. 1875-25""]}","{""object_names"": [""Payne type pedometer"", ""Pedometer (Payne's movement)"", ""Surveying pedometer; pedometer""], ""makers"": [""Pastorelli and Co.""], ""organisations/institutions"": [""Science Museum Group Collections Online"", ""London, England, United Kingdom""], ""dates"": [""1853""], ""places"": [""London"", ""England"", ""United Kingdom""], ""descriptions"": [""British"", ""by Pastorelli and Co., London, England, 1853""], ""other"": [""Berg, Paul""]}"
40,18,10,2,1,1,1,2,1,1,1,0,5,10,1,2,0,"{""object_names"": [""Waywiser or Perambulator"", ""Odometer""], ""makers"": [], ""organisations/institutions"": [""Meteorology Catalogue"", ""S.M.""], ""dates"": [], ""places"": [], ""descriptions"": [""employed since the days of the Romans for measuring distances by counting and recording the revolutions of a wheel of known circumference"", ""brass wheel of 1.5 ft. circumference"", ""geared to a registering mechanism furnished with dials and pointers"", ""record the number of links, poles, chains, furlongs, and miles traversed"", ""bearings for the wheel axle are fixed to metal brackets screwed to the case containing the registering mechanism"", ""registering mechanism, which itself is fixed at the lower extremity of a long wooden handle"", ""small pinion wheel the teeth of which engage in those of a perpendicular pinion mounted on the lower end of a brass rod"", ""rod, which is pivoted at its lower end in the axle bearing block and kept parallel to the supporting bracket by guides"", ""upper end of this rod is geared to the case containing the registering mechanism"", ""two pointers and dials, the outer one divided to read links and having divisions both every ten links and every pole, whilst the inner dial is graduated in miles and half furlongs up to four miles""], ""other"": [""1922"", ""Inv. 1914-895""]}","{""object_names"": [""Waywiser""], ""makers"": [""George Adams, Fleet Street, London""], ""organisations/institutions"": [""Science Museum Group Collections Online""], ""dates"": [""1771-1800""], ""places"": [""Fleet Street, London"", ""City of London"", ""London"", ""Greater London"", ""England"", ""United Kingdom""], ""descriptions"": [""Surveying odometer""], ""other"": []}"
41,17,9,1,1,1,1,1,1,1,1,0,3,10,1,3,1,"{""object_names"": [""PERAMBULATOR""], ""makers"": [], ""organisations/institutions"": [""S.M.""], ""dates"": [""beginning of the 19th century""], ""places"": [], ""descriptions"": [""instrument for measuring distances by recording the revolutions of a rolling wheel"", ""improved form of the adjacent Waywiser"", ""The wheel is much larger, its circumference being half a pole"", ""carefully mounted in its bearings so as to reduce friction and shake"", ""The motion of the rotating axle of the wheel is transmitted to a perpendicular shaft running along the top to the case containing the recording mechanism by a pair of bevel wheels"", ""from the shaft to the recording mechanism by a worm and worm-wheel"", ""One of the bearing forks is hinged at the top to the case containing the recording mechanism"", ""The outer dial has a diam. of 7 in. and is graduated in yards and poles, its pointer making one revolution every furlong"", ""An inner dial, of 5 in. diam. is graduated in furlongs and miles up to 10 miles and is read by a second index"", ""The wheel and mechanism case are made of wood, with metal parts where there is much wear, e.g. the axle and bearings, wheel rim, etc.""], ""other"": [""Inv. 1906-40"", ""L.S."", ""Adam's \""Geometrical and Graphical Essays,\"" 1813""]}","{""object_names"": [""Waywiser"", ""Surveying odometer"", ""odometer""], ""makers"": [], ""organisations/institutions"": [""Science Museum Group Collections Online""], ""dates"": [""1791-1859""], ""places"": [""London, England, United Kingdom""], ""descriptions"": [""Surveying tool""], ""other"": []}"
42,14,16,1,3,1,1,1,1,2,2,0,5,8,3,1,1,"{""object_names"": [""SLEDGE METER""], ""makers"": [""S. Smith & Son""], ""organisations/institutions"": [""British Antarctic (Terra Nova) Expedition""], ""dates"": [""1910\u201313""], ""places"": [], ""descriptions"": [""This form of measuring wheel was constructed specially for use on frozen snow surface and ice, and was employed on all journeys made by the above expedition when much reliance had to be placed on dead reckoning."", ""The instrument has a trailing wheel of diam. 18 in. made of steel, with an aluminium band on its rim to prevent snow from clinging to the surface and with steel pegs fitted into the rim so as to enable the wheel to roll without slipping on ice surfaces."", ""The wheel is mounted in ball bearings upon a metal fork to which the recording mechanism is attached."", ""The gearing is completely enclosed and the dial gives reading in geographical miles, subdivided to 25 yd."", ""The fork is fixed to a wooden bar to which at the other end is attached a cross-head connected to the bar by a universal joint."", ""This permits the instrument to follow the track of a sledge without partaking of its lateral movements."", ""The instrument gave satisfactory readings over soft snow surfaces but registered too low on a very hard surface owing to the steel spikes giving a variable periphery.""], ""other"": [""Inv. 1914-111""]}","{""object_names"": [""sledge odometer"", ""Surveying odometer"", ""odometer""], ""makers"": [""S. Smith & Son Ltd.""], ""organisations/institutions"": [""Strand, City of Westminster, London, England, United Kingdom""], ""dates"": [""1900-1910""], ""places"": [""9 Strand, London, England"", ""Strand, City of Westminster, London, England, United Kingdom""], ""descriptions"": [""Used with the British Terra Nova Antarctic Expedition, 1910-1913."", ""patented""], ""other"": [""No.25318""]}"
43,10,12,1,3,1,1,0,1,1,1,1,3,5,2,1,1,"{""object_names"": [""GUNTER\u2019S CHAIN""], ""makers"": [], ""organisations/institutions"": [], ""dates"": [""1922""], ""places"": [""England""], ""descriptions"": [""first employed about 1620"", ""The chain most generally used in England for land measurement is named after its inventor, Edmund Gunter"", ""so that 10 square chains equal one acre"", ""made of iron, with brass handles, as was formerly the custom"", ""This type has been replaced by the chain made of steel wire, of No. 8 or No. 12 B.W.G. which stretches much less than an iron chain after use""], ""other"": [""Inv. 1872-78""]}","{""object_names"": [""Gunter type measuring chain"", ""Gunter type surveying chain"", ""surveying chain""], ""makers"": [""Charles Baker""], ""organisations/institutions"": [""Science Museum Group Collections Online""], ""dates"": [""1857-1865""], ""places"": [""244 High Holborn, London"", ""Holborn, Camden, London"", ""United Kingdom""], ""descriptions"": [""100 links (66 feet)"", ""Surveying""], ""other"": [""Baker, Charles""]}"
44,10,12,1,1,1,1,1,1,1,2,0,3,5,3,1,1,"{""object_names"": [], ""makers"": [], ""organisations/institutions"": [], ""dates"": [""1922""], ""places"": [], ""descriptions"": [""representative of the modern land surveyor\u2019s chain"", ""made of No. 12 B.W.G. steel wire"", ""with brass handles"", ""and brass tellers every 10 links"", ""A central swivel is fitted to obviate kinks when the chain is twisted in use"", ""When not in use, the chain is folded up in the manner shown, and bound together with a leather strap""], ""other"": [""Inv. 1914-845""]}","{""object_names"": [], ""makers"": [], ""organisations/institutions"": [], ""dates"": [""1900-1910""], ""places"": [""Sheffield, England"", ""United Kingdom""], ""descriptions"": [""Land surveying chain measure"", ""Surveying surveying chain; surveying chain""], ""other"": []}"
45,14,11,1,2,1,1,1,1,1,1,0,3,9,3,1,0,"{""object_names"": [""STEEL MEASURING BAND""], ""makers"": [""J. Chesterman & Co.""], ""organisations/institutions"": [""Meteorology Catalogue 1922""], ""dates"": [""1922""], ""places"": [], ""descriptions"": [""A steel band of this type is preferred to a chain by many land surveyors, partly because, length for length, it is lighter and also because it preserves its length much better after the strain of constant usage. On the other hand, it is not so durable as a chain, nor so easily read."", ""The example shown is 50 ft. long, and is divided every foot, the two terminal feet being subdivided into inches."", ""The divisions are marked by brass studs of various sizes, an oval plate being substituted for the stud at every 10 ft. and marked by perforation to show the length from the nearer end."", ""The handles are made of brass, with swivel joints."", ""The whole is wound up in a metal case which has a narrow slit for inserting the handle at one end."", ""A strap is attached to the case for carrying it."", ""The band is 5/8 in. wide"", ""of No. 26 B.W.G. thickness"", ""Made and lent by J. Chesterman & Co.""], ""other"": [""Inv. 1914-846""]}","{""object_names"": [""50-Foot tape measure"", ""Steel measuring tape""], ""makers"": [""J. Chesterman and Co., Sheffield, England""], ""organisations/institutions"": [""Science Museum Group Collections Online""], ""dates"": [""1914""], ""places"": [""Sheffield, England"", ""England"", ""United Kingdom""], ""descriptions"": [""Surveying steel measuring tape"", ""steel measuring tape""], ""other"": []}"
46,9,11,1,2,1,1,1,1,1,1,0,3,4,3,1,0,"{""object_names"": [""STEEL MEASURING TAPE""], ""makers"": [], ""organisations/institutions"": [""Meteorology Catalogue""], ""dates"": [""1922""], ""places"": [], ""descriptions"": [""accurately graduated steel tape of this type is extensively used for short measurements"", ""10 m. long"", ""graduated throughout in millimetres"", ""$\frac{5}{8}$ in. wide"", ""No. 34 B.W.G. thickness"", ""When not in use, it is wound up in the leather case as shown""], ""other"": [""Inv. 1914-847""]}","{""object_names"": [""10 metre tape measure"", ""Surveying steel measuring tape""], ""makers"": [""J. C. Chesterman of Sheffield, England""], ""organisations/institutions"": [""Science Museum Group Collections Online""], ""dates"": [""1905""], ""places"": [""Sheffield"", ""England"", ""United Kingdom""], ""descriptions"": [""10 metre steel measuring tape in leather case"", ""J. Chesterman & Co. Limited""], ""other"": []}"
47,14,6,1,1,1,0,1,0,3,1,2,1,5,2,1,1,"{""object_names"": [], ""makers"": [""Captain H. G. Lyons, F.R.S.""], ""organisations/institutions"": [""Meteorology Catalogue""], ""dates"": [""1922"", ""1861"", ""ten or twelve centuries""], ""places"": [""Syria"", ""Egypt""], ""descriptions"": [""a rod, Arabic"", ""employed in land surveying"", ""actual length varied considerably at different times and in different parts of the country"", ""defined as being equal to 3\u00b755 m."", ""unit of area (feddan) then becoming 333\u001a square qassabas instead of 400"", ""with its ends tipped with metal"", ""photographs showing the rod in use""], ""other"": [""Inv. 1912-244""]}","{""object_names"": [], ""makers"": [], ""organisations/institutions"": [], ""dates"": [], ""places"": [], ""descriptions"": [""Egyptian land-measuring rod"", ""with photograph (silver print)"", ""Surveying photograph"", ""photograph 1912""], ""other"": []}"
48,9,11,1,2,1,1,1,1,1,1,2,3,2,2,1,1,"{""object_names"": [""WOODEN MEASURING RODS""], ""makers"": [], ""organisations/institutions"": [""W\u00fcrtemburg""], ""dates"": [""1922""], ""places"": [""Germany""], ""descriptions"": [""commonly used in Germany in land-measurement"", ""have been in use in W\u00fcrtemburg for several centuries""], ""other"": [""Inv. 1914-257""]}","{""object_names"": [""Pair of 5 metre measuring rods"", ""Surveying measuring rods""], ""makers"": [], ""organisations/institutions"": [], ""dates"": [""c. 1910""], ""places"": [""Kassel"", ""Hesse""], ""descriptions"": [""oval section"", ""measuring rods""], ""other"": [""1910""]}"
49,11,11,1,1,1,1,0,1,1,1,1,3,6,4,1,0,"{""object_names"": [], ""makers"": [], ""organisations/institutions"": [], ""dates"": [], ""places"": [""Cassel""], ""descriptions"": [""square section"", ""wedge-shaped metal ends, which abut at right angles when the rods are laid in contact"", ""In one rod the metres are painted alternately red and white; in the other, black and white"", ""Each rod is 5 m. long, graduated in decimetres"", ""Their length is verified before use by laying each rod on a test-bed provided with chisel-shaped stops at a known distance apart"", ""By measuring the interval between the rod and the test-bed with a measuring wedge the length of the rod is obtained""], ""other"": [""Inv. 1914-258""]}","{""object_names"": [""Pair of 5 metre Measuring Rods""], ""makers"": [], ""organisations/institutions"": [""Science Museum Group Collections Online""], ""dates"": [""c. 1900""], ""places"": [""Kassel"", ""Hesse"", ""Germany""], ""descriptions"": [""Surveying measuring rods"", ""measuring rods"", ""Otto Fennel S\u00f6hne""], ""other"": []}"
50,10,7,1,1,1,1,0,0,1,1,1,2,5,2,1,0,"{""object_names"": [""STEEL MEASURING WEDGE""], ""makers"": [""O. Fennel, Cassel""], ""organisations/institutions"": [], ""dates"": [""1922""], ""places"": [""Cassel""], ""descriptions"": [""Made by O. Fennel, Cassel."", ""In comparing a wooden measuring rod of the type used in cadastral surveys with the corresponding standard, it is usually necessary to measure very accurately the small distance between one end of the rod and the end of the standard. For this purpose, a steel measuring wedge of uniformly varying thickness is inserted between the two terminals."", ""The one exhibited has a uniform variation in thickness of 1 mm. per 1 cm. of its length."", ""Its length is graduated in millimetres, reading by estimation to tenth-millimetres, and thus giving the corresponding thickness to 0\u00b701 mm., within a range of error of 0\u00b701 mm."", ""(See \""Handbuch der Vermessungskunde,\"" Jordan, Bd. II, Section 20.)""], ""other"": [""Inv. 1914-259""]}","{""object_names"": [""Steel measuring wedge""], ""makers"": [""Otto Fennel und Soehne"", ""Otto Fennel S\u00f6hne""], ""organisations/institutions"": [], ""dates"": [""c. 1910""], ""places"": [""Kassel, Hesse, Germany""], ""descriptions"": [""Surveying measuring wedge; measuring wedge""], ""other"": []}"
51,18,9,1,1,1,1,1,0,2,1,2,1,10,3,1,2,"{""object_names"": [], ""makers"": [], ""organisations/institutions"": [""Royal Society""], ""dates"": [""1784"", ""1787""], ""places"": [""Hounslow Heath"", ""Romney Marsh""], ""descriptions"": [""This chain was first used by General Roy in measuring the Hounslow Heath base in 1784."", ""Although it was only used as a preliminary to more precise measurements with both fir and glass rods, General Roy was so impressed by its accuracy that, in measuring the base of verification on Romney Marsh in 1787, he used the chain only, and discarded the wooden and glass rods."", ""The chain has 100 links, each 1 ft. long."", ""The joints at every 10 ft. are at right angles to the remainder, which permits the chain to be folded so as to fit into a box about 14 in. by 8 in. by 8 in. for transport."", ""Brass plates are attached at the joints to indicate 10 ft. lengths along the chain."", ""In the rough measurement of the Hounslow Heath base, the chain appears to have been simply stretched along the ground, but in the measurement at Romney Marsh it was supported on deal coffers, 20 ft. long, resting on carefully aligned posts driven into the ground every 20 ft. along the base."", ""Thus supported, the chain was stretched by a weight of 28 lb., the temperature being measured by thermometers laid in the coffers near the chain."", ""General Roy"", ""fir rods"", ""glass rods""], ""other"": [""STEEL CHAIN""]}","{""object_names"": [""100 Link Steel Surveying Chain""], ""makers"": [], ""organisations/institutions"": [], ""dates"": [""1784""], ""places"": [""London""], ""descriptions"": [""100 link chain made by Ramsden, used by General Roy in 1784 and 1787"", ""surveying chains"", ""surveying chains 1784""], ""other"": [""Inv. 1900-156"", ""Ramsden, J. (Jesse), 1735-1800""]}"
52,16,7,1,1,1,1,1,0,1,1,1,2,10,2,1,0,"{""object_names"": [""BONING TELESCOPE""], ""makers"": [""General Roy""], ""organisations/institutions"": [""Royal Society""], ""dates"": [""1784"", ""1785""], ""places"": [""Hounslow Heath""], ""descriptions"": [""Measuring the Hounslow Heath base"", ""Divided the base into sections of 200 yd."", ""Erected tripods of fixed height for supporting the measuring rods at each division point"", ""Sections were subdivided into segments of 20 ft."", ""Corresponding to the lengths of the deal measuring rods used"", ""Intermediate tripods set up at the subdivision points with their platforms adjusted so as to be in the line connecting the platforms of the tripods at each end of the section"", ""Used to sight between the two terminal tripods upon boning rods set up at the subdivision points"", ""Movable vanes of these rods being adjusted until their index lines lay on the axis of sight of the telescope"", ""Height of the intermediate tripods was thus ascertained"", ""Rack-focussing objective lens of 1\u00b72 in. aperture and 13 in. focal length"", ""Fixed eyepiece of the Huygens type"", ""Fixed cross-wire diaphragm between the two lenses"", ""Magnifying power of the eyepiece is small"", ""Telescope can be focussed down to a few feet"", ""Square brass collars shrunk on to its tube near each end to support it upon the platform of the tripod""], ""other"": [""Inv. 1900-157""]}","{""object_names"": [""Telescope""], ""makers"": [""General Roy""], ""organisations/institutions"": [], ""dates"": [""1784""], ""places"": [""Paris"", ""Greenwich""], ""descriptions"": [""Used for measuring base line to link Paris and Greenwich"", ""With box"", ""Surveying base line measurement; base line measurement""], ""other"": []}"
53,17,12,1,1,1,1,1,1,1,1,1,4,11,3,1,1,"{""object_names"": [""Struve\u2019s Base Apparatus""], ""makers"": [""W. Struve""], ""organisations/institutions"": [""Pulkowa Observatory""], ""dates"": [""1817\u20131855""], ""places"": [""Russia""], ""descriptions"": [""designed by W. Struve"", ""used by him in measuring seven bases of the principal triangulation of Russia, 1817\u20131855"", ""consists of four wrought iron bars enclosed in wooden cases, supported near the ends on trestles"", ""chief peculiarity of the bars is the use of spring contact levers"", ""temperature was measured directly by thermometers whose bulbs rested in cavities in the bar"", ""Struve estimated the mean probable error of his bases as 1 in 7,250,000"", ""Each iron bar is 2 toises (nearly 4 m.) long, and has a square section of 3\u00b74 cm. side"", ""It terminates at one end in a small steel cylinder, having a slightly convex outer face"", ""To the other end is pivoted a lever with unequal arms"", ""On the lower arm is a polished hemisphere, pushed outwards from the bar by a weak spring"", ""The steel cylinder of the adjacent bar makes contact with this hemisphere, and forces the longer arm of the lever to traverse a vertical graduated scale"", ""Any slight variation in length of the bar is correspondingly magnified by the lever on the scale, and can be accurately measured"", ""Two mercury thermometers are placed with their bulbs in recesses in each bar, and serve to measure the temperature directly"", ""There is also a spirit level attached to determine the inclination of the bar"", ""(See \u201cEncyclop\u00e6dia Britannica,\u201d XI Edition, Article \u201c Geodesy.\u201d)""], ""other"": [""Inv. 1876-1211""]}","{""object_names"": [""Photograph of surveying base-line apparatus""], ""makers"": [""Friedrich Georg Wilhelm Struve""], ""organisations/institutions"": [""Pulkowa Observatory, St. Petersburg, Russia""], ""dates"": [""1870-1876""], ""places"": [""St Petersburg"", ""St Petersburg, Leningrad"", ""Rossiya"", ""Russia""], ""descriptions"": [""Russian"", ""Photograph in glazed frame"", ""as used in Russia (1817-1855)""], ""other"": [""Surveying positive - photograph; positive - photograph""]}"
54,18,11,2,2,1,1,2,1,1,1,1,3,9,2,2,1,"{""object_names"": [""\""INVAR\"" MEASURING TAPE""], ""makers"": [], ""organisations/institutions"": [""National Physical Laboratory"", ""Guillaume et Benoit""], ""dates"": [""1896"", ""1916""], ""places"": [""Paris""], ""descriptions"": [""nickel-steel alloy containing from 35 per cent, to 36 per cent. nickel"", ""discovered by Dr. C. E. Guillaume"", ""low coefficient of expansion for temperature, which is not greater than 1\u00b70 x 10\u207b\u2076 per \u00b0C"", ""application of this alloy to geodesy"", ""difficulty of ascertaining the exact mean temperature of a metal measuring unit"", ""precise length of the unit at the time of measurement"", ""effect of an error of this type is directly proportional to the expansibility of the metal"", ""use of \""invar\"" wires or tapes, suspended under a constant tension of about 10 kg., according to J\u00e4derin\u2019s method, is now almost universal in measuring bases for triangulation of the first or second order"", ""scales divided to read two-hundredths of a foot at each end"", ""length between its zero marks at each end is 100\u00b7001 ft. at 58\u00b75\u00b0 F., under a tension of 10 kg., with an accuracy of 1 in 100,000"", ""width of the tape is 5 mm."", ""thickness 0\u00b75 mm."", ""wound upon an aluminium drum of 16 in. diam., which can rotate upon its pivot as the reel is unwound""], ""other"": [""Inv. 1912-245""]}","{""object_names"": [""100-Foot invar tape measure"", ""Surveying tape measure""], ""makers"": [""Agar Baugh, J. H.""], ""organisations/institutions"": [], ""dates"": [], ""places"": [""London, England"", ""United Kingdom""], ""descriptions"": [""British"", ""on aluminium reel"", ""92 Hatton Garden, London, England"", ""tape measure""], ""other"": []}"
55,11,8,1,1,1,1,1,1,1,1,0,1,6,3,1,0,"{""object_names"": [], ""makers"": [], ""organisations/institutions"": [""Admiralty""], ""dates"": [""1922""], ""places"": [], ""descriptions"": [""designed by Capt. G. H. Blakey, R.N. for determining the distance of a ship on the assumption that the height of its mast is known, and that the mast is perpendicular to the direction of the ship from the observer"", ""merely a telescopic sighting tube having a pin-hole aperture and pairs of parallel wires set at known intervals apart near the object end of the tube"", ""The distance of these wires from the aperture is given by the graduated scales on the telescopic tube."", ""In using the instrument, the mast of the distant ship is viewed and the sighting tube telescoped until the mast lies exactly between a pair of wires. On reading the length of the tube, i.e. from aperture to wires, the range of the mast will be in the same ratio to this length as the mast is to the interval between the wires. As these last two lengths are known, the range is readily calculated, or can be obtained directly from the tables supplied with the instrument."", ""Two mutually perpendicular pairs of parallel wires are fitted in the instrument exhibited, at intervals of one tenth and one twentieth of a foot respectively. A table corresponding to the former interval for lengths of masts between 100 and 200 ft., and all possible lengths of sighting tube is printed on the tube and gives the corresponding ranges in yards. For the smaller interval, these ranges are of course to be doubled."", ""Measurements of distance by this apparatus can only be very approximate owing to the absence of magnification, uncertainty as regards the length of the mast and its inclination to the line of sight, etc.""], ""other"": [""Inv. 1876-1209""]}","{""object_names"": [""Stadiometer (telemeter)"", ""Surveying telemeter"", ""telemeter""], ""makers"": [], ""organisations/institutions"": [""Science Museum Group Collections Online""], ""dates"": [""1825-1835""], ""places"": [""Devonport, Plymouth, England, United Kingdom""], ""descriptions"": [""Blakey type"", ""by W. Heath, Devonport, Plymouth, England"", ""Blakey type""], ""other"": []}"
56,15,8,1,2,1,1,1,1,3,1,1,1,7,2,1,0,"{""object_names"": [""STUART\u2019S DISTANCE METER""], ""makers"": [""T. H. Court, Esq.""], ""organisations/institutions"": [""Meteorology Catalogue""], ""dates"": [""1922"", ""1895"", ""1915""], ""places"": [""sea""], ""descriptions"": [""Assuming that the length of a distant ship\u2019s mast is known, its range can be found by this instrument, which was designed in 1895 for use at sea."", ""Two images of the mast are seen in the field of the telescope, one formed by light rays traversing a fixed prism of constant angle, and the other by rays traversing a movable prism of varying angle."", ""These images are made to approach each other until the lower limit of one is level with the upper limit of the other by sliding the movable prism, when the position of an index attached to this permits the range to be read."", ""The movable prism consists of a thin piece of glass, ground concave on both faces, and is attached to a slide worked by a tangent screw."", ""It thus forms a prism of varying angle in front of one half of the telescope, the other half being occupied by the fixed constant angle prism."", ""Ranges up to 3 miles can be read to the nearest tenth of a mile."", ""for use at sea""], ""other"": [""Inv. 1915-399""]}","{""object_names"": [""Marine distance meter"", ""Surveying distance meter; distance meter""], ""makers"": [""Stuart (designer)""], ""organisations/institutions"": [""Science Museum Group Collections Online""], ""dates"": [""1895""], ""places"": [""United Kingdom""], ""descriptions"": [""Stuart's Distance Meter"", ""for use at sea""], ""other"": []}"
57,11,5,1,3,1,0,0,0,1,1,0,0,7,1,1,0,"{""object_names"": [], ""makers"": [""T. H. Court, Esq.""], ""organisations/institutions"": [], ""dates"": [], ""places"": [], ""descriptions"": [""instrument is used to measure ranges in the ordinary manner, by solving a very acute right-angled triangle"", ""angle subtended at the distant point is constant, whilst the base is variable, and is measured by pacing"", ""Three reflecting right-angled prisms are mounted by hinged joints near the objective of a small telescope, so that any one of the three can be set to reflect rays axially along the telescope from directions at 90\u00b0, 88\u00b0 51\u2032 15\u2033 and 74\u00b0 53\u2032 15\u2033 respectively"", ""The first prism is used to set off the base at right angles to the direction of the distant object"", ""observer paces in the line of the base until, using one of the other two prisms, he again sees the object by reflection"", ""For both observations the telescope is directed to view another distant point at right angles to the target, i.e., in the direction of the base"", ""number of paces taken between the two observations, multiplied by a constant depending upon the length of pace and the reflecting angle of the second prism used, gives the required range"", ""The constant is determined experimentally""], ""other"": [""Inv. 1911-151""]}","{""object_names"": [""Surveying telemeter"", ""telemeter""], ""makers"": [], ""organisations/institutions"": [], ""dates"": [], ""places"": [], ""descriptions"": [""object is a telemeter""], ""other"": []}"
58,22,6,1,1,1,1,2,1,1,1,1,0,15,2,1,0,"{""object_names"": [], ""makers"": [], ""organisations/institutions"": [""French army"", ""French artillery officer""], ""dates"": [], ""places"": [""Paris""], ""descriptions"": [""designed by Capt. Gautier"", ""has been extensively used in the French army"", ""Its main feature is a thin prism mounted in a ring at the object end of the sighting tube."", ""By rotating the ring the deviation of rays in the plane of the distant object and the horizontal through the instrument can be varied continuously, and the ring calibrated correspondingly."", ""The sighting tube is about 5 in. long by 1\u00b75 in. diam."", ""has a protecting tube which can be fitted underneath to serve as a hand-grip when observations are being made."", ""has a pair of plane mirrors having their faces inclined to each other at an angle of about 45\u00b0"", ""so inclined to the optical axis that rays incident through a window in the side of the tube in a direction nearly perpendicular to the axis, are doubly reflected at the mirrors into the line of the axis, and pass through a small telescope at the eye end of the tube."", ""In the instrument shown, two such telescopes of different powers are fixed side by side."", ""One of the mirrors can be slightly rotated so as to vary the angle of deviation of the reflected rays."", ""In using the instrument, the observer sets the range scale on the movable ring at \u201cinfinity\u201d and the index of the movable mirror at the centre."", ""He views the distant object by double reflection at the mirrors and looks directly through the tube and prism for a convenient aiming mark."", ""If such a mark is not quite co-incident with the image of the distant object, he rotates the mirror until coincidence occurs."", ""The movable ring is really calibrated to record the reciprocal of the angle of deviation caused by the prism, which is the same as the reciprocal of the angle subtended. by the base at the object."", ""As this base has been made nearly perpendicular to the direction of the object, the product of its length and the reciprocal of the angle gives the range."", ""Thus any convenient base length can be used subject to the condition that it subtends an angle of not more than 3\u00b0 at the distant object."", ""(See \u201c Notice sur le T\u00e9l\u00e9m\u00e8tre de Poche,\u201d by A. Gautier, Paris.)""], ""other"": [""Inv. 1910-126""]}","{""object_names"": [], ""makers"": [], ""organisations/institutions"": [], ""dates"": [], ""places"": [], ""descriptions"": [""Surveying telemeter"", ""telemeter""], ""other"": []}"
59,24,14,2,2,1,1,2,1,5,2,1,3,10,3,3,2,"{""object_names"": [], ""makers"": [], ""organisations/institutions"": [""Admiralty"", ""Barr and Stroud""], ""dates"": [""1860"", ""1909-139""], ""places"": [""East Coast of England""], ""descriptions"": [""type of rangefinder"", ""extensively used by the Admiralty until superseded by the Barr and Stroud pattern"", ""example shown was used on H.M.S. \u201cTriton\u201d"", ""rangefinder consists of two systems of lenses and right-angled reflecting prisms mounted in a 3-ft. metal tube of square section"", ""Each system forms a \u201cbroken\u201d telescope, the objectives being at each end of the tube, along which the rays, originally perpendicular to it, are deflected by right-angled prisms to the centre, where they are again reflected at right angles into the common central eye-piece"", ""In this manner two images of a distant object whose direction is nearly perpendicular to the axis of the tube are obtained, one through each system"", ""These images will be separated laterally by an interval which diminishes continuously as the range increases, but does not become zero until the object is at an infinite distance"", ""If the objective lens and two prisms of one system are separately mounted and can be rotated with respect to the other system, the two images may be made to coincide by such a rotation, and the angle of rotation necessary will vary inversely as the range of the object"", ""This angle can be obtained by calculation, or a table of corresponding values"", ""In the instrument exhibited such an arrangement is effected by mounting one object lens and its pair of reflecting prisms in a separate tube within the main tube containing the other set, and pivoted to this so that the rotation can be effected by a screw threaded in the outer tube with its end pressing against the inner"", ""The angle of rotation is measured by a vernier on one tube and a scale nearest second of arc, and the range read off on a table fixed to the outer leather protecting cover""], ""other"": [""Inv. 1909-139"", ""British Patent, 1860, No. 357; and 1863, No. 608.""]}","{""object_names"": [], ""makers"": [""Adie & Son""], ""organisations/institutions"": [], ""dates"": [], ""places"": [""Edinburgh, Scotland, United Kingdom""], ""descriptions"": [""3 ft base line"", ""Surveying telemeter""], ""other"": [""c.1885""]}"
60,11,13,1,3,1,1,2,0,2,2,1,3,3,3,1,1,"{""object_names"": [""BARR AND STROUD RANGEFINDER ON NAVAL MOUNTING""], ""makers"": [""Messrs. Barr & Stroud, Ltd.""], ""organisations/institutions"": [""Weddell Sea Antarctic expedition"", ""British Antarctic expedition""], ""dates"": [""1902-04 / 1910-13 (Period of use)""], ""places"": [""Weddell Sea""], ""descriptions"": [""Lent by Messrs. Barr & Stroud, Ltd."", ""used by Dr. Bruce"", ""used by Capt. R. F. Scott, R.N.""], ""other"": [""Scotia"", ""Terra Nova""]}","{""object_names"": [""Optical range-finder"", ""Barr and Stroud range-finder"", ""Surveying parallax range-finder; parallax range-finder""], ""makers"": [""Barr and Stroud""], ""organisations/institutions"": [], ""dates"": [""1900""], ""places"": [""Glasgow"", ""Glasgow, Scotland"", ""United Kingdom""], ""descriptions"": [""British"", ""4ft 6ins base"", ""used aboard ship""], ""other"": [""1900 Glasgow, Glasgow, Scotland, United Kingdom Barr and Stroud""]}"
61,9,11,1,1,1,1,0,1,1,1,0,4,5,2,1,1,"{""object_names"": [""TACHEOMETER""], ""makers"": [""Troughton & Simms""], ""organisations/institutions"": [], ""dates"": [""1922""], ""places"": [], ""descriptions"": [""A Porro \""anallatic\"" lens is inserted between the objective and eye lenses of this instrument and its horizontal and vertical circles are divided centesimally. It is used in conjunction with a graduated tacheometric staff, upon which the interval subtended between the fixed cross wire varies directly as the distance of the staff from the transverse axis of the instrument, which is itself vertically above the observing station point.""], ""other"": [""Inv. 1890-55""]}","{""object_names"": [""Tacheometer with slide rule and components""], ""makers"": [""Troughton & Simms""], ""organisations/institutions"": [""Science Museum Group Collections Online""], ""dates"": [""1885-1895""], ""places"": [""London"", ""Fleet Street, City of London"", ""London, England"", ""United Kingdom""], ""descriptions"": [""4-inch"", ""Sighting tube has been sectioned. Surveying tacheometer; tacheometer""], ""other"": [""staff, slide rule and tables""]}"
62,15,10,2,2,1,2,1,1,1,1,1,3,8,1,1,0,"{""object_names"": [""GENTILLI'S TACHEOMETER""], ""makers"": [""St\u00e4rke & Kammerer""], ""organisations/institutions"": [""St\u00e4rke""], ""dates"": [""1922""], ""places"": [""Vienna""], ""descriptions"": [""To convert a theodolite into a tacheometer for measuring distances, many devices have been proposed which permit the telescope, when directed upon a graduated staff, to be displaced through a constant small angle, whose limits are determined by two mechanical stops. The distance so measured on the staff will vary directly as the horizontal distance of the staff from the observing station and inversely as the square of the cosine of the altitude angle. As the latter is known, the former can be calculated by using special tables. In the tacheometer invented about 1868 by A. Gentilli, the Austrian engineer, a rigid vertical arm can be clamped to the transverse axis of the telescope in any position. The lower end of this arm can only move a short distance, being limited by two mechanical stops. Consequently the vertical angle through which the telescope can move when clamped to the arm is likewise limited. The instrument in other respects is like an ordinary theodolite of the type made by St\u00e4rke about this period. It has a 5-in. horizontal circle and a 3.5-in. vertical quadrant, both reading by vernier and reading microscope to 30'' and having the usual clamps and tangent screws. The telescope has an objective lens of 12 in. focal length and 1.5 in. aperture. The instrument has four levelling screws, two small spirit levels mutually perpendicular on the horizontal circle, and a more sensitive one on the telescope.""], ""other"": [""Inv. 1876-1205""]}","{""object_names"": [""Gentilli type tacheometer""], ""makers"": [""Starke & Kammerer""], ""organisations/institutions"": [], ""dates"": [""1868-1876""], ""places"": [""Austria"", ""Vienna, Wien, Austria""], ""descriptions"": [""Surveying tacheometer; tacheometer""], ""other"": []}"
63,19,8,1,1,1,1,0,1,3,1,0,2,13,2,1,0,"{""object_names"": [], ""makers"": [], ""organisations/institutions"": [], ""dates"": [""1868"", ""1900-90"", ""1922""], ""places"": [], ""descriptions"": [""An early example of a theodolite modified to enable distances to be measured with it simultaneously with azimuth and altitude angles is here represented in the \u201cOmnimeter,\u201d invented by C. A. C. Eckhold in 1868."", ""This instrument is used in conjunction with a special tacheometric staff having a fixed interval, usually 10 ft., marked upon it."", ""A microscope, rigidly attached with its axis perpendicular to that of the observing telescope, rotating with this telescope about a common transverse axis, measures upon a scale fixed horizontally upon the upper plate of the theodolite the distance traversed when the observing telescope is rotated from the upper mark to the lower mark of the staff."", ""As this staff is always set up vertically, its horizontal distance from the centre of the instrument is inversely proportional to the distance traversed on the scale."", ""The microscope scale is mounted parallel to the telescope at a distance of exactly 6 in. below the transverse axis."", ""It is 4 in. long and is graduated to read 0\u00b702 in. directly, whilst it can be moved on the plate, parallel to its own length, through a small interval by means of a micrometer screw with a graduated drum, which measures 0\u00b7002 of each division of the scale."", ""In this manner the ultimate graduation of the scale corresponds to 4 \u00d7 10\u207b\u2075 in. so that, if n such divisions are traversed when the theodolite rotates from the upper to the lower mark of the staff, the distance of this staff from the instrument will be 15 \u00d7 10\u00b3 \u00f7 n ft."", ""In other respects the instrument is similar to an ordinary transit repeating theodolite."", ""It has 5-in. vertical and horizontal circles reading by vernier to single minutes."", ""The focal length of the telescope is 11 in., and its aperture 1\u00b725 in."", ""It is fitted with a Ramsden eyepiece."", ""Slow-motion tangent screws are provided for each circle, and the usual spirit-levels on the plate and telescope."", ""A diagonal eyepiece is fitted to the microscope for convenience in taking steep sights.""], ""other"": [""ECKHOLD'S OMNIMETER"", ""ECKHOLD"", ""Inv. 1900-90""]}","{""object_names"": [], ""makers"": [""Elliott Brothers""], ""organisations/institutions"": [""Science Museum Group Collections Online""], ""dates"": [""1868-1900""], ""places"": [""London, England"", ""United Kingdom""], ""descriptions"": [""Surveying tacheometer; tacheometer"", ""Patent Omnimeter""], ""other"": []}"
64,12,9,1,1,1,1,1,1,1,1,0,2,6,3,2,0,"{""object_names"": [""TACHEOMETRIC STAFF""], ""makers"": [""Troughton & Simms""], ""organisations/institutions"": [""Meteorology Catalogue""], ""dates"": [""1922""], ""places"": [], ""descriptions"": [""4-metre wooden staff"", ""graduated in centimetres"", ""used in conjunction with the tacheometer, Cat. No. 81"", ""inextensible"", ""does not materially differ from a levelling rod"", ""The graduation marks are black bands, 1 cm. wide, at intervals of 1 cm."", ""Those corresponding to metres and decimetres extend right across the face, the rest only half across."", ""The metres are numbered by large red numbers and the decimetres by smaller black numbers."", ""The half-decimetre points are marked by small black arrows."", ""The rod has a rectangular section, 3 in. wide by 1 1/4 in. deep"", ""the face is slightly sunk below the edges to prevent abrasion of the graduations""], ""other"": [""81"", ""1890-55""]}","{""object_names"": [""Tacheometer with slide rule and components"", ""Tacheometer"", ""staff"", ""slide rule"", ""tables""], ""makers"": [""Troughton & Simms""], ""organisations/institutions"": [""Science Museum Group Collections Online""], ""dates"": [""1885-1895""], ""places"": [""London"", ""Fleet Street, City of London, London, England, United Kingdom""], ""descriptions"": [""4-inch"", ""Sighting tube has been sectioned"", ""Surveying tacheometer""], ""other"": []}"
65,14,6,1,1,1,0,2,1,1,0,1,1,7,1,1,2,"{""object_names"": [], ""makers"": [""Captain H. G. Lyons, F.R.S.""], ""organisations/institutions"": [""Cairo Museum""], ""dates"": [""1922""], ""places"": [], ""descriptions"": [""two ancient Egyptian levels"", ""A-shaped plummet type"", ""ancient Egyptian levels"", ""of considerable antiquity"", ""used by builders and engineers of all the early civilizations"", ""survived in use to the present date without fundamental modification"", ""wooden frame in the shape of an isosceles triangle, having its sides equally prolonged beyond the base"", ""ends of the legs are cut parallel to the cross piece, so that the frame may rest upon a flat surface"", ""plummet is suspended from the apex of the frame, and its cord passes over the front of the cross piece, in the middle of which is engraved a vertical mark"", ""If the cord lies along this mark when the plummet hangs freely, the surface on which the level rests is horizontal"", ""Hieroglyphics are engraved in the face of the lower level""], ""other"": [""Inv. 1914-219""]}","{""object_names"": [], ""makers"": [], ""organisations/institutions"": [], ""dates"": [], ""places"": [], ""descriptions"": [""Surveying photographs"", ""photographs""], ""other"": [""Science Museum Group Collections Online Entry""]}"
66,10,9,1,1,1,1,0,0,1,1,0,1,6,3,1,2,"{""object_names"": [], ""makers"": [""T. H. Court, Esq.""], ""organisations/institutions"": [], ""dates"": [""1922""], ""places"": [], ""descriptions"": [""instrument for ascertaining heights"", ""isosceles, right-angled metal triangle"", ""freely suspended by means of two brass pins so that its two equal sides are vertical and horizontal respectively"", ""all objects in the prolongation of its third side will then be at a horizontal distance from the instrument equal to their height above it"", ""the former distance can be measured, and the height thus ascertained"", ""the hypotenuse of the metal triangle has a pair of sights which enable objects in its line to be viewed"", ""when using the instrument, the observer takes up a position from which he can sight the object whose height is required, the instrument being freely suspended"", ""he then measures his horizontal distance from a point vertically beneath the object"", ""this distance is equal to the height of the object above the eye-level of the observer"", ""when not in use, the instrument fits in the wooden case exhibited with it""], ""other"": [""Inv. 1917-39""]}","{""object_names"": [""Dendrometer""], ""makers"": [""Unknown maker""], ""organisations/institutions"": [], ""dates"": [""1851-1900""], ""places"": [""Europe""], ""descriptions"": [""a tree height measuring instrument"", ""a surveying instrument for measuring heights of trees"", ""surveying dendrometer""], ""other"": [""felt-lined mahogany box"", ""dendrometer 1851-1900 Europe""]}"
67,19,8,2,2,1,1,2,1,2,1,0,1,10,2,4,1,"{""object_names"": [""EARLY BALANCE LEVEL""], ""makers"": [""T. H. Court, Esq.""], ""organisations/institutions"": [""Meteorology Catalogue"", ""L.S.""], ""dates"": [""17th century (Latter half)"", ""17th century""], ""places"": [], ""descriptions"": [""This is a level of a type much used for rough levelling during the 17th century, and probably dates from the latter half of that period."", ""It consists of a heavy tube freely suspended from the top of a wooden case by a thread attached to its centre."", ""The tube has a horizontal slit at one end, and a corresponding cross wire at the other; glass windows in the ends of the wooden case permit a free view along the sights."", ""The instrument as a whole can be rotated in azimuth upon its stand."", ""When not in use, the sighting tube can be fixed by means of two screws passing through the bottom of the wooden case."", ""In this instrument, the centre of gravity of the suspended tube is very little, if any, below the line of sight."", ""Hence the tube is very sensitive to disturbances, which is a source of trouble."", ""Moreover, there is no easy method of adjusting the line of sight to be truly horizontal."", ""Owing to these defects, both of which were remedied in the more precise instruments on the \""balance\"" principle designed by Huygens, this type of level is not very accurate."", ""The body of the tube is made of lead, the ends containing the sights being of brass."", ""The wooden case is screwed into the top of a small column, provided with a brass socket at its other end."", ""The socket serves to attach the level to its stand, which may be a tripod or simply a \""stick\"" stand.""], ""other"": [""Plate II, Fig. 1, p. 38"", ""Inv. 1913-258"", ""S.M. 931"", ""Lent""]}","{""object_names"": [""Optical balance level""], ""makers"": [""Unknown maker""], ""organisations/institutions"": [""Science Museum Group Collections Online""], ""dates"": [""1700-1799""], ""places"": [""England""], ""descriptions"": [""after a type used in the 17th Century"", ""Surveying level""], ""other"": [""removable mahogany side panel"", ""British""]}"
68,9,10,1,2,0,1,1,1,1,1,0,1,5,3,1,1,"{""object_names"": [""PLUMMET CLINOMETER""], ""makers"": [], ""organisations/institutions"": [""Meteorology Catalogue""], ""dates"": [""late 17th or early 18th century""], ""places"": [], ""descriptions"": [""consists of a brass alidade attached to a semi-circle, pivoted upon a heavy stand, which is set with its base horizontal by means of a small brass plummet."", ""The semi-circle and alidade can be rotated in the vertical plane, and the inclination of the line of sight read by a fixed index on the stand."", ""The semi-circle is graduated in degrees and has a diameter of 4\u00b72 in."", ""The sight rule is a hollow tube fitted with dual sights at each end, one set being within the tube and the other on top of it in the opposite sense.""], ""other"": [""Inv. 1883-118""]}","{""object_names"": [""Surveying clinometer"", ""clinometer""], ""makers"": [""Unknown maker""], ""organisations/institutions"": [""Science Museum Group Collections Online""], ""dates"": [""1795-1805""], ""places"": [""European""], ""descriptions"": [""gilt metal"", ""May be later decorative piece ?"", ""gilded""], ""other"": [""gilt metal""]}"
69,13,9,1,1,1,1,0,1,1,1,1,2,8,2,1,0,"{""object_names"": [], ""makers"": [], ""organisations/institutions"": [], ""dates"": [], ""places"": [], ""descriptions"": [""consists of a hollow wooden stand with a flat base and brass facings"", ""A brass plummet is suspended down one face, and by its position on a scale of degrees engraved on the lower part of the face measures the inclination of the base of the instrument"", ""No sights are provided"", ""A brass knob, screwed into the top of the stand can be detached and used as a plummet; a cord wound round a drum inside the stand is used to suspend the knob"", ""The plummet has a length of 4\u00b78 in., which is the radius of the graduated arc"", ""This extends 15\u00b0 on either side of the vertical""], ""other"": [""Inv. 1880-201""]}","{""object_names"": [""Combined level & clinometer""], ""makers"": [], ""organisations/institutions"": [""Science Museum Group""], ""dates"": [], ""places"": [""Germany (?)""], ""descriptions"": [""Surveying plummet level"", ""plummet level""], ""other"": []}"
70,11,9,1,2,1,1,1,1,1,1,1,2,5,2,1,0,"{""object_names"": [""BALANCE LEVEL""], ""makers"": [""Susse Bros.""], ""organisations/institutions"": [""Meteorology Catalogue""], ""dates"": [""1922""], ""places"": [""Paris""], ""descriptions"": [""instrument can be used for testing whether a surface is horizontal, vertical or inclined at 45\u00b0"", ""consists of a loaded disc, pivoted between the vertical faces of a cylindrical brass case fixed to a brass ruler"", ""Marks engraved on the edge of the revolving disc show by their coincidence with marks on the fixed case whether the ruler, which is placed on the surface to be tested, is horizontal, vertical, or inclined at 45\u00b0"", ""The ruler has a length of about 6 in."", ""one of its bevelled edges is graduated in millimetres""], ""other"": [""Inv. 1857-25""]}","{""object_names"": [""Balance level type clinometer"", ""Surveying clinometer""], ""makers"": [""Susse fr\u00e8res""], ""organisations/institutions"": [""Science Museum Group Collections Online""], ""dates"": [""1850-57""], ""places"": [""France""], ""descriptions"": [""Balance level (clinometer)"", ""clinometer""], ""other"": []}"
71,14,10,1,1,2,2,1,1,2,1,0,2,6,1,2,2,"{""object_names"": [], ""makers"": [""T. H. Court, Esq.""], ""organisations/institutions"": [""Meteorology Catalogue""], ""dates"": [""1922"", ""1829""], ""places"": [], ""descriptions"": [""This type of level was invented by Col. Burel in 1829, and operates upon the principle that in a vertically suspended mirror the eye sees a reflected image of itself at its own level."", ""The instrument consists of a rectangular frame, suspended in gimbal bearings so as to hang vertical owing to its own weight."", ""The frame contains a piece of plane glass, of which one vertical half is silvered and the other half left free for direct vision of a distant object."", ""A horizontal cross wire bisects the two parts."", ""The observer holds the instrument in front of his eye and moves it until he sees the reflected image of his eye bisected by the cross wire."", ""Any distant object then intersected by the wire will be at the level of his eye.""], ""other"": [""Presented by T. H. Court, Esq."", ""Inv. 1911-183""]}","{""object_names"": [], ""makers"": [""Unknown maker""], ""organisations/institutions"": [""Science Museum Group Collections Online""], ""dates"": [""1851-1900""], ""places"": [""France (?)"", ""Europe""], ""descriptions"": [""Surveying plumb level; plumb level""], ""other"": [""unsigned"", ""Col. Burel""]}"
72,9,7,1,1,1,0,0,1,1,1,0,0,5,2,1,2,"{""object_names"": [], ""makers"": [""T. H. Court, Esq.""], ""organisations/institutions"": [], ""dates"": [], ""places"": [], ""descriptions"": [""This is very similar to the adjacent Burel type, but has a heavy screw threaded in the base of the frame."", ""By working the screw the inclination of the plane of the mirror can be varied, and adjusted to be truly vertical by means of a test sight."", ""The mirror also occupies much more than half of the frame, leaving a small part only for direct vision.""], ""other"": [""Inv. 1919-331""]}","{""object_names"": [], ""makers"": [], ""organisations/institutions"": [""Science Museum Group""], ""dates"": [], ""places"": [], ""descriptions"": [""similar to Burel type but with screw adjustment""], ""other"": [""Surveying level; level""]}"
73,13,10,1,1,1,1,1,1,1,1,1,4,7,1,1,1,"{""object_names"": [], ""makers"": [], ""organisations/institutions"": [], ""dates"": [], ""places"": [], ""descriptions"": [""Of the many arrangements for converting a Burel reflecting level into a clinometer, the one here represented, devised by General A. De Lisle, R.E., is the most satisfactory."", ""A heavy arc is attached to the lower part of the mirror frame and can be turned into the same plane as the mirror for convenience of carriage, or into a perpendicular frame for measuring angles of elevation or depression."", ""In the latter position the weight of the arc causes the mirror plane to take up an inclination to the vertical, which can be varied by means of a movable radial arm, concentric with the arc and carrying a sliding counterpoise at its extremity."", ""The arc is so graduated on its edge that the position of one edge of the movable arm gives the inclination of the mirror, and, therefore, of the line of sight between the observer's eye and its reflection in the mirror."", ""The arc is graduated to read gradients from zero to 1 in 5."", ""Made and lent by""], ""other"": [""Inv. 1921-519""]}","{""object_names"": [], ""makers"": [], ""organisations/institutions"": [], ""dates"": [], ""places"": [""London, England, United Kingdom"", ""York, England, United Kingdom"", ""Cape Town"", ""British""], ""descriptions"": [""Surveying clinometer""], ""other"": [""L'Isle, Joseph Nicolas De""]}"
74,24,10,2,1,1,1,2,0,2,1,3,2,13,3,1,2,"{""object_names"": [""SPIRIT LEVEL"", ""spirit level mounted at one side parallel to its axis"", ""main spirit level"", ""small level"", ""main level"", ""small circular spirit-level""], ""makers"": [], ""organisations/institutions"": [""Royal Society"", ""Phil. Trans. Roy. Soc.""], ""dates"": [""early part of the 19th century""], ""places"": [""Sheerness"", ""various intermediate points"", ""London Bridge""], ""descriptions"": [""Used in 1831 by J. A. Lloyd, F.R.S., in ascertaining the differences of level between the Thames at London Bridge, Sheerness and various intermediate points."", ""The telescope has a focal length of 28 in."", ""constructed in the early part of the 19th century"", ""is finally levelled by means of a 12-in. spirit level"", ""The objective lens of the telescope has a 2-in. aperture, and is fixed in the tube, the eyepiece tube being focussed by a rack and pinion arrangement and having a fixed diaphragm and a slide focussing Ramsden inverting eyepiece."", ""The telescope is attached to a transverse horizontal axis, which rests in Y-s on standards fixed to the horizontal plate."", ""The telescope is supported near both ends by vertical screws threaded in the ends of a rigid bar fixed to the horizontal plate parallel to the axis of the telescope."", ""These screws are used in the final adjustment of the telescope axis, which is tested by the main spirit level."", ""This bar is suspended from the ends of a metal rod fixed on one side of the telescope, and has ivory scales graduated to thirtieths of an inch mounted above its bubble-tube."", ""A small level is also fixed transversely at one end of the main level."", ""The bubble of the latter moves over one division of the scale when the telescope is elevated about 2 seconds of arc."", ""The horizontal plate can rotate about a vertical axis, and has a clamp and tangent screw for slow motion."", ""It is attached to a pair of parallel plates, connected by four levelling screws of the usual type."", ""A small circular spirit-level is fixed to the plate above its centre for setting it horizontal."", ""The telescope can be reversed in its Y-s end for end, or rotated through 180\u00b0 about its own axis, as in all Y-levels.""], ""other"": [""Inv. 1900-155""]}","{""object_names"": [""level""], ""makers"": [], ""organisations/institutions"": [], ""dates"": [""1801-1831""], ""places"": [""Sheerness""], ""descriptions"": [""with case"", ""Surveying level""], ""other"": [""in box""]}"
75,32,8,1,1,1,1,2,1,2,1,3,2,21,2,2,0,"{""object_names"": [], ""makers"": [], ""organisations/institutions"": [""Royal Society"", ""Phil. Trans. Roy. Soc.""], ""dates"": [""1922""], ""places"": [""Sheerness"", ""various intermediate points""], ""descriptions"": [""Plate II, Fig. 2, p. 38"", ""Used in 1831 by J. A. Lloyd, F.R.S., in measuring the differences of level between the Thames at London Bridge, Sheerness and various intermediate points."", ""Has a 30-in. telescope mounted in Y-s in a manner similar to the ordinary Y-level, but is fitted with an extra spirit level suspended above the telescope, and also has a circular supporting base resembling that of a large theodolite and resting on three footscrews."", ""The objective lens of the telescope has a 2-in. aperture and is fixed in the tube, the eyepiece tube having a rack and pinion focussing movement."", ""The eyepiece is of the Ramsden inverting type and is also focussed by a rack and pinion movement."", ""Gun-metal collars are shrunk on to the telescope near its extremities and rest in Y-s fixed to the horizontal circle."", ""One of these Y-s can be adjusted vertically by means of a screw."", ""This adjustment serves to level the telescope more precisely than is possible with the footscrews."", ""The 14-in. horizontal circle can rotate about a vertical axis, and has a clamp and tangent screw."", ""It also carries a central 31-in. compass, graduated in degrees, and a small thermometer."", ""The supporting base of the instrument consists of two horizontal circles of 14 in. diameter connected by three vertical pillars to which the three foot-screws are fixed."", ""Beneath the telescope a 17-in. spirit level is mounted in adjustable bearings, and a 22-in. level of similar construction can be suspended above the telescope from pivots carried by brackets fixed to the end of the tube."", ""Both pivots are adjustable."", ""Each level has ivory scales, graduated to twentieths of an inch mounted above its tube."", ""Small transverse levels are also fixed to the telescope and at one end of the suspended level."", ""(See Phil. Trans. Roy. Soc., 1831.)"", ""Made about the year 1830 and was used in 1831"", ""This level was made about the year 1830 and was used in 1831 by J. A. Lloyd, F.R.S., in measuring the differences of level between the Thames at London Bridge, Sheerness and various intermediate points.""], ""other"": [""Inv. 1900-154"", ""S.M. 1938""]}","{""object_names"": [], ""makers"": [""Cary family""], ""organisations/institutions"": [], ""dates"": [], ""places"": [""Thames""], ""descriptions"": [""Surveying level; level"", ""ascertain the fall of the Thames between London Bridge and Sheerness""], ""other"": []}"
76,17,12,1,2,1,1,1,2,1,1,2,3,10,3,2,0,"{""object_names"": [""SPIRIT LEVEL (Troughton type)""], ""makers"": [""A. Stannard, Esq., A.M.I.C.E.""], ""organisations/institutions"": [""Manchester and Liverpool Railway""], ""dates"": [""1829""], ""places"": [""Chat Moss""], ""descriptions"": [""formerly the property of George Stephenson"", ""used by him at Chat Moss in the survey for the Manchester and Liverpool Railway"", ""of the type designed and constructed by Troughton"", ""the spirit-level being rigidly fixed in the telescope"", ""which is not reversible, as in the Ramsden type"", ""Such an instrument, whilst incapable of preliminary adjustment, is very simple and rigid in construction, and is well suited for engineering surveys"", ""A small compass, supported on four pillars, is provided for traversing"", ""The telescope has an aperture of 1 1/4 in. and a focal length of 15 in., and is provided with stops"", ""The eyepiece tube is focussed by a rack and pinion arrangement actuated by a screw"", ""The diaphragm can easily be disclosed for examination by removing the eyepiece"", ""There are two eyepieces provided, one erect and the other inverting"", ""The bubble-tube is 10 in. long, and has a radius of curvature of about 50 ft., giving a motion of the bubble of 1/5 in. for every minute of arc"", ""The compass ring is 2 1/2 in. in diameter, and is graduated to read single degrees""], ""other"": [""Inv. 1892-21""]}","{""object_names"": [""Combined spirit level & compass"", ""surveying level"", ""magnetic compass""], ""makers"": [""John Cail""], ""organisations/institutions"": [""Science Museum Group Collections Online""], ""dates"": [""1820-1829""], ""places"": [""Newcastle upon Tyne, England, United Kingdom""], ""descriptions"": [""Spirit level with magnetic compass in case"", ""Used by George Stephenson on the Manchester and Liverpool Railway survey in 1829"", ""Surveying""], ""other"": []}"
77,20,5,1,1,1,1,1,0,3,1,0,0,13,1,1,1,"{""object_names"": [""SPIRIT LEVEL""], ""makers"": [""Troughton & Simms""], ""organisations/institutions"": [""Ordnance Survey""], ""dates"": [""about the middle of the 19th century"", ""1907"", ""1912-197""], ""places"": [], ""descriptions"": [""This instrument was made about the middle of the 19th century, and was used until 1907 for levelling minor lines."", ""The spirit level is attached by adjusting screws to the telescope, which fits in Y-shaped bearings, and can be rotated or reversed in these for adjustment of the line of collimation."", ""The parallel plate arrangement for levelling the instrument is of the usual type, with four levelling-screws, axis clamp and tangent-screw for slow-motion."", ""The telescope has a focal length of 12 in. and an aperture of 1.25 in., and is provided with stops."", ""The focussing is carried out at the objective end by means of a rack and pinion arrangement, actuated by an external screw."", ""The diaphragm containing a horizontal and vertical wire is easily accessible after unscrewing the eyepiece, which is arranged to give an erect image of the staff."", ""The bubble-tube is 7 3/4 in. long, and is graduated in tenths of an inch."", ""The internal radius of curvature of the tube is about 80 ft., giving a movement of the bubble of 0.1 in., corresponding to a change of elevation of 20 seconds.""], ""other"": [""Inv. 1912-197""]}","{""object_names"": [""12-inch level""], ""makers"": [""Troughton and Simms""], ""organisations/institutions"": [], ""dates"": [""1801-1900""], ""places"": [], ""descriptions"": [""Surveying level""], ""other"": [""With tripod""]}"
78,17,10,1,1,2,2,1,1,1,1,0,4,11,1,1,0,"{""object_names"": [""SPIRIT LEVEL""], ""makers"": [""Troughton & Simms""], ""organisations/institutions"": [""Ordnance Survey""], ""dates"": [""between 1840 and 1850""], ""places"": [], ""descriptions"": [""used for levelling of second-order lines"", ""graduated to read 5 seconds of elevation"", ""attached to the telescope"", ""rests in Y-shaped bearings"", ""can be rotated or reversed for adjustment of the line of collimation"", ""A compass is provided for rough traversing"", ""an elevating screw permits the telescope to be finally levelled with great accuracy"", ""In the diaphragm are two vertical and one horizontal wires"", ""telescope has a focal length of 18 in."", ""erecting eyepiece"", ""aperture is 1.5 in."", ""eyepiece is adjusted for parallax by a sliding tube arrangement"", ""telescope is focussed on the staff by a rack and pinion which moves the objective"", ""compass-ring has a diameter of 3 1/4 in."", ""graduated to read single degrees"", ""spirit level tube is 10 in. long"", ""graduated at intervals of 1/4 in., each interval corresponding to 5 seconds of arc"", ""parallel plate arrangement is of the usual type"", ""slow-motion tangent screw is provided for azimuth setting""], ""other"": [""Inv. 1912-198""]}","{""object_names"": [""Surveying level""], ""makers"": [""Troughton & Simms""], ""organisations/institutions"": [""Science Museum Group Collections Online""], ""dates"": [""1826-1866""], ""places"": [""London, England"", ""Fleet Street, City of London, London, England, United Kingdom""], ""descriptions"": [""18-inch level used for levelling second order lines""], ""other"": []}"
79,15,14,1,1,1,1,1,1,1,1,0,3,10,5,1,2,"{""object_names"": [""SPIRIT LEVEL""], ""makers"": [], ""organisations/institutions"": [""Ordnance Survey""], ""dates"": [], ""places"": [], ""descriptions"": [""telescope of 2\u00b72-in. aperture and 23-in. focal length"", ""12-in. spirit level attached, reading to single seconds of arc"", ""telescope rests in Y bearings, in which it can be rotated and also reversed end for end, for adjustments"", ""small transverse level is also provided on the telescope for rough levelling"", ""final accurate setting is performed by means of an elevating screw, which moves one bearing"", ""5\u215b-in. compass fitted to its alidade for rough traversing, the compass being graduated in single degrees"", ""usual parallel-plate levelling arrangement, with four screws, for setting the alidade approxi- mately horizontal"", ""slow motion tangent screw is provided for setting the instru- ment accurately in azimuth"", ""telescope has a micrometer eyepiece"", ""focussed on the staff by moving the eyepiece tube"", ""spirit level has an ivory scale above each end, graduated in 1/20 in., each division corresponding to about 2 seconds of arc of elevation""], ""other"": [""Inv. 1912-199""]}","{""object_names"": [""Surveying level"", ""Surveyor's level""], ""makers"": [""Troughton & Simms, London, England""], ""organisations/institutions"": [""Science Museum Group""], ""dates"": [], ""places"": [""London, England"", ""Fleet Street, City of London, London, England, United Kingdom""], ""descriptions"": [""23-inch (without tripod stand)"", ""alcohol bubble level"", ""magnetic compass"", ""filar micrometer"", ""Used for 1st order levelling""], ""other"": [""Surveying surveying level; filar micrometer; surveying level; filar micrometer"", ""1841t""]}"
80,16,12,1,2,1,1,1,1,0,1,0,3,12,2,1,2,"{""object_names"": [""SPIRIT LEVEL""], ""makers"": [], ""organisations/institutions"": [""Meteorology Catalogue""], ""dates"": [], ""places"": [], ""descriptions"": [""Made by C. Sickler"", ""Presented by T. H. Court, Esq."", ""A level of this type, serving also for measuring inclines and distances by means of the elevating screw, is particularly adapted by reason of its compactness and simplicity of construction for preliminary surveys where no great accuracy is required."", ""It consists of a small telescope and spirit-level separately mounted upon a platform connected with a tripod by means of a ball-and-socket joint of a special type, often employed in small surveying instruments of German construction."", ""This joint permits the orientation of the platform to be varied, whilst leaving it perfectly free to rotate in azimuth about the socket, which is fixed to the tripod."", ""The platform terminates underneath in a metal ball, at the lower end of which is a cylindrical pin."", ""The socket consists of two parts screwed together, an upper spherical dome enclosing the ball, and a lower tubular sheath surrounding the pin."", ""Two levelling screws, set perpendicularly to each other, work in threads in this sheath, and impinge upon a metal collar which encircles the pin sufficiently tightly to prevent shake, but not to hinder the free azimuthal rotation of the pin, and consequently the platform."", ""Opposite the two screws, and likewise impinging on the collar is a spring which takes the pressure of the screws."", ""By means of these screws the platform can be set level in all directions."", ""The spirit level can be adjusted upon the platform by the small screws at one end of its case, whilst the telescope can be elevated or depressed about an axis at one end fixed in the platform by means of a fine-threaded screw at the other end."", ""The pitch of the screw-threads is half a millimetre, and the movement of this end of the telescope is read to a tenth of a millimetre with the aid of a graduated disc and vertical millimetre scale."", ""For every tenth-millimetre, the line of sight of the telescope moves through an angle whose circular measure is one-thousandth."", ""By this means, as in tacheometry, distances can be measured with fair accuracy.""], ""other"": [""Inv. 1913-256""]}","{""object_names"": [""Surveying level"", ""bubble level""], ""makers"": [], ""organisations/institutions"": [""Science Museum Group Collections Online""], ""dates"": [""1840-1860""], ""places"": [""Karlsruhe, Germany"", ""Karlsruhe"", ""Baden-W\u00fcrttemberg, Germany""], ""descriptions"": [""Small surveying level with bubble level, without tripod stand"", ""Surveying surveying level""], ""other"": [""German"", ""Karlsruhe, Karlsruhe, Baden-W\u00fcrttemberg, Germany""]}"
81,18,10,1,2,1,1,0,1,1,1,1,4,13,1,1,0,"{""object_names"": [""SPIRIT LEVEL""], ""makers"": [], ""organisations/institutions"": [], ""dates"": [""1922""], ""places"": [""Stuttgart""], ""descriptions"": [""primarily designed for levelling"", ""can also be employed for measuring angles in any plane"", ""likewise provided with stadia lines in the diaphragm of the telescope for measuring distances"", ""a type of cheap, portable, universal instrument"", ""specially adapted for surveys of minor precision"", ""The special features which distinguish it from an ordinary small level are the graduated semicircle and the peculiar method of attaching the spirit level to the telescope and the whole instrument to the tripod"", ""The lower parallel plate is not attached directly to the tripod head, but to an intermediate knuckle-joint piece, which permits the instrument as a whole to be set with the semicircle in any plane"", ""The spirit level can also be attached to the telescope in two places, one serving when the semicircle is horizontal and the other when it is vertical"", ""The telescope can rotate on the semicircle, which is graduated to 30 minutes and reads by vernier to 2 minutes"", ""the semicircle can likewise rotate irrespective of the telescope, thus permitting angles to be \u201crepeated.\u201d"", ""The diameter of the graduated semicircle is 18 cm"", ""The parallel plate arrangement is of the usual type, with four levelling screws""], ""other"": [""Inv. 1876-1196""]}","{""object_names"": [""Spirit level graphometer"", ""Surveying graphometer; graphometer""], ""makers"": [], ""organisations/institutions"": [""Science Museum Group Collections Online""], ""dates"": [], ""places"": [""German"", ""Stuttgart district"", ""Baden-W\u00fcrttemberg"", ""Germany""], ""descriptions"": [""German""], ""other"": []}"
82,21,12,1,2,1,1,2,2,2,1,1,2,13,2,1,2,"{""object_names"": [""BREITHAUPT'S COMPENSATION LEVEL""], ""makers"": [""F. W. Breithaupt and Son""], ""organisations/institutions"": [""Dingler\u2019s Polytechnisches Journal""], ""dates"": [""1845"", ""1859""], ""places"": [""Cassel""], ""descriptions"": [""later modification of a level designed and constructed by F. W. Breithaupt in 1845, with the idea of minimizing the instrumental adjustments usually necessary as a preliminary to taking levels"", ""method of weighting the main spirit level and suspending it freely in pin bearings attached to the telescope enables the surveyor to compensate by double readings the errors arising from non-parallelism of the spirit-level axis, telescope axis, and line of sight"", ""telescope can be rotated in its collars through a complete half-turn, the extreme positions being determined by mechanical stops"", ""spirit level, whilst revolving with the telescope, does not rotate, but is kept with its engraved scale uppermost"", ""bubble is always visible against the scale, and its variation during the rotation measures the extent to which the axis of the spirit level is inclined to the axis of rotation of the telescope"", ""such an inclination, if small, will be automatically rendered ineffective provided two readings of the levelling staff are made with the spirit level \u201ccentred,\u201d one before the telescope is rotated in its collars through 180\u00b0, and the other after"", ""double reading also corrects for lack of coincidence between the mechanical axis of rotation of the telescope and the line of sight"", ""mean of the two readings will be the true reading which would be obtained if the three axes of spirit level, telescope rings and vision were mutually parallel"", ""it is not necessary to adjust the instrument beforehand for this parallelism"", ""essential that the spirit level itself should be so adjusted that when its bubble is central, its own axis of rotation reversing the spirit level in its bearings should be horizontal"", ""can be tested by centring the bubble, and reading the bubble again"", ""half the difference is removed by the means of the two capstan-headed screws which fix one end of the bubble tube to its case"", ""to enable the spirit level to be so reversed, one bearing pin can be withdrawn from its supporting bracket"", ""lower part of the instrument is provided with a circular box level, which serves to set the main axis nearly vertical by means of the footscrews"", ""no attempt is made to render this axis exactly vertical, as the telescope is always finally levelled by means of the elevating screw"", ""head of this latter is divided, and serves to measure very accurately small gradients"", ""diaphragm of the telescope has two horizontal subtense wires in addition to the central levelling wires, so that the instrument can be used to measure distances"", ""\u201csuspension\u201d spirit level of the type here shown was soon superseded in compensating levels by Amsler\u2019s two-sided \u201creversion\u201d level, which is much less liable to be injured by shocks than Breithaupt\u2019s pattern""], ""other"": [""Inv. 1876-1198""]}","{""object_names"": [""Compensation level"", ""Surveying level""], ""makers"": [""F. W. Breithaupt & Son""], ""organisations/institutions"": [""Hesse""], ""dates"": [""1874""], ""places"": [""Kassel, Germany"", ""Germany""], ""descriptions"": [""1-inch apparatus"", ""With three loose feet pads for the tripod""], ""other"": [""level 1874""]}"
83,9,6,1,2,1,1,1,1,1,1,0,0,4,1,1,0,"{""object_names"": [""V-LEVEL (14-in.)""], ""makers"": [], ""organisations/institutions"": [""E. R. Watts and Son, Ltd.""], ""dates"": [""1922""], ""places"": [], ""descriptions"": [""The telescope of this level has a rack-focussing objective of 1.3-in. aperture and 14-in. focal length."", ""A 6-in. bubble-tube is mounted adjustably beneath it"", ""has a sensitivity of 22 seconds per 0.1 in. division of its graduations."", ""Made and lent by E. R. Watts and Son, Ltd.""], ""other"": [""Inv. 1922-442""]}","{""object_names"": [""14\"" Canadian Pattern Y-level""], ""makers"": [""E.R. Watts and Son""], ""organisations/institutions"": [""Science Museum Group Collections Online""], ""dates"": [""c. 1920""], ""places"": [], ""descriptions"": [""Surveying y-level; y-level""], ""other"": []}"
84,12,7,1,1,1,1,0,1,1,1,1,1,7,2,1,0,"{""object_names"": [""clinometer""], ""makers"": [""W. Bandermann""], ""organisations/institutions"": [], ""dates"": [""1922""], ""places"": [""Berlin""], ""descriptions"": [""not provided with sights, but has two plane edges at right angles and a movable spirit-level with a vernier at one end"", ""instrument is set on the face of the rod and the level rotated until the bubble is centred, when the zero mark of the vernier gives the inclination to a sixteenth of a degree"", ""arc over which the vernier moves is graduated in half degrees, each of the eight intervals between the vernier graduations being seven-eighths of a half degree"", ""instrument of this type is principally used for setting levelling-rods vertical, or for measuring the gradient of a rod used for determining distances in cadastral surveys"", ""can be set upon some kind of sighting rod and used for measuring gradients or for levelling"", ""spirit level is very sensitive, and the bubble moves about 0\u00b75 cm. for every variation of a sixteenth of a degree in the inclination"", ""Presented by T. H. Court, Esq.""], ""other"": [""Inv. 1917-38""]}","{""object_names"": [""Clinometer""], ""makers"": [""W. Bandermann""], ""organisations/institutions"": [""Science Museum Group Collections Online""], ""dates"": [""1850-1900""], ""places"": [""Berlin, Germany""], ""descriptions"": [""German"", ""Brass clinometer with spirit level"", ""Surveying clinometer""], ""other"": []}"
85,12,10,1,2,1,2,1,1,1,2,1,1,6,2,1,1,"{""object_names"": [], ""makers"": [], ""organisations/institutions"": [""Admiralty""], ""dates"": [], ""places"": [], ""descriptions"": [""used for measuring the elevation to the horizontal of any inclined plane on which it can be set"", ""not provided with sights"", ""consists of two brass rulers, hinged at one end"", ""The upper ruler carries a sensitive 6-in. spirit level and an index, which moves over a graduated brass arc fixed to the lower ruler"", ""This latter is placed upon the surface to be measured and the other ruler revolved until the bubble of the level is centred, when it can be clamped by a screw on the index plate and the reading taken"", ""The arc is graduated in degrees from 0\u00b0 to 50\u00b0""], ""other"": [""Inv. 1911-174A""]}","{""object_names"": [""Two Clinometer rule"", ""Surveying clinometer rule""], ""makers"": [""Unknown maker""], ""organisations/institutions"": [], ""dates"": [""1816-1850""], ""places"": [""Charing Cross, City of Westminster, London, England, United Kingdom""], ""descriptions"": [""jointed-rule type"", ""ex Antartic Expedition 1901""], ""other"": []}"
86,10,9,1,2,0,2,1,1,1,1,0,1,6,2,1,0,"{""object_names"": [""CLINOMETER""], ""makers"": [], ""organisations/institutions"": [""Admiralty""], ""dates"": [""1922""], ""places"": [], ""descriptions"": [""two brass rulers are hinged together at one end"", ""The upper one has perpendicular sights at each end, of which has both an aperture backsight and a cross-wire foresight"", ""carries an index plate which moves over a graduated arc fixed to the lower ruler and can be clamped to this arc by a screw"", ""A 3-in. spirit level is supported parallel to the upper ruler in bearings on the sights"", ""The lower ruler has a socket for fixing the instrument to a stand"", ""In using the instrument, the upper ruler is lowered until it rests on the lower and the instrument is levelled by the spirit level, after which the upper ruler is raised until the object whose angular elevation is required is sighted, and the reading of the arc taken"", ""The arc has a radius of 4 in. and is graduated from 0\u00b0 to 30\u00b0 in degrees, read by estimation to tenths""], ""other"": [""Inv. 1911-174B""]}","{""object_names"": [""Clinometer rule"", ""Surveying clinometer rule""], ""makers"": [""Thomas Jones"", ""Unknown maker""], ""organisations/institutions"": [""Science Museum Group Collections Online"", ""British Antarctic Expedition""], ""dates"": [""1901"", ""first half 19th century"", ""1816-1850""], ""places"": [""Charing Cross, City of Westminster, London, England, United Kingdom""], ""descriptions"": [""jointed-rule type"", ""ex Antartic Expedition 1901""], ""other"": []}"
87,23,14,2,2,1,2,2,2,2,1,1,3,14,4,1,0,"{""object_names"": [""hand-level""], ""makers"": [], ""organisations/institutions"": [""F.R.S.""], ""dates"": [""1922"", ""about the year 1870""], ""places"": [], ""descriptions"": [""In a hand-level it is desirable that the object sighted and the levelling mechanism should be simultaneously visible."", ""The combined level and clinometer designed by Capt. Abney, R.E., about the year 1870, utilizes the idea of reflecting the bubble of a spirit level into the line of sight of the sighting tube by means of a diagonal mirror fixed in one half of the latter, the other half being left free for sighting the object."", ""This device had been previously used on a sextant."", ""In the instrument exhibited, a graduated semicircle is rigidly fixed to the rectangular sighting tube, which has a pin-hole aperture and a diagonal mirror fixed beneath a slit in its upper face, vertically beneath the centre of the arc."", ""Through this centre passes an axis, carrying a small transversely mounted spirit level at one extremity and a vernier arm near the other, which terminates in a large milled wheel."", ""On rotating this wheel the spirit level is set at any angle to the line of sight, the angle being measured by the position of the vernier on the graduated arc."", ""The cover of the spirit level has apertures above and below, the latter permitting an image of the bubble to be seen after reflection on the mirror, whilst the former is used when the clinometer is set on the surface whose gradient is required."", ""The arc is graduated in degrees up to 60\u00b0 on both sides of the vertical, and reads by vernier on the movable arm to 10 minutes."", ""It also has a scale of gradients to 1 in 1, read by the edge of the vernier."", ""The sighting tube is 4 3/8 in. long and the graduated arc has an effective radius of 1 in."", ""Captain H. G. Lyons""], ""other"": [""Inv. 1914-220""]}","{""object_names"": [""surveying abney level"", ""clinometer"", ""level"", ""abney level""], ""makers"": [""William Cary"", ""Abney, Sir William de Wiveleslie""], ""organisations/institutions"": [], ""dates"": [""1875-1885""], ""places"": [""England"", ""United Kingdom""], ""descriptions"": [""Combined Abney type surveying level and clinometer"", ""Surveying"", ""clinometer"", ""level""], ""other"": []}"
88,13,10,1,2,1,1,1,1,1,1,1,3,7,2,1,0,"{""object_names"": [""ABNEY LEVEL AND CLINOMETER""], ""makers"": [], ""organisations/institutions"": [""Meteorology Catalogue""], ""dates"": [""1922""], ""places"": [""London""], ""descriptions"": [""This example differs from the preceding one in minor details."", ""The graduated arc is fixed to the spirit level and revolves with it, being read for angles up to 45\u00b0 either way by means of a fiducial mark on the supporting bracket, which is fixed to the sighting tube."", ""Scales of gradients up to 1 in 1 are also marked on the arc beyond the degree graduations and are read by the bevelled edges of the supporting bracket."", ""The edge of the arc is milled, and gears with a small pinion wheel centred in the fixed bracket and rotated by a milled screw."", ""This permits the spirit level and arc to be rotated more slowly and evenly than in the other form."", ""The sighting tube has a circular section, which is not so convenient when the instrument is to be placed on the slope as the rectangular type."", ""Presented by T. H. Court, Esq.""], ""other"": [""Inv. 1913-254""]}","{""object_names"": [""Abney level"", ""clinometer""], ""makers"": [], ""organisations/institutions"": [""Science Museum Group Collections Online""], ""dates"": [""1875-1885"", ""c. 1880""], ""places"": [""449 Strand"", ""Strand"", ""City of Westminster"", ""United Kingdom""], ""descriptions"": [""English"", ""Surveying abney level""], ""other"": []}"
89,5,10,1,2,0,1,0,1,0,1,0,3,3,1,1,1,"{""object_names"": [""ABNEY LEVEL AND CLINOMETER""], ""makers"": [], ""organisations/institutions"": [], ""dates"": [], ""places"": [], ""descriptions"": [""similar to the preceding examples"", ""has also a 1 1/2-in. compass fixed on the upper surface of the sighting tube"", ""The compass ring is graduated in degrees, numbered every 10\u00b0 by quadrants from the N\u2013S line""], ""other"": [""Inv. 1887-62""]}","{""object_names"": [""Combined Abney Level and Clinometer"", ""Surveying abney level; level; clinometer; abney level; level; clinometer""], ""makers"": [""S. Henson""], ""organisations/institutions"": [""S. Henson, 277 Strand, London, England""], ""dates"": [""1882-1887""], ""places"": [""277 Strand, London, England"", ""London, England"", ""United Kingdom""], ""descriptions"": [""brass""], ""other"": [""Abney, Sir William de Wiveleslie""]}"
90,17,9,1,3,1,1,0,0,1,1,0,2,13,2,1,0,"{""object_names"": [""FIELD CLINOMETER (Mark III)""], ""makers"": [], ""organisations/institutions"": [], ""dates"": [""1922""], ""places"": [], ""descriptions"": [""modern Service clinometer for measuring to the nearest minute the angle of elevation of a plane surface"", ""The angle is measured to the nearest degree by a rotating arm which traverses a fixed graduated sector attached to the base."", ""The arm is slightly curved on its upper and lower surfaces, and carries a sliding spirit level whose position, when the bubble is central with respect to the scale graduated on the arm, gives the number of minutes in the angle."", ""There are two flat mutually perpendicular base plates, one painted black and the other red, and the sector of degrees is graduated on both sides, one set numbered in black from o to 44 and the other in red from 50 to 89, for use with the corresponding base."", ""The black base is used for angles below 45\u00b0 and the red for those above."", ""The radial arm has a radius of 5 in., and is pivoted at the centre of the graduated sector."", ""The other end of the arm has a spring clutch, with a toothed face engaging in the teeth on the face of the sector and locking the arm in any desired position."", ""The scale of minutes on the arm extends through a complete degree and occupies a length of 2 in."", ""The arm is thus curved in a circle of radius about 9.5 ft."", ""There are such scales of minutes on the front face and the rear face of the arm, the former numbered with the zero nearest the pivot and the latter in the reverse direction."", ""The front scale is used with the black base and the rear scale with the red one.""], ""other"": [""Inv. 1922-42""]}","{""object_names"": [""Field clinometer Mk III"", ""Surveying clinometer"", ""clinometer""], ""makers"": [], ""organisations/institutions"": [], ""dates"": [""1916""], ""places"": [""Manchester, England"", ""United Kingdom""], ""descriptions"": [""British""], ""other"": []}"
91,13,11,1,2,1,1,1,1,1,1,0,4,8,1,1,1,"{""object_names"": [""WATKIN CLINOMETER""], ""makers"": [""Messrs. Cooke, Troughton & Simms, Ltd.""], ""organisations/institutions"": [""Meteorology Catalogue""], ""dates"": [""1922""], ""places"": [], ""descriptions"": [""Instead of a graduated arc, this type of clinometer is provided with a rotatable drum, upon the face of which is a graduated spiral groove, upon which is recorded the amount of elevation of the surface tested."", ""The bubble level is mounted within a gunmetal frame which has two surfaces accurately machined at right angles to each other."", ""One end of the level is pivoted to the frame, and the other end is kept pressed against the base of the drum which rotates upon a threaded screw carried by the frame."", ""As the drum rotates, an index on the scale the resulting elevation of the free end of the level above the pivoted end, and hence, when the bubble is centred, the elevation of the plane upon which the frame is set."", ""No sights are provided with this instrument, which is designed for recording the slope of a plane surface with respect to the vertical or horizontal, according to which of the two plane surfaces of the instrument is in contact with the surface tested."", ""The range of the drum scale is from 40 minutes below to 45\u00b0 above zero, the first 5\u00b0 being subdivided by dots to 1 minute; thereafter lines indicate every 5 minutes.""], ""other"": [""Inv. 1925-4.""]}","{""object_names"": [""Watkin type clinometer"", ""Surveying watkin clinometer""], ""makers"": [""T. Cooke & Sons Ltd""], ""organisations/institutions"": [""Science Museum Group Collections Online""], ""dates"": [""1897-1900""], ""places"": [""London, England"", ""York, England"", ""United Kingdom"", ""London, England, United Kingdom; York, England, United Kingdom""], ""descriptions"": [""Mk1 model""], ""other"": [""watkin clinometer 1897-1900""]}"
92,10,10,1,1,1,1,0,1,1,1,0,4,6,2,1,0,"{""object_names"": [], ""makers"": [], ""organisations/institutions"": [], ""dates"": [], ""places"": [], ""descriptions"": [""one sight is fixed and the other is movable over a graduated scale engraved upon the vane; the position of the movable sight registers the inclination of the line of sight"", ""The instrument consists of a hollow bubble arm mounted upon a gunmetal base, which has three studs on its lower face."", ""The bubble arm is pivoted at one end to the base, and carries an adjusting screw at its other end for setting the bubble central."", ""A folding sight vane is fitted to each end of the bubble arm, the shorter vane having a fixed aperture backsight and the longer one carrying the sliding foresight."", ""The latter vane has two scales engraved upon it, one of degrees, subdivided to 20 minutes, and the other of tangents."", ""The range of the scale is 0\u00b0-23\u00b0 of elevation or depression.""], ""other"": [""Inv. 1925-5""]}","{""object_names"": [""India pattern clinometer, Mark V model""], ""makers"": [], ""organisations/institutions"": [""Cooke, Troughton and Simms Limited""], ""dates"": [""1924""], ""places"": [""London"", ""England"", ""United Kingdom"", ""York, North Yorkshire""], ""descriptions"": [""Surveying clinometer"", ""clinometer""], ""other"": []}"
93,15,6,1,2,0,0,1,0,1,1,0,0,11,1,1,2,"{""object_names"": [""AXIS LEVEL""], ""makers"": [], ""organisations/institutions"": [""Royal Society""], ""dates"": [], ""places"": [], ""descriptions"": [""In large astronomical and surveying instruments, specially long and sensitive levels are generally provided for testing the horizontality of the telescope axis."", ""The levels are usually fitted above the axis by bearing forks, but are sometimes suspended from it by curved brackets."", ""The one exhibited is of the latter type"", ""It has a bubble tube about 15 in. long by 1 1/4 in. diameter, and an ivory scale mounted on the casing and divided in tenth-inches."", ""The brass casing of the bubble tube has end plates which fit loosely upon screwed vertical pins and can be clamped in any desired position by upper and lower capstan nuts threaded on the pins."", ""The latter project from a horizontal brass tube, somewhat longer than the bubble tube and having the suspension brackets fastened to its ends."", ""The upper portions of these brackets are curved and their ends turned over and provided with inverted V-plates which rest on the telescope axis."", ""The scale divisions are numbered symmetrically from the centre."", ""A small transverse spirit level is mounted on one end of the casing of the main level."", ""The vertical pin at one end of the base tube is slightly adjustable by means of capstan nuts.""], ""other"": [""Inv. 1900-167""]}","{""object_names"": [""Bubble level"", ""Surveying level""], ""makers"": [], ""organisations/institutions"": [], ""dates"": [], ""places"": [], ""descriptions"": [""for checking the horizontality of telescope axis""], ""other"": [""level 1801-1850""]}"
94,17,10,1,1,1,1,0,1,1,1,1,2,12,4,1,0,"{""object_names"": [""SET OF BUBBLE TUBES""], ""makers"": [""T. Cooke & Sons, York""], ""organisations/institutions"": [], ""dates"": [""1922""], ""places"": [""York""], ""descriptions"": [""comprises twenty-two bubble tubes of various shapes, sizes and sensitivities"", ""all except two being unmounted"", ""Six are of the circular or \u201cpill-box\u201d type"", ""the upper surface of the container being internally ground spherical, so that the bubble, when centred, occupies the space inside a circle engraved on the glass"", ""Two of this type, which are not very sensitive and are only used for rough levelling, are shown mounted in brass cases, attached to the base-board"", ""The remaining sixteen are tube levels"", ""six of them having their glass containers bent as a whole into a circular shape"", ""the other ten being straight tubes, internally ground to various curvatures according to the desired sensitivity"", ""The first six are not very sensitive, and are of the type used by carpenters, masons, etc."", ""The other ten are used on surveying instruments, etc., and are usually mounted in brass cases, attached to the instrument by adjustable screws"", ""On the larger levels of this type, division marks are graduated at 0\u00b71 in. interval for reading the positions of the ends of the bubble, and the sensitivity is indicated by the angle of elevation of the level necessary to cause the bubble to move over one division"", ""The most sensitive one exhibited has a sensitivity of 1 division per 5\u00b75 seconds of elevation. This particular bubble tube has also a separate chamber at one end. When the bubble expands owing to increasing temperature, a portion of the air can be detached and transferred to the supplementary chamber through a small aperture in the separating wall, and the bubble thus reduced to its normal size.""], ""other"": [""Inv. 1921-563""]}","{""object_names"": [""Assorted bubble tubes and levels""], ""makers"": [""T. Cooke & Sons Ltd""], ""organisations/institutions"": [""Science Museum Group Collections Online""], ""dates"": [""c. 1920"", ""1920-1921""], ""places"": [""London, England, United Kingdom"", ""United Kingdom""], ""descriptions"": [""Twenty-two assorted bubble tubes and levels"", ""One bubble broken"", ""Surveying instrument component; spirit level; instrument component; spirit level""], ""other"": []}"
95,14,6,1,1,1,0,1,1,2,1,0,0,8,2,1,1,"{""object_names"": [], ""makers"": [""T. H. Court, Esq.""], ""organisations/institutions"": [], ""dates"": [""18th century"", ""about 1835""], ""places"": [], ""descriptions"": [""graduated wooden rod 6 ft. long, 1 in. wide, and in. deep"", ""sighting vane, which has a sharply defined diamond of dark wood inlaid upon a face of light wood, and fits closely to the face of the rod"", ""method of levelling was superseded about 1835 by the modern one, in which the observer himself reads the staff through the telescope, an improvement rendered possible by the improved telescopes used"", ""face of the staff is graduated both in inches, divided to tenths, and also in hundredths of a foot along its whole length save the top 3 in."", ""Another rod of slightly smaller section can slide along the back of the first, being retained in position by a metal band which serves as a friction clamp."", ""This second rod is not divided and merely serves as a stand for extending the graduated rod."", ""Both are tipped with brass at their ends."", ""Each has a circular shape, of diameter 5 in. The inlaid diamond has diagonals 5 in. and 2 in., the longer bisecting the vane horizontally. Pins and a metal spring fixed to the back of the vane keep it in position on the rod.""], ""other"": [""Inv. 1917-107.""]}","{""object_names"": [], ""makers"": [], ""organisations/institutions"": [], ""dates"": [""1751-1800""], ""places"": [], ""descriptions"": [""with two targets"", ""Surveying levelling rod""], ""other"": []}"
96,12,3,1,1,1,0,1,0,1,1,0,0,7,1,1,0,"{""object_names"": [], ""makers"": [""Ordnance Survey""], ""organisations/institutions"": [""Ordnance Survey""], ""dates"": [], ""places"": [], ""descriptions"": [""inextensible wooden staff"", ""10\u00b75 ft. long"", ""rectangular section 2 in. wide by 1 in. deep"", ""graduated in hundredths of a foot so as to be read through the telescope by the observer himself"", ""face of the staff is sunk slightly below the edges to preserve the graduations from abrasion"", ""graduation marks consist of black horizontal bands 0\u00b701 ft. wide at uniform intervals of 0\u00b701 ft. apart"", ""0\u00b71-ft. bands stretch right across the staff, the remainder occupying the left portion only, save at the 0\u00b705-ft. points, where there is an additional black mark to the right of the corresponding white band"", ""Large black numbers, horizontally set, mark the feet"", ""the tenths being marked by smaller black numbers set vertically"", ""A diamond is used instead of the number \u201cfive\u201d on the latter graduations"", ""a dot is placed near the \u201cnine\u201d to distinguish it from the \u201csix\u201d when the numbers are seen inverted in the field of the telescope""], ""other"": [""(15814) Inv. 1914-422""]}","{""object_names"": [""Surveying levelling staff""], ""makers"": [], ""organisations/institutions"": [], ""dates"": [], ""places"": [], ""descriptions"": [""Surveying""], ""other"": []}"
97,13,10,2,1,1,1,2,1,1,1,0,3,6,2,1,1,"{""object_names"": [""GRADUATED RULES FOR LEVELLING RODS"", ""levelling rods""], ""makers"": [""E. R. Watts & Son, Ltd.""], ""organisations/institutions"": [""Watts"", ""Messrs. Watts""], ""dates"": [""1922""], ""places"": [], ""descriptions"": [""illustrates the method of engraving wooden and invar rules for their levelling rods now adopted by Messrs. Watts"", ""portions to be painted black on the white surface of the rule are first gouged out to a sufficient depth and the black filled in nearly flush with the white surface; the black bands are thus rendered very durable"", ""Two of the rules are portions of those used in the ordinary Sopwith type of staff, one showing the graduations cut and the strips gouged out, the other the finished rule, with the strips filled in and figured"", ""The third rule is made of invar, for use in a precise levelling rod, and the bands of black at 0.02-ft. intervals are not so wide as in the other type of rod, where they are exactly 0.01 ft. wide"", ""In the latter case the lower edges of the bands define the odd hundredths of a foot and the upper edges the even hundredths; in the invar rod, only the upper edges are used, the cross wire of the telescope being made to coincide with this edge in taking a reading"", ""The graduations are not figured on the invar strip, but on the surrounding wood of the rod, as in the adjacent exhibit of a portion of the complete rod""], ""other"": [""Inv. 1922-446""]}","{""object_names"": [""levelling staves"", ""graduated scales for levelling staves""], ""makers"": [""E.R. Watts and Son""], ""organisations/institutions"": [], ""dates"": [""1920-1922"", ""c 1920""], ""places"": [""London, England, United Kingdom""], ""descriptions"": [""Three specimens"", ""Surveying levelling staff; levelling staff""], ""other"": []}"
98,14,9,1,2,1,1,1,1,1,1,0,2,9,2,1,0,"{""object_names"": [""PORTION OF INVAR PRECISE LEVELLING ROD""], ""makers"": [""E. R. Watts & Son, Ltd.""], ""organisations/institutions"": [""Meteorology Catalogue""], ""dates"": [""1922""], ""places"": [], ""descriptions"": [""Made and lent by E. R. Watts & Son, Ltd."", ""The advantages of a metal scale for levelling staves have until recently been counterbalanced by the tendency of such scales to expand when heated, and the difficulty of ascertaining their temperature in order to apply the necessary correction."", ""The invention of \u201cinvar\u201d\u2014a nickel-steel alloy of negligible temperature coefficient\u2014has now led to its employment in levelling rods used in precise surveys."", ""The example shown is the lower portion of such a rod."", ""The invar rule is painted white and engraved with black bands at intervals of 0.02 ft., every fifth band extending over the complete width (about 2 cm.) of the rule, and the others over half its width."", ""The rule is then screwed into a central recess in the face of the wooden rod, which has an I section for strength and lightness, and is shod with a metal shoe terminating in a flat base plate; the bottom of the invar rule is flush with this plate."", ""The face of the wooden rod is painted white and numbered opposite the marks corresponding to intervals of 0.1 ft. on the invar rule."", ""The numbers are in black, and are inverted so as to be seen erect in the telescope of the level; a V is used instead of 5 and an N instead of 9."", ""At the divisions of the rule corresponding to an integral number of feet from the base plate, large red numbers are painted on the wood, and are twice repeated in smaller sized numbers on the opposite side of the face so that the observer has always one of the red numbers in the telescope field."", ""In estimating the position of the cross wire with respect to the graduated scale of the rod, the nearest 0.02-ft. mark is taken and the remaining interval found either by elevating or depressing the telescope by a fine-motion screw, or by moving an optical device which causes the image of the rod to be raised or lowered in the telescope field."", ""The position of the cross wire is thus readily found to 0.001 ft.""], ""other"": [""Inv. 1922-467""]}","{""object_names"": [""Invar strip"", ""Surveying instrument component""], ""makers"": [""E. R. Watts and Son""], ""organisations/institutions"": [""Science Museum Group Collections Online""], ""dates"": [""1915-1922""], ""places"": [""London, England"", ""United Kingdom""], ""descriptions"": [""part of precise levelling staff"", ""levelling staff; instrument component; levelling staff""], ""other"": []}"
99,12,6,1,1,1,1,0,0,0,1,0,1,9,2,1,0,"{""object_names"": [], ""makers"": [""West""], ""organisations/institutions"": [], ""dates"": [], ""places"": [], ""descriptions"": [""closed cistern mercury barometer"", ""type common in the late 18th and early 19th centuries"", ""specially adapted for portability"", ""capable of employment in measuring altitudes"", ""mercury can be forced up so as to fill the tube completely by turning an adjusting screw"", ""adjusting screw depresses the flexible leather base of the cistern"", ""aperture in the wooden case, used for reading the height of the mercury and the temperature"", ""aperture can also be closed by a rotating brass sheath"", ""graduated in inches"", ""reads by a vernier index, operated by a rack and pinion mechanism, to 0.002 in"", ""thermometer, provided with Centigrade and Fahrenheit scales, is placed near the top of the instrument"", ""suspension ring is fixed at the top, and is covered by a ferrule when the instrument is being carried"", ""screw cap at the bottom likewise serves to enclose the adjusting screw which operates on the cistern"", ""wooden case which encloses the lower part of the tube is graduated in inches, so that the instrument can serve as a rough measuring rod""], ""other"": [""Inv. 1893-134"", ""G. J. Symons, F.R.S.""]}","{""object_names"": [], ""makers"": [""Unknown maker""], ""organisations/institutions"": [], ""dates"": [""1845-1855""], ""places"": [""Unknown place""], ""descriptions"": [""Surveying mercury barometer""], ""other"": []}"
100,12,9,1,1,1,1,0,1,1,1,0,3,7,2,2,0,"{""object_names"": [], ""makers"": [], ""organisations/institutions"": [], ""dates"": [], ""places"": [], ""descriptions"": [""This resembles the adjacent instrument, made by West, in its general characteristics of compactness and portability, but differs in the arrangement of the cistern."", ""This is of the usual flexible base type, but has a supplementary syphon tube, connected to the cistern by a narrow neck, which can be closed by means of a cock."", ""When the instrument is being used, the cock is opened, and the mercury allowed to attain a fixed height in the syphon tube."", ""This is the zero of the barometer tube scale."", ""For transporting the barometer, the mercury is withdrawn from the syphon tube and the cock closed, after which the flexible base of the cistern is depressed by means of the adjusting screw until the mercury completely fills the barometer tube."", ""The barometer tube is graduated in inches, and read to 0\u00b7002 in. by a vernier attached to the movable index."", ""A thermometer with Centigrade and Fahrenheit scales is fixed near the top."", ""The window for reading this and the barometer can be closed by means of a rotating brass shutter, and a similar shutter at the bottom of the instrument serves to protect the cistern and syphon tube when required.""], ""other"": [""Lent by G. J. Symons, F.R.S."", ""Inv. 1893-133""]}","{""object_names"": [], ""makers"": [], ""organisations/institutions"": [""Science Museum Group Collections Online""], ""dates"": [], ""places"": [""London"", ""Greater London"", ""England"", ""United Kingdom""], ""descriptions"": [""Surveying barometer; barometer""], ""other"": []}"
101,13,6,2,1,1,1,1,1,1,1,0,0,7,2,1,0,"{""object_names"": [""MOUNTAIN BAROMETER"", ""Gay-Lussac syphon-tube mercury barometer""], ""makers"": [], ""organisations/institutions"": [""Meteorology Catalogue""], ""dates"": [""1922""], ""places"": [], ""descriptions"": [""constructed probably about 1840"", ""in which both the long and short tubes are closed completely at the end, but a small aperture in the side of the short tube permits the air to enter whilst preventing the mercury escaping"", ""was essentially a portable instrument"", ""was, therefore, often used for measuring altitudes prior to the invention of the aneroid"", ""The instrument exhibited is of this type"", ""The barometer tube is enclosed in a brass case, at the ends of which are cork cushions"", ""Scales graduated directly to 0\u00b702 in. and read by movable verniers to 0\u00b7001 in. are engraved upon the case opposite the ends of the mercury"", ""Each vernier has an index which can be set level with the top of the mercury column"", ""The difference between the two readings then gives the height of the barometer"", ""A thermometer, with Centigrade and Fahrenheit graduations, is fixed near the centre of the tube"", ""This instrument is attached by brackets to a wooden stand, and can be set accurately vertical by means of three screws threaded in the lower bracket with their ends pressing against the case of the barometer"", ""For mountain barometers a tripod stand was usually provided""], ""other"": [""Inv. 1907-65""]}","{""object_names"": [""Barometer""], ""makers"": [], ""organisations/institutions"": [""Science Museum Group Collections Online""], ""dates"": [""early 19th century"", ""1801-1850""], ""places"": [], ""descriptions"": [""Surveying barometer""], ""other"": []}"
102,11,9,1,2,1,1,0,1,1,1,0,3,7,1,1,0,"{""object_names"": [""ANEROID BAROMETER""], ""makers"": [], ""organisations/institutions"": [], ""dates"": [""about 1890""], ""places"": [], ""descriptions"": [""for the use of surveyors in measuring altitudes up to 4,000 ft."", ""The zero mark of the altitude scale corresponds to a height of 32 in. in the mercury barometer."", ""The altitude scale has a diam. of 3\u00b75 in., and is graduated every 10 ft., single feet being estimated."", ""The movable glass cover carries an index mark, which is set to the last height read, and a small lens for facilitating reading."", ""The altitude scale is slightly raised on a step so that its inside graduated edge is flush with an aluminium plate fixed to the tip of the hand and provided with a mark."", ""By this arrangement errors due to parallax are avoided."", ""The instrument is compensated for temperature variations.""], ""other"": [""Inv. 1893-119""]}","{""object_names"": [""altitude scale"", ""Surveying aneroid barometer""], ""makers"": [], ""organisations/institutions"": [""Science Museum Group Collections Online""], ""dates"": [""1885-1993""], ""places"": [""Holborn, London, England"", ""United Kingdom"", ""Holborn, London, England, United Kingdom""], ""descriptions"": [""and case""], ""other"": []}"
103,15,7,1,1,1,2,1,1,1,1,0,0,10,2,1,0,"{""object_names"": [], ""makers"": [], ""organisations/institutions"": [""British Patent Specification""], ""dates"": [], ""places"": [], ""descriptions"": [""three concentric circular scale arrangement devised by Major H. S. S. Watkin"", ""altitudes from zero to 10,860 ft. can be measured"", ""zero graduation corresponds to a height of 31 in. in the mercury barometer"", ""Altitudes from zero to 3,440 ft. are marked at 20 ft. intervals on the outermost scale, which has a diameter of 3\u00b76 in."", ""middle scale, of diam. 2\u00b79 in., records altitudes from 3,440 ft. to 6,860 ft."", ""innermost scale, of diam. 2\u00b72 in., completes the range to 10,860 ft., every 20 ft. being marked on each scale"", ""corresponding mercury barometer scales are marked at 0\u00b702 in. intervals from 31 in. to 20 in."", ""indicator exhibits the number 1, 2 or 3, corresponding to the outer, middle and inner scales respectively"", ""number indicated is marked upon a plate worked by the mechanism, and is automatically altered when the barometer hand reaches the end of the scale concerned"", ""breaks in the circles are indicated by black bars"", ""revolving glass cover carries an index hand, which can be set to the last reading taken"", ""instrument is compensated for temperature variations""], ""other"": [""Inv. 1907-67""]}","{""object_names"": [], ""makers"": [""James Joseph Hicks""], ""organisations/institutions"": [], ""dates"": [], ""places"": [], ""descriptions"": [""Surveying aneroid barometer""], ""other"": []}"
104,14,6,1,1,1,1,1,0,3,1,0,0,7,2,1,1,"{""object_names"": [""EARLY THERMOMETRICAL BAROMETER""], ""makers"": [], ""organisations/institutions"": [""Royal Society""], ""dates"": [""1922"", ""1817"", ""before 1821""], ""places"": [], ""descriptions"": [""new \u201cthermometrical barometer\u201d of the type here exhibited was invented by Wollaston and described by him before the Royal Society in 1817."", ""It is essentially a very sensitive \u201cboiling-point\u201d thermometer, whereby the temperature at which water boils may be found to within a thousandth of a degree Fahrenheit, and the altitude of the place determined accordingly."", ""The bulb of the thermometer is spherical and has a diameter of about an inch."", ""The tube has a length of 30 in. and a very fine bore, so that one degree Fahrenheit corresponds to a movement of the mercury in the tube of 4 in."", ""This is measured by means of a brass scale fixed on the face of the rod which supports the tube."", ""The scale is graduated to read 0\u00b702\u00b0 F. directly, and 0\u00b7002\u00b0 F. by means of a movable vernier."", ""The rod carries a double walled tin cylinder surrounding the bulb of the thermometer. The cylinder can be detached and partly filled with water, which is then boiled by means of a spirit lamp so that the steam surrounds the bulb of the thermometer."", ""Along the side of the rod is attached a strip of paper on which is marked a scale of corrections to be applied to the temperature scale, owing probably to inequalities in the diameter of the bore of the tube.""], ""other"": [""Inv. 1914-735""]}","{""object_names"": [""\""Mountain barometer\"" (a hypsometer)""], ""makers"": [], ""organisations/institutions"": [], ""dates"": [""c. 1820""], ""places"": [], ""descriptions"": [""Surveying hypsometer; hypsometer""], ""other"": []}"
105,28,8,1,1,1,1,0,1,1,1,1,3,14,1,1,0,"{""object_names"": [], ""makers"": [], ""organisations/institutions"": [], ""dates"": [], ""places"": [""Alpine districts""], ""descriptions"": [""Although not so accurate as a standard barometer, a hypsometer for determining altitudes by means of the boiling point of water is more convenient for rapid surveys in mountainous districts."", ""The example shown is of the \u201cpocket\u201d type much used by Alpine travellers."", ""Its thermometer is graduated from 180\u00b0 to 215\u00b0 F. by 0\u00b702\u00b0."", ""The apparatus consists of a brass water container and steam jacket, in which the thermometer is suspended and which is fixed above a small spirit lamp for boiling the water."", ""A brass case surrounds the lamp, which is further screened from wind by means of a black japanned tin box, provided with air holes covered by wire gauze."", ""The thermometer is suspended with its bulb inside an inner tube connected to the boiler."", ""An outer telescopic tube surrounds this and serves to support the thermometer in addition to forming a steam jacket enclosing the mercury as much as possible."", ""The steam escapes by a hole in the top of this outer tube."", ""In improved hypsometers it is made to retrace its path downwards and escape at the bottom of the steam jacket."", ""With this apparatus altitudes are determined by means of specially prepared tables provided with the instrument, giving the heights above sea level corresponding to a particular temperature at which water boils, and also corrections to be made for latitude, mean temperature of the air, and decrease of gravity with increase of elevation.""], ""other"": [""Inv. 1893-149""]}","{""object_names"": [], ""makers"": [], ""organisations/institutions"": [""Science Museum Group Collections Online""], ""dates"": [], ""places"": [""Holborn, London, England"", ""United Kingdom""], ""descriptions"": [""Surveying hypsometer;""], ""other"": []}"
106,25,10,1,1,1,0,2,1,3,1,2,4,14,2,2,1,"{""object_names"": [], ""makers"": [""Cav. M. Della Corte"", ""Dr. Della Corte""], ""organisations/institutions"": [""Accademia dei Lincei""], ""dates"": [""1912"", ""1922""], ""places"": [""Via Abbonanza at Pompeii""], ""descriptions"": [""Made in the Museum"", ""Plate III, Fig. 1, p. 56"", ""fragments of a Roman groma were discovered"", ""These fragments were sufficiently preserved and complete to enable Dr. Della Corte to reconstruct the original instrument with a certainty not hitherto attained owing to the meagre data available."", ""The instrument exhibited has been constructed in accordance with the measurements and drawings supplied by Dr. Della Corte."", ""As previously reconstructed, the groma consisted of a cross, composed of two equal perpendicular arms intersecting at their centres, mounted upon a supporting staff (ferramentum), upon which the cross could revolve in azimuth: from the ends of the cross were suspended four plummets, through which sights were taken by the surveyor."", ""This reconstruction comprises all the foregoing portions, with the additional modification that the cross is not supported directly upon the staff, but is pivoted upon the outer end of a curved bracket, which is in turn mounted rotatably upon the head of the staff."", ""This arrangement enables the centre of the cross to be set above the mark on a boundary stone, whilst the staff is driven into the ground beside the stone; also, sights could be taken through opposite, not adjacent, plumb lines without interference from the staff."", ""The wooden staff, which is nearly 2 metres long, terminates at its lower end in a fluted iron shoe, and is encircled at its upper extremity by a brass collar, along its upper and lower faces by curved brass strips, and terminating at the staff end in a brass collar and at the cross end in a brass pivot upon which the curved bracket is mounted."", ""The horizontal distance between the cross and bracket pivot centres is 23.4 cm."", ""The cross has a brass centre, and four tapered wooden arms, completely enclosed in thin iron sheeting and reinforced at their intersection by brass angle brackets."", ""The bronze plummets are suspended through holes in the arms at distances of 45 cm. from the centre of the cross."", ""Each plummet resembles its opposite in size and shape but differs from the neighbouring ones."", ""The actual portions discovered included all the metal parts, with a few traces of wood fibres embedded therein."", ""The total height of the instrument is alone considered problematical.""], ""other"": [""Inv. 1923-395"", ""S.M. 1828""]}","{""object_names"": [], ""makers"": [], ""organisations/institutions"": [], ""dates"": [""1st century AD""], ""places"": [""Naples"", ""Campania"", ""Italy""], ""descriptions"": [""based on one excavated at Pompeii"", ""Surveying groma""], ""other"": [""groma 1-79 CE"", ""before 1923""]}"
107,11,8,1,1,1,1,1,1,2,1,1,2,4,2,1,0,"{""object_names"": [], ""makers"": [], ""organisations/institutions"": [""Meteorology Catalogue""], ""dates"": [""1922"", ""towards the end of the 17th century""], ""places"": [""Ancona""], ""descriptions"": [""This instrument consists of a hollow brass sphere of 2\u00bd in. diam., with vertical great circle sighting slits cut every 45\u00b0 in its surface."", ""It is used like the ordinary sight-rule cross staff for setting off angles of any multiple of 45\u00b0"", ""A socket fixed to the sphere serves to connect it to a stand."", ""was probably made towards the end of the 17th century.""], ""other"": [""Inv. 1889-22""]}","{""object_names"": [""Cross-head""], ""makers"": [""A. Baldantoni""], ""organisations/institutions"": [""Science Museum Group Collections Online""], ""dates"": [""1690-1710""], ""places"": [""Italy"", ""Marches""], ""descriptions"": [""Surveying cross-head"", ""cross-head""], ""other"": []}"
108,10,10,1,1,1,1,0,1,2,2,0,4,5,1,1,0,"{""object_names"": [""CROSS STAFF""], ""makers"": [""Dollond""], ""organisations/institutions"": [], ""dates"": [""late 18th or early 19th century""], ""places"": [], ""descriptions"": [""two 6-in. brass sight rules fixed accurately at right angles to each other"", ""central screw thread for attaching it to a stand"", ""Backsights and foresights can be taken through either rule, every vertical arm having both a slit backsight and a wire foresight"", ""mostly used in detail chain and offset surveying, for setting the offset rod at right angles to the chain"", ""This instrument, which was made in the late 18th or early 19th century""], ""other"": [""Inv. 1921-81""]}","{""object_names"": [""Cross-head""], ""makers"": [""Dollond family""], ""organisations/institutions"": [""Science Museum Group Collections Online""], ""dates"": [""1795-1805""], ""places"": [""London, England"", ""City of London, London, Greater London, England, United Kingdom""], ""descriptions"": [""Open cross-staff head with four fixed alidade sights"", ""Surveying cross-head""], ""other"": []}"
109,9,6,1,1,1,1,0,0,1,1,0,1,5,2,1,0,"{""object_names"": [""OPTICAL SQUARE""], ""makers"": [""T. H. Court, Esq.""], ""organisations/institutions"": [], ""dates"": [""probably near the end of the 18th century""], ""places"": [], ""descriptions"": [""This instrument, made probably near the end of the 18th century, has two mirrors fixed to the base of a cylindrical brass box, with their planes at an angle of 45\u00b0 to each other."", ""One mirror is half unsilvered for direct vision, the other half and the whole of the second mirror being silvered, to reflect rays from objects at right angles to the line of vision."", ""A circular aperture and rectangular windows are pierced in the side of the box opposite the mirrors.""], ""other"": [""Inv. 1917-22""]}","{""object_names"": [""Optical square""], ""makers"": [""Unknown maker""], ""organisations/institutions"": [], ""dates"": [""1851-1917""], ""places"": [""British"", ""European"", ""Europe""], ""descriptions"": [""Surveying optical square""], ""other"": []}"
110,10,11,1,1,1,1,0,1,1,2,1,2,5,2,1,2,"{""object_names"": [], ""makers"": [], ""organisations/institutions"": [], ""dates"": [""middle of the 19th century""], ""places"": [""London""], ""descriptions"": [""two right-angled reflecting prisms are mounted one upon the other, with their reflecting faces perpendicular"", ""In using the instrument the observer takes off the cap and screws it beneath the base to serve as a handgrip"", ""Looking at the common face of the two prisms, he views objects on his left hand through the lower prism, and those on his right through the upper"", ""Two objects which appear in the same vertical line will be at opposite ends of a line through the instrument, perpendicular to the direction of sight"", ""Presented by T. H. Court, Esq.""], ""other"": [""Inv. 1911-152""]}","{""object_names"": [], ""makers"": [""Patrick Adie""], ""organisations/institutions"": [""Science Museum Group Collections Online""], ""dates"": [""1840-1850""], ""places"": [""England"", ""United Kingdom""], ""descriptions"": [""surveying instrument; surveying instrument"", ""British""], ""other"": [""surveying""]}"
111,12,10,1,2,1,1,1,1,2,1,1,1,5,2,1,2,"{""object_names"": [], ""makers"": [], ""organisations/institutions"": [""Meteorology Catalogue""], ""dates"": [""probably towards the end of the 18th century""], ""places"": [], ""descriptions"": [""three pairs of mirrors are mounted successively in a rectangular brass box, whose sides are provided with the necessary windows"", ""The three pairs of mirrors make angles of 22\u00bd\u00b0, 90\u00b0 and 45\u00b0 respectively with each other"", ""one mirror of each pair is left partly unsilvered for direct vision"", ""The direct and reflected rays for each pair are thus inclined at 45\u00b0, 180\u00b0 and 90\u00b0 respectively""], ""other"": [""Inv. 1911-154""]}","{""object_names"": [""surveying instrument""], ""makers"": [], ""organisations/institutions"": [""Science Museum Group Collections Online""], ""dates"": [""1801-1830""], ""places"": [""Brussels, Belgium""], ""descriptions"": [""British"", ""surveying surveying instrument""], ""other"": [""A"", ""Beaulieu, A""]}"
112,11,9,1,1,1,1,1,0,1,1,0,2,6,2,1,2,"{""object_names"": [""OPTICAL OPPOSITE""], ""makers"": [], ""organisations/institutions"": [""Admiralty""], ""dates"": [""1922""], ""places"": [], ""descriptions"": [""By means of this instrument an observer can place himself in the direct line between two objects. It consists of two mirrors set in small parallel sighting tubes connected by a longer perpendicular tube. The planes of the mirrors are perpendicular and one mirror is partly unsilvered. The observer views the front object directly through the unsilvered portion and the rear object by double reflection at the two silvered surfaces. When the images coincide, he is in the direct line between the two objects. The sighting tubes are closed by glass windows where necessary."", ""an observer can place himself in the direct line between two objects"", ""consists of two mirrors set in small parallel sighting tubes connected by a longer perpendicular tube"", ""planes of the mirrors are perpendicular"", ""one mirror is partly unsilvered"", ""observer views the front object directly through the unsilvered portion and the rear object by double reflection at the two silvered surfaces"", ""When the images coincide, he is in the direct line between the two objects"", ""sighting tubes are closed by glass windows where necessary""], ""other"": [""Inv. 1876-1208""]}","{""object_names"": [""Raper type optical opposite"", ""Raper optical opposite""], ""makers"": [""Henry Raper""], ""organisations/institutions"": [], ""dates"": [""1824-1834""], ""places"": [""British"", ""England, United Kingdom""], ""descriptions"": [""Designed by British naval officer, Henry Raper"", ""Surveying surveying instrument""], ""other"": [""unsigned""]}"
113,18,12,1,1,1,1,1,1,1,1,1,2,12,3,1,3,"{""object_names"": [""TELESCOPIC PLANE TABLE ALIDADE""], ""makers"": [""A. Baldantoni""], ""organisations/institutions"": [""Meteorology Catalogue""], ""dates"": [""late 17th century""], ""places"": [""Ancona""], ""descriptions"": [""The application of the telescope and vertical arc to the alidade of a plane table took place about the same time as the corresponding addition to the theodolite."", ""a vertical pillar fixed perpendicularly to the alidade carries the vertical semicircle and attached telescope, which can rotate about a horizontal axis in the top of the pillar."", ""A vernier fixed to the pillar records the altitude angle of the line of sight."", ""The alidade is 2 ft. 4 in. long by 1\u00bd in. wide and has one edge bevelled."", ""Over this edge, at the two extremities of the rule, are attached two plain sights, a slit backsight and a vertical wire foresight."", ""A few inches in front of the backsight is the vertical pillar carrying the telescope axis."", ""By means of its milled edge and a wormwheel, the socket of this pillar can be slightly rotated in azimuth, and carries the telescope with it."", ""This serves to adjust the line of sight parallel to the bevelled edge of the rule."", ""The semicircle has a diameter of 5 in. and is graduated in degrees up to 50\u00b0 of elevation or depression."", ""Its edge is milled and gears with a wormwheel attached to the pillar."", ""The telescope rests in semicircular collars fixed to the diameter of the semi-circle, and is kept in place by hinged straps and screws."", ""It has a rack-focussing objective lens of \u00be in. aperture and a fixed eyepiece tube containing a compound field lens and eyepiece with a fixed cross wire diaphragm between the two lenses of the eyepiece."", ""A spirit level is mounted upon the telescope parallel to its axis."", ""The vernier attached to the pillar is slightly adjustable by means of a slide and lever, and reads the vertical arc to 3 minutes.""], ""other"": [""Inv. 1889-21""]}","{""object_names"": [""Telescopic alidade""], ""makers"": [""A. Baldantoni""], ""organisations/institutions"": [""Science Museum Group Collections Online""], ""dates"": [""1690-1710""], ""places"": [""Italy"", ""Marches""], ""descriptions"": [""Telescopic plane table alidade with bubble tube"", ""Surveying alidade - surveying; alidade - surveying""], ""other"": [""Italian"", ""surveying""]}"
114,15,7,2,1,1,1,1,1,1,1,0,1,9,2,1,0,"{""object_names"": [""ALIDADE"", ""tripod""], ""makers"": [], ""organisations/institutions"": [""Meteorology Catalogue""], ""dates"": [""early 19th century""], ""places"": [], ""descriptions"": [""outfit comprising plane table, tripod and brass alidade"", ""table, which is 17 in. by 15 in. can be rotated and levelled independently of the tripod"", ""alidade is nearly 2 ft. long and has a detachable combined back and foresight at each extremity, the slits and wires being vertically above the bevelled edge of the ruler"", ""Various useful scales of length are engraved upon the alidade"", ""rectangular boxwood frame forming the edge of the table is graduated on both faces in half degrees and tenth-inches"", ""frame is detachable and serves to clamp the paper to the table"", ""Three centres corresponding to the half-degree graduations are marked on the table proper, by which means it can be used also as a theodolite"", ""dovetailed recess beneath the table for supporting a compass box (missing in the instrument exhibited) to orient the instrument"", ""small spirit level is used to level the table"", ""brass piece connecting the table to the tripod has a conical axis and socket, and a spherical ball and socket joint for orienting and levelling the table independently of the tripod"", ""tripod has a brass tripod head and circular tapering legs, 4 ft. long, jointed in the middle, and fitted with brass shoes at the extremities""], ""other"": [""Inv. 1917-106""]}","{""object_names"": [""Plane table outfit including alidade""], ""makers"": [], ""organisations/institutions"": [""Science Museum Group Collections Online""], ""dates"": [""1801-1830""], ""places"": [""Holborn, London, England, United Kingdom""], ""descriptions"": [""Surveying plane table; plane table""], ""other"": []}"
115,12,9,1,1,1,1,0,1,0,1,0,3,9,2,1,0,"{""object_names"": [""PLANE TABLE OUTFIT""], ""makers"": [""T. Cooke & Sons""], ""organisations/institutions"": [], ""dates"": [], ""places"": [], ""descriptions"": [""small outfit of modern construction suitable for rough reconnaissance and engineering surveys"", ""table is 17 in. by 14 in."", ""under edges removable for inserting and clamping the drawing paper"", ""boxwood ruler is 12 in. long"", ""folding metal sights at each extremity"", ""back of the table has a brass plate, recessed to receive the knob of the bolt clamping it to the tripod"", ""small circular spirit level is used to level the table, the slope of the tripod legs being changed to effect this"", ""small trough compass with a 3-in. needle is provided for orienting the table"", ""bevelled edges of the alidade are divided in scales of 6 and 8 inches to the mile, to read 10 yd. on each scale"", ""sights consist of a slit backsight and strip foresight, each vertically above the centre line of the alidade""], ""other"": [""Inv. 1899-52""]}","{""object_names"": [""Surveyor's plane table outfit""], ""makers"": [""T. Cooke & Sons Ltd.""], ""organisations/institutions"": [""Science Museum Group Collections Online""], ""dates"": [""1881-1890""], ""places"": [""London"", ""York"", ""United Kingdom""], ""descriptions"": [""Plane table outfit for rough reconnaisance or engineering surveys"", ""with bubble spirit level, magnetic compass, sighted alidade in leather case and leatherette cover for plane table (see note)""], ""other"": []}"
116,18,7,1,1,1,1,1,0,1,1,0,3,13,1,1,0,"{""object_names"": [""JOHNSON PLANE TABLE OUTFIT""], ""makers"": [""W. & L. E. Gurley""], ""organisations/institutions"": [""U.S. Geological Survey""], ""dates"": [""1922""], ""places"": [], ""descriptions"": [""A type of modern plane table outfit with telescopic alidade, suitable for topographical surveys of a comparatively high degree of precision, is here exhibited."", ""Similar outfits have been extensively employed by the topographers of the U.S. Geological Survey."", ""The table is 30 in. by 24 in., and is carefully made in sections to preserve its shape."", ""Brass screw pins fitting into sockets at the corners and middle of the sides are used for fastening the drawing paper to the table, which is slightly recessed at these points to allow the heads of the pins to be flush with the upper surface of the board and thus permit the alidade to slide freely over the pins."", ""The board is connected to the tripod by means of a Johnson quick-levelling socket, which permits it to be easily levelled and rotated in azimuth independently of the tripod."", ""Two butterfly nuts control these movements of levelling and rotation, and, when tightened, clamp the table rigidly to the tripod."", ""This latter has three split legs, 4 ft. long, attached by bolts to the metal tripod head and terminating in metal shoes."", ""Any point on the sketch can be set vertically above the corresponding station point, after the instrument is levelled, by means of the wooden plumbing arm which consists of two pieces so jointed and marked at the joint that, when the upper piece is set flat on the table, with its point over the point on the sketch, and the joint clamped with its two marks coincident, the metal hook at the end of the second arm lies vertically beneath the point."", ""The plumb-bob is suspended from this hook and the table moved until it lies over the station point."", ""A flat 4-in. square metal plate, upon which are mounted two mutually perpendicular spirit levels and a central compass box with a 3-in. needle and ring divided in degrees, is used for levelling and orienting the table."", ""The alidade consists of a flat brass ruler 20 in. long by 4 in. wide, having one edge bevelled and a central pillar projecting vertically from its upper face and supporting the telescope and attached vertical circle, and the fixed vernier for reading this latter."", ""The vertical circle has a diameter of 4.5 in., and is divided on silver to half degrees, read by the vernier to single minutes."", ""It is fixed with the telescope to the horizontal axis, which can rotate within a socket fixed to the vertical pillar."", ""A tangent clamp and slow motion screw is fitted to this axis and connected to the vernier."", ""The telescope is of the pattern usually fixed to 5-in. transit theodolites."", ""It has a rack-focussing objective lens of 1.2 in. aperture and 8 in. focal length, and a rack-focussing eyepiece magnifying 20 diameters."", ""The fixed diaphragm has two horizontal stadia wires as well as the usual cross wires.""], ""other"": [""Inv. 1914-742""]}","{""object_names"": [""Johnson type plane table outfit""], ""makers"": [], ""organisations/institutions"": [], ""dates"": [""1914""], ""places"": [""Troy, New York, USA"", ""Troy, Rensselaer county, New York state, United States""], ""descriptions"": [""for comparatively high precision work""], ""other"": [""Surveying plane table; plane table""]}"
117,10,12,2,3,1,1,0,0,1,1,1,3,4,3,1,1,"{""object_names"": [""J\u00c4HNS'S POLYMETER"", ""Vielmesser""], ""makers"": [], ""organisations/institutions"": [], ""dates"": [""1873""], ""places"": [""Berlin""], ""descriptions"": [""early example of a plane table alidade adapted to measure the distance, altitude, and azimuth of a point simultaneously"", ""mounted upon a horizontal plane table"", ""used in conjunction with a tacheometric staff of constant interval, set vertically at the distant station"", ""invented by R. J\u00e4hns""], ""other"": [""Inv. 1876-1200""]}","{""object_names"": [""Polymeter plane table alidade"", ""Jahn's 'Polymeter'"", ""universal plane table instrument""], ""makers"": [], ""organisations/institutions"": [], ""dates"": [""1873-1876""], ""places"": [""Germany"", ""Berlin state""], ""descriptions"": [""Surveying plane table"", ""plane table""], ""other"": [""Franz Schmidt and Haenschel""]}"
118,6,7,1,1,0,1,1,1,1,1,0,1,2,2,1,0,"{""object_names"": [""EARLY COMPASS""], ""makers"": [], ""organisations/institutions"": [""Meteorology Catalogue""], ""dates"": [], ""places"": [], ""descriptions"": [""consists of a square brass plate with an engraved circle graduated in degrees over which moves an index arm carrying a small compass box"", ""probably used for plotting the bearings of objects taken with a circumferentor""], ""other"": [""Inv. 1880-198""]}","{""object_names"": [""Magnetic compass""], ""makers"": [""Unknown maker""], ""organisations/institutions"": [""Science Museum Group Collections Online""], ""dates"": [""1601-1700""], ""places"": [""Italy""], ""descriptions"": [""Compass and pointer set in square plate"", ""Surveying magnetic compass""], ""other"": []}"
119,14,12,1,1,1,1,0,2,1,1,0,3,10,4,1,0,"{""object_names"": [""AZIMUTH COMPASS""], ""makers"": [""Dollond""], ""organisations/institutions"": [], ""dates"": [""about 1770""], ""places"": [], ""descriptions"": [""typical of the surveyor's compass previous to the invention of Kater's mirror compass or Schmalkalder's prismatic compass"", ""position of the needle upon the graduated compass ring, which is fixed, cannot be read at the same time as the object is viewed through the sights"", ""necessary to use a stand to support the compass"", ""socket is attached to the base of the wooden case for this purpose"", ""fixed compass ring is graduated in degrees continuously from 0\u00b0 to 360\u00b0 in a counter-clockwise direction"", ""slit backsight and wire foresight are fixed to the compass box at the 0\u00b0 and 180\u00b0 respectively"", ""reading of the S. end of the needle upon the graduated ring gives the correct magnetic bearing"", ""compass ring is 4\u00bc in. diameter"", ""sights are 6\u00bc in. apart"", ""sights can be folded down upon the face of the compass for transport"", ""recess is provided in the lid of the wooden case for their reception"", ""lid, on being closed, depresses a pin which lifts the needle from its pivot and clamps it against the glass cover""], ""other"": [""Inv. 1912-243""]}","{""object_names"": [""Azimuth compass""], ""makers"": [""Dollond family""], ""organisations/institutions"": [""Science Museum Group Collections Online"", ""City of London""], ""dates"": [""1760-1780""], ""places"": [""British"", ""London"", ""England, United Kingdom""], ""descriptions"": [""with mahogany body"", ""Surveying variation compass; magnetic compass; variation compass; magnetic compass""], ""other"": []}"
120,11,11,1,1,1,1,1,1,1,1,0,3,6,4,1,0,"{""object_names"": [], ""makers"": [], ""organisations/institutions"": [""Meteorology Catalogue""], ""dates"": [], ""places"": [], ""descriptions"": [""differs only in minor details from the adjacent one made by Dollond"", ""has a 3\u00bd in. compass ring graduated in degrees"", ""mounted in a brass case to which sights can be fitted"", ""has a threaded socket for attaching the instrument to a stand when taking bearings"", ""The graduations are numbered every 10\u00b0 in quadrants, with the 0\u00b0 at the N. and S. points"", ""Opposite these points are sliding sockets in the outer case"", ""The two sights, each having a slit and a wire for use as backsight and foresight respectively, are mounted in these sockets when in use, or fitted within the lid of the compass case for transport"", ""The sights are 3 in. long"", ""The compass needle is provided with a lifting lever actuated by a pin which is depressed when the lid is fitted on the case, but has no clamping arrangement""], ""other"": [""Inv. 1909-140""]}","{""object_names"": [], ""makers"": [], ""organisations/institutions"": [""Science Museum Group Collections Online""], ""dates"": [], ""places"": [""Fleet Street, City of London, England, United Kingdom""], ""descriptions"": [""Surveying variation compass"", ""variation compass"", ""magnetic compass"", ""magnetic compass""], ""other"": []}"
121,15,11,1,4,2,2,2,1,1,1,0,2,7,1,2,0,"{""object_names"": [""MIRROR AZIMUTH COMPASS""], ""makers"": [""W. Shackleton, Esq., F.R.A.S.""], ""organisations/institutions"": [""S.M.""], ""dates"": [""beginning of the 19th century""], ""places"": [], ""descriptions"": [""mirror attachment to the eye lens here shown was invented by Capt. Kater"", ""enables the observer to view the graduations of the horizontal compass ring at the same time as he takes a sight"", ""compass ring is fixed to the rotating needle and is so graduated in half-degrees consecutively from 0\u00b0 to 360\u00b0 that correct bearings are read off immediately"", ""The diameter of the compass card is 4\u00bd in."", ""usual slit backsight and wire foresight are fixed to the compass box at a distance apart of 5 in."", ""A small pin fixed in the case vertically beneath the backsight serves as fiducial mark, and its position on the graduated scale is seen through the mirror very clearly when the instrument is held about one foot away from the eye"", ""The foresight can be folded down upon the top of the case, and the compass card and needle are thereby automatically lifted from the pivot and clamped""], ""other"": [""Inv. 1916-6"", ""L.S""]}","{""object_names"": [""Azimuth compass"", ""Surveying variation compass"", ""variation compass"", ""magnetic compass""], ""makers"": [""Thomas Jones""], ""organisations/institutions"": [""Science Museum Group Collections Online""], ""dates"": [""1811-1830""], ""places"": [""Charing Cross, London, England, United Kingdom"", ""City of Westminster""], ""descriptions"": [""fitted with Kater's mirror arrangement""], ""other"": []}"
122,17,11,2,4,1,1,2,1,2,1,0,1,11,3,1,0,"{""object_names"": [""PRISMATIC COMPASS"", ""prismatic compass""], ""makers"": [""Schmalkalder""], ""organisations/institutions"": [""Meteorology Catalogue"", ""Museum""], ""dates"": [""1922"", ""early part of the 19th century""], ""places"": [], ""descriptions"": [""The reflecting mirror used by Captain Kater for viewing the graduated compass ring was superseded in 1812 by the application of Schmalkalder's prismatic eyepiece to the compass."", ""By this means the observer can read the bearing and sight the object simultaneously, and can thus dispense with a stand for the instrument."", ""For this reason the prismatic compass has come into general use for rapid reconnaissance surveys."", ""The example exhibited was constructed by Schmalkalder in the early part of the 19th century."", ""The compass card is 2\u00bd in. in diameter, and is fixed to the magnetic needle."", ""It is graduated in consecutive half-degrees from 0\u00b0 to 360\u00b0 in a clockwise direction, the N. end of the needle being under the 180\u00b0 mark."", ""The diagonal prism is attached to the plate which has a slit serving as backsight, and is ground convex on one perpendicular face so as to magnify the image of the graduated card seen by reflection at its inclined face, which is silvered."", ""This backsight plate is jointed to the compass box, and can be folded down when the instrument is not in use."", ""The foresight consists of a vertical wire fixed in a frame diametrically opposite the back-sight, and similarly jointed to the base so as to fold down when not in use."", ""Mirrors and coloured glasses are attached to the sights for taking bearing upon the sun and other celestial objects."", ""A lever is provided for lifting the needle from its pivot and locking the compass card when desired, and there is a steadying pin underneath the foresight for damping the oscillations of the card.""], ""other"": [""Inv. 1905-155""]}","{""object_names"": [""Two prismatic magnetic compass"", ""Surveying prismatic compass"", ""magnetic compass"", ""prismatic compass""], ""makers"": [""Charles Auguste Schmalcalder"", ""Charles Augustus Schmalcalder""], ""organisations/institutions"": [""Science Museum Group Collections Online""], ""dates"": [""1810-1826""], ""places"": [""Strand, City of Westminster, London, England, United Kingdom""], ""descriptions"": [""one with leather case"", ""by Charles Auguste Schmalcalder, Strand, London, England, 1810-1826"", ""Strand, City of Westminster, London, England, United Kingdom""], ""other"": []}"
123,15,15,1,1,1,1,1,1,1,1,0,7,10,4,1,0,"{""object_names"": [""TELESCOPIC PRISMATIC COMPASS""], ""makers"": [""Schmalcalder""], ""organisations/institutions"": [""Meteorology Catalogue""], ""dates"": [""1922""], ""places"": [], ""descriptions"": [""early part of the 19th century"", ""combined theodolite and prismatic compass"", ""telescopic alidade, which carries the prismatic eyepiece and a vernier underneath this"", ""can be rotated about the vertical axis independently of the compass box, the instrument thus acting as a theodolite"", ""can be rotated together with the compass ring, in which case it fulfills the functions of a prismatic compass"", ""compass ring is graduated directly to 20' in a clockwise direction and is read by vernier to single minutes"", ""attached to a stand by means of a ball and socket arrangement"", ""can be levelled independently of the stand by four screws which engage in threads in the socket and press against the vertical axis"", ""tangent clamp and slow motion screw for rotating the whole instrument in azimuth"", ""circular rack and pinion inside the compass box serves to rotate the alidade independently"", ""actuated by the screw projecting beneath the compass"", ""telescope carries a small spirit level"", ""screwed at the eyepiece end to a brass plate hinged to a sliding piece"", ""rests at the objective end in a Y-piece fixed to another sliding piece"", ""two sliding pieces terminate at their lower ends in screws, which work in threaded plates screwed to the compass box"", ""telescope can be elevated at either end with respect to the compass box and can be adjusted so as to be horizontal"", ""focussed by sliding the objective lens""], ""other"": [""Inv. 1911-180""]}","{""object_names"": [""Improved Patent Portable Theodolite""], ""makers"": [""C. A. Schmalcalder"", ""Charles Augustus""], ""organisations/institutions"": [""Science Museum Group Collections Online""], ""dates"": [""1818-1826""], ""places"": [""82 Strand, London, England"", ""Strand, Strand, City of Westminster, London, Greater London, England, United Kingdom""], ""descriptions"": [""Surveying theodolite"", ""prismatic compass"", ""magnetic compass"", ""theodolite""], ""other"": []}"
124,21,10,1,1,1,1,0,1,1,1,0,1,17,5,1,0,"{""object_names"": [""PRISMATIC COMPASS AND CLINOMETER""], ""makers"": [""Cary""], ""organisations/institutions"": [], ""dates"": [""1922""], ""places"": [], ""descriptions"": [""The quadrant attached to this instrument, which is in other respects similar to the Schmalcalder prismatic compass, enables it to be used for measuring altitudes as well as taking magnetic bearings."", ""The quadrant has separate sights and a small spirit level fixed to a movable radial arm."", ""A mark engraved on the outer end of this arm registers the altitude upon the graduated arc of the quadrant when the arm is horizontal and the sights are directed upon the distant object."", ""The compass ring is 2\u00bd in. in diam. and is fixed to the rotating magnetic needle."", ""It is graduated continuously in half-degrees from 0\u00b0 to 360\u00b0."", ""As the N. point of the needle is attached at the 180\u00b0 mark of the ring, the correct bearing of the object sighted is read off directly through the prismatic eyepiece attached to the slit back-sight."", ""A small spirit level is fixed to the bottom of the case inside and serves to set the compass horizontal."", ""The altitude quadrant has a radius of 2 in. and is attached to the wire foresight of the compass."", ""It is graduated in degrees from 0\u00b0 to 90\u00b0, the radius corresponding to the former being parallel to the compass plane, and carrying the supplementary sights, a pin-hole back-sight and a cross-wire foresight, for determining altitudes."", ""Mirrors and coloured glasses are attached to the two compass sights for taking bearings on high objects such as the sun."", ""Schmalcalder prismatic compass""], ""other"": [""Inv. 1917-78""]}","{""object_names"": [""Prismatic compass & clinometer""], ""makers"": [""William Cary""], ""organisations/institutions"": [""Science Museum Group Collections Online""], ""dates"": [""1801-1830""], ""places"": [""Strand, City of Westminster, London, England, United Kingdom""], ""descriptions"": [""Surveying prismatic compass"", ""magnetic compass"", ""clinometer"", ""prismatic compass"", ""magnetic compass"", ""clinometer""], ""other"": []}"
125,10,12,1,5,1,1,0,1,1,1,0,3,6,1,1,0,"{""object_names"": [""PRISMATIC COMPASS""], ""makers"": [], ""organisations/institutions"": [], ""dates"": [""1922""], ""places"": [], ""descriptions"": [""method of lifting and locking the compass card is similar to that employed by Schmalcalder"", ""card is graduated in degrees, in two sets numbered consecutively in the clockwise sense from 0\u00b0 to 180\u00b0"", ""no mirrors or coloured glasses for celestial observations"", ""diameter of the compass ring is 2\u00bd in."", ""can be read by estimation to the nearest 10'"", ""constructed about the middle of the 19th century""], ""other"": [""Inv. 1872-79""]}","{""object_names"": [""Prismatic magnetic compass"", ""Surveying prismatic compass"", ""magnetic compass"", ""prismatic compass"", ""magnetic compass""], ""makers"": [""James Bradley Chamberlain""], ""organisations/institutions"": [""Science Museum Group Collections Online""], ""dates"": [""1827-1848""], ""places"": [""37 Broad St, Bloomsbury, London, England"", ""Bloomsbury, Camden, London, England, United Kingdom""], ""descriptions"": [""British""], ""other"": []}"
126,14,11,1,1,1,1,0,1,1,1,0,4,10,3,1,0,"{""object_names"": [], ""makers"": [], ""organisations/institutions"": [], ""dates"": [], ""places"": [], ""descriptions"": [""This instrument, which was made about the middle of the 19th century, differs very little from those made by Schmalcalder about 30 years previously."", ""The compass card is not graduated continuously from 0\u00b0 to 360\u00b0, but in two sets of 180\u00b0, both in the clockwise sense."", ""It reads directly to half-degrees, and by estimation to 10'."", ""The compass card is lifted and clamped by folding down the foresight."", ""The diameter of the compass ring is 3 3/4 in."", ""The usual mirror and coloured glasses are provided for observing celestial objects."", ""The eye prism is adjustable for focussing, and there is a steadying pin under the foresight for damping the oscillations of the compass needle.""], ""other"": [""Inv. 1865-7""]}","{""object_names"": [], ""makers"": [], ""organisations/institutions"": [""Science Museum Group""], ""dates"": [], ""places"": [""Fleet Street, City of London, London, Greater London, England, United Kingdom""], ""descriptions"": [""Surveying prismatic compass"", ""magnetic compass"", ""magnetic compass""], ""other"": []}"
127,13,10,1,4,2,1,1,0,1,1,0,4,7,0,1,0,"{""object_names"": [""PRISMATIC COMPASS""], ""makers"": [""Cary, Porter, Ltd.""], ""organisations/institutions"": [""Admiralty""], ""dates"": [""1922""], ""places"": [], ""descriptions"": [""arrangement to lift and lock the compass card"", ""eyepiece is here arranged so that the eye must be nearer the slit for focussing than in Schmalcalder's instruments"", ""folding down of the foresight upon the compass automatically lifts and clamps the card"", ""compass card is 5 in. in diameter"", ""duplicate card is provided"", ""card is graduated in half-degrees in the usual clockwise sense"", ""Both the sights can be folded down, and the prismatic eyepiece can be adjusted for focussing the gradua-tions"", ""usual mirrors and coloured glasses for taking bearings of celestial objects"", ""socket is rigidly fixed to the base of the compass box for attaching it to a stand"", ""When the compass is so mounted, bearings can be taken to within 15', and estimated to the nearest 5'"", ""differs very little from those made by Schmalcalder nearly a century previously"", ""The compass card, prismatic eyepiece, steadying pin, etc., remain the same""], ""other"": [""Inv. 1911-157""]}","{""object_names"": [""Prismatic compass"", ""Surveying prismatic compass"", ""magnetic compass"", ""prismatic compass"", ""magnetic compass""], ""makers"": [""John Dover""], ""organisations/institutions"": [], ""dates"": [""1851-1865""], ""places"": [""London"", ""Charlton, England"", ""Holborn, London, England, United Kingdom"", ""Charlton, London, England, United Kingdom""], ""descriptions"": [], ""other"": []}"
128,20,12,1,2,0,2,1,1,1,1,0,1,15,3,1,1,"{""object_names"": [""PRISMATIC COMPASS (Mark VIII)""], ""makers"": [], ""organisations/institutions"": [""Meteorology Catalogue""], ""dates"": [""1922""], ""places"": [], ""descriptions"": [""modern type of compass specially designed for rough surveying and for night marching upon a given bearing, previously set off on the edge of the compass"", ""hair foresight upon the hinged lid"", ""slit backsight upon the hinged mounting carrying the prismatic reader"", ""Various marks in luminous paint upon the lid, cover plate and dial of the compass are used in night marching"", ""spring damping pin for checking the oscillations of the dial"", ""lifting pin for locking it when not in use"", ""luminous marks on the lid are at the extremities of the hair foresight"", ""glass cover plate of the compass box also has a luminous mark and can be independently rotated so as to set this mark at any angle to the sight line"", ""angle so set is measured by means of an index mark on the cover in conjunction with the graduated edge of the compass box"", ""set to the bearing upon which it is desired to march, and the cover plate locked by means of a spring catch which engages in the milled edge of the plate"", ""dial of the compass, which is fixed to the magnetic needle and pivoted so as to rotate freely, has a luminous arrow marked above the north pole of the magnet"", ""When the compass is turned until the luminous mark on the cover plate lies above the luminous arrow on the dial, the luminous marks at the extremity of the hair line on the lid point in the direction it is desired to march"", ""For surveying purposes the compass dial is graduated in degrees round its edge, the numbers being inverted so as to appear upright when seen through the prism, and so arranged that the correct bearing of the line of sight is read directly through the prism"", ""supplementary set of numbered graduations every 5\u00b0 for direct reading without using the prism"", ""ring is hinged to the box to steady it when taking bearings"", ""lever on the lid automatically actuates the lifting pin when the lid is closed""], ""other"": [""Inv. 1922-41""]}","{""object_names"": [""Prismatic magnetic compass"", ""prismatic compass; magnetic compass""], ""makers"": [""Verner, Willoughby"", ""Unknown maker""], ""organisations/institutions"": [""Science Museum Group Collections Online""], ""dates"": [""1918""], ""places"": [""United Kingdom""], ""descriptions"": [""Verner type pattern, Mk VIII, adapted for night marching"", ""Surveying radioactive material"", ""radioactive material""], ""other"": [""unsigned"", ""British""]}"
129,14,12,1,3,1,2,0,1,1,1,0,2,10,3,1,0,"{""object_names"": [""LIQUID PRISMATIC COMPASS""], ""makers"": [""Kelvin, Bottomley & Baird, Ltd.""], ""organisations/institutions"": [], ""dates"": [""1922""], ""places"": [], ""descriptions"": [""This instrument combines the advantages of prismatic reading with the rapid and accurate setting afforded by nearly floating the compass card in a liquid, which reduces the friction of the pivot and rapidly damps the motion of the card."", ""The dial can be illuminated for night reading by means of an electric bulb fixed beneath the transparent base of the compass box."", ""A socket attached to the base enables the compass to be mounted upon the tripod exhibited with it."", ""The compass card has a diameter of 2\u00b75 in. and is graduated in degrees, read by an internal index point mounted beneath the centre of the prismatic reader."", ""The card carries two cylindrical magnetic needles fixed below it with their axes parallel, and has a central buoyant chamber resting upon the pivot."", ""The card, needles and pivot are enclosed in a watertight chamber filled with a mixture of water and alcohol, which has a low freezing point."", ""The card just rests upon the pivot, without pressing much on it, so that there is little frictional resistance to its rotation, and its motion is nearly \""critically damped\"" by the liquid so that it takes up its new setting after rotation within a few seconds."", ""The prismatic reader has a V-shaped backsight used with the long foresight bracket upon which is a travelling foresight."", ""Owing to the freedom of the needle from vibration, the reading can be taken to the nearest fifth degree."", ""The electric bulb serving to illuminate the dial for night reading is operated by a plug switch and a battery of two small cells, carried in the leather case used for transporting the compass.""], ""other"": [""Inv. 1922-44""]}","{""object_names"": [""Surveying compass"", ""magnetic compass"", ""prismatic compass""], ""makers"": [""Chetwynd""], ""organisations/institutions"": [""Science Museum Group Collections Online""], ""dates"": [""early 20th century""], ""places"": [""Glasgow, Scotland, United Kingdom""], ""descriptions"": [""Electrically illuminated liquid prismatic compass by Kelvin, Bottomley and Baird"", ""Surveying prismatic compass"", ""magnetic compass""], ""other"": []}"
130,20,14,2,4,1,2,2,1,1,2,1,1,11,4,2,0,"{""object_names"": [""BURNIER'S COMBINED COMPASS AND CLINOMETER""], ""makers"": [""Bulbreck""], ""organisations/institutions"": [""Meteorology Catalogue"", ""T. H. Court, Esq.""], ""dates"": [""about 1850""], ""places"": [], ""descriptions"": [""military compass"", ""invented by Capt. Burnier"", ""graduated edge of the compass ring, which is fixed to the needle and rotates with it, is perpendicular to the plane of the needle"", ""bearing of the sighting thread can therefore be viewed at the same time as a sight is taken"", ""weighted disc is mounted parallel to the compass ring, and has a similar graduated edge"", ""clamping the compass ring and bringing the planes of both rings vertical, the disc is unclamped and serves as a clinometer"", ""Either ring is viewed through a cylindrical eye lens, which closes the brass case and is about 2 cm. distant from the graduated edges"", ""double-jointed socket attached to the base of the case permits the instrument to be rotated in a vertical or a horizontal plane upon a stick stand, and serves as a support for holding the instrument when no stand is used"", ""compass ring is graduated in degrees continuously from 0\u00b0 to 360\u00b0, and the magnetic bearing of the object sighted is read off directly"", ""clinometer ring is likewise graduated in degrees, and is weighted at the 90\u00b0 portion"", ""Each ring is 4 cm. diameter and has an edge 2 mm. deep"", ""usual folding slit and wire sights are attached to the top of the case, and are easily viewed simultaneously with the graduated rings when the instrument is held about a foot from the eye"", ""wire mounted within the case near the graduated edges in the plane of these two sights serves as fiducial mark"", ""whole instrument is compact and serviceable, and is in general use on the Continent for military and reconnaissance surveys"", ""See Laussedat's \""Recherches sur les Instruments Topographiques,\"" Vol. I, p. 306.""], ""other"": [""Inv. 1916-64""]}","{""object_names"": [""Surveying magnetic compass"", ""magnetic compass"", ""clinometer""], ""makers"": [""Bulbreck the elder"", ""Balbreck aine & fils""], ""organisations/institutions"": [""Science Museum Group Collections Online""], ""dates"": [""mid 19th century"", ""1870""], ""places"": [""Paris""], ""descriptions"": [""Captain Burnier's design"", ""clinometer""], ""other"": []}"
131,16,12,2,2,1,1,1,1,1,1,0,4,10,2,1,1,"{""object_names"": [""combined compass and clinometer"", ""Pocket Altazimuth""], ""makers"": [""C. F. Casella & Co., Ltd.""], ""organisations/institutions"": [""Meteorology Catalogue""], ""dates"": [""1922""], ""places"": [], ""descriptions"": [""experimental stages of development of the instrument"", ""modern form by an adjacent exhibit"", ""Each instrument consists of two graduated aluminium rings separately mounted upon pivots along the axis of a single cylindrical metal box, which is closed by glass faces"", ""A magnetic needle is fixed to one ring, which acts as a compass to determine azimuths, whilst the other ring is loaded at one point and serves as a plummet clinometer for measuring altitude angles"", ""When not in use, each ring can be lifted from its pivots and clamped by means of a lever actuated by a sliding knob"", ""In one instrument the graduated edges of the rings are read by means of two small telescopes, one for each ring, mounted on the metal box"", ""a thin wire is stretched across the box between the telescopes and the rings and defines the index line, or line of sight"", ""In the other instrument, a single telescope can be fitted so as to read either ring alternately, and also to sight upon a distant object"", ""This telescope has a single objective lens and a dual eyepiece, comprising a lens for sighting on the distant object and a prism for reading the graduations upon the upper face of the compass or clinometer ring"", ""In both instruments the rings are graduated in degrees, and a flat footing is attached to the box so that it can be placed upon any surface of which the inclination is to be measured""], ""other"": [""Inv. 1923-414""]}","{""object_names"": [""Surveying altazimuth"", ""altazimuth""], ""makers"": [""L. Casella""], ""organisations/institutions"": [""Science Museum Group Collections Online""], ""dates"": [""1871-1900""], ""places"": [""British"", ""London, England"", ""Holborn, London, England, United Kingdom""], ""descriptions"": [""Two experimental forms of pocket altazimuth"", ""Surveying altazimuth""], ""other"": []}"
132,29,12,1,1,1,1,1,1,1,1,0,2,14,5,2,1,"{""object_names"": [""POCKET ALTAZIMUTH""], ""makers"": [""Casella""], ""organisations/institutions"": [""Meteorology Catalogue""], ""dates"": [""1922""], ""places"": [], ""descriptions"": [""compact form of combined telescopic compass and clinometer"", ""design embodying improvements due to Sir Francis Galton, F.R.S."", ""Either magnetic bearings or altitude angles can be measured independently, but not simultaneously, with it."", ""particularly suitable for very approximate reconnaissance surveying."", ""consists of two graduated rings, separately pivoted within a cylindrical case, having glass-covered ends parallel to the planes of the two rings."", ""One of the rings is graduated at the 32 points of the compass, and has a diametrical magnetic needle whose centre rests on the pivot."", ""The other ring is loaded at one part of its circumference and is pivoted to the case on each side."", ""graduated in degrees, numbered in quadrants, with the zero point opposite the centre of gravity of the load."", ""Both rings have a diameter of $1\frac{1}{4}$ in., the external diameter of the cylindrical case being $2\frac{1}{2}$ in."", ""The compass ring only moves when its plane is horizontal, the clinometer ring when its plane is vertical."", ""Each ring is clamped when its plane is in use, and is read by the position of an index mark on the cylindrical case."", ""The latter carries a telescope, whose axis is parallel to the ends of the cylinder and passes through the line of pivots of the ring."", ""The telescope has its objective tube and eyepiece tube separately fixed to the case, the latter being partly without and partly within the case, and having a slide-focussing eyepiece."", ""A hair line is stretched across the case just behind the objective lens."", ""A base piece for supporting the instrument is attached to the case, with its plane base parallel to the axis of the telescope."", ""There is also a central threaded hole in the base for fixing it to a tripod."", ""A damping spring is provided for use with the compass ring."", ""The complete instrument weighs only 8 oz.""], ""other"": [""Inv. 1893-148""]}","{""object_names"": [""Pocket altazimuth compass-clinometer""], ""makers"": [""L. Casella""], ""organisations/institutions"": [""Science Museum Group Collections Online"", ""Holborn, London, England, United Kingdom""], ""dates"": [""1871-1893""], ""places"": [""Holborn, London, England"", ""United Kingdom""], ""descriptions"": [""Surveying variation compass"", ""magnetic compass"", ""clinometers"", ""variation compass"", ""magnetic compass"", ""clinometers""], ""other"": [""British""]}"
133,10,12,1,3,0,1,1,1,1,1,1,1,5,4,1,1,"{""object_names"": [""TELESCOPIC COMPASS""], ""makers"": [], ""organisations/institutions"": [], ""dates"": [], ""places"": [], ""descriptions"": [""modern example of a French type of surveying compass"", ""used on the Continent on minor work"", ""fixed in a flat, rectangular wooden box"", ""attached the telescope, rotating about an axis fixed perpendicularly to this side"", ""whole instrument can rotate in the plane of the compass ring, which can itself be varied by means of a ball-and-socket joint""], ""other"": [""Inv. 1919-416""]}","{""object_names"": [""Azimuth compass"", ""surveying variation compass"", ""variation compass""], ""makers"": [""Unknown maker""], ""organisations/institutions"": [], ""dates"": [""1900-1925""], ""places"": [""France""], ""descriptions"": [""in wooden case"", ""eccentrically-mounted telescope"", ""French design"", ""Mounted on later Museum stand""], ""other"": [""magnetic compass"", ""magnetic compass""]}"
134,8,9,1,1,1,1,1,1,1,1,1,1,2,3,1,1,"{""object_names"": [""EARLY CIRCUMFERENTOR""], ""makers"": [""T. H. Court, Esq.""], ""organisations/institutions"": [], ""dates"": [""1590""], ""places"": [""England""], ""descriptions"": [""the date of this instrument is indicated by the allowance for magnetic declination on the compass ring, on which the meridian is engraved at the point $10^{\\circ}$ E. of N."", ""This corresponds to the year 1590""], ""other"": [""Inv. 1918-124""]}","{""object_names"": [""Simple theodolite""], ""makers"": [""Unknown maker""], ""organisations/institutions"": [""Science Museum Group Collections Online""], ""dates"": [""c. 1596""], ""places"": [""German"", ""Germany""], ""descriptions"": [""Small simple theodolite with fixed and moveable sights"", ""The degree scale within the compass enables measurements of bearings, and the one on the base plate measures angles of elevation."", ""Surveying simple theodolite""], ""other"": []}"
135,9,8,1,1,1,1,1,1,1,1,0,1,4,3,1,0,"{""object_names"": [""EARLY THEODOLITE""], ""makers"": [""T. H. Court, Esq.""], ""organisations/institutions"": [""Meteorology Catalogue""], ""dates"": [""early 17th century""], ""places"": [], ""descriptions"": [""consists of a brass circle, 8 in. diam., graduated in degrees, having two pairs of fixed sights along perpendicular diameters, and a movable alidade fitted with pointers at each end"", ""can be set upon a stand for measuring angles in any plane"", ""suspended from a ring attached to the circumference for taking altitudes"", ""for measuring angles in any plane""], ""other"": [""Inv. 1918-123""]}","{""object_names"": [""Simple theodolite""], ""makers"": [""Unknown maker""], ""organisations/institutions"": [""Science Museum Group Collections Online""], ""dates"": [""1600-1630""], ""places"": [""Italy""], ""descriptions"": [""Surveying simple theodolite"", ""simple theodolite""], ""other"": []}"
136,13,8,1,2,1,1,2,1,1,1,0,1,6,2,2,0,"{""object_names"": [""EARLY THEODOLITE""], ""makers"": [""T. H. Court, Esq.""], ""organisations/institutions"": [""Meteorology Catalogue"", ""S.M.""], ""dates"": [""1922"", ""1918""], ""places"": [], ""descriptions"": [""In this instrument, which was probably made in the early 17th century, only one pair of fixed sights is provided, defining a horizontal line when the instrument is suspended from the ring attached to its circumference."", ""The diameter of the graduated circle is 10 in., and the movable alidade carries the usual slit sights and terminates in pointers."", ""There is a circular ring on one arm of the instrument which probably supported a magnetic compass."", ""The circle is graduated in degrees in four sets from 0\u00b0 to 90\u00b0."", ""On the back of the instrument is attached a socket with a fixing screw for receiving the head of a stand."", ""The suspension ring is specially jointed to permit the plane of the circle to hang freely vertical.""], ""other"": [""Plate III, Fig. 2, p. 56"", ""Inv. 1918-126""]}","{""object_names"": [""Simple theodolite""], ""makers"": [""Unknown maker""], ""organisations/institutions"": [""Science Museum Group Collections Online""], ""dates"": [""1600-1630""], ""places"": [""England""], ""descriptions"": [""Surveying simple theodolite"", ""simple theodolite 1600-1630 England Unknown maker""], ""other"": []}"
137,13,6,1,1,0,1,0,1,2,1,1,1,8,1,1,0,"{""object_names"": [""COMBINED GRAPHOMETER, SECTOR AND COMPASSES""], ""makers"": [], ""organisations/institutions"": [], ""dates"": [""Late 16th or early 17th century""], ""places"": [""Italian make""], ""descriptions"": [""instrument of Italian make"", ""constructed in the late 16th or early 17th century"", ""consists of a graphometer whose alidades are fitted with points to serve as compasses"", ""have various scales engraved on them corresponding to those usually found on sectors"", ""used in measuring lines, setting off angles, taking weights of spherical shot, etc."", ""A small magnetic compass is attached to the junction of the two alidades."", ""There is no evidence that this instrument was fitted to a stand, and it was presumably employed in conjunction with a plane table, on which it rested when angles were observed."", ""The semicircle is graduated in degrees, and is 6.5 in. in diam. The sights on the alidades are 8 in. apart.""], ""other"": [""Inv. 1880-202""]}","{""object_names"": [""Graphometer""], ""makers"": [""Unknown maker""], ""organisations/institutions"": [""Science Museum Group Collections Online""], ""dates"": [""1701-1800""], ""places"": [""Italy""], ""descriptions"": [""Surveying graphometer""], ""other"": []}"
138,15,8,1,2,0,1,0,1,1,1,1,1,11,2,1,0,"{""object_names"": [""IPODIMETER""], ""makers"": [], ""organisations/institutions"": [], ""dates"": [], ""places"": [""Continental""], ""descriptions"": [""17th-century theodolite of Continental design"", ""alidade being mounted near the edge of the circle"", ""connected to a centrally mounted parallel index arm used to read the circle"", ""circle has a diameter of 6 1/4 in."", ""2 1/4-in. compass box is centrally fixed above the movable index arm"", ""circle is divided on its outer edge into 360 degrees"", ""concentric circle, of 5 in. diam., divided into 320 parts"", ""also read by the diametral index arm"", ""Each circle is divided into octants and the divisions of each octant numbered in the clockwise sense from 0 to 45 on the outer circle and from 0 to 40 on the inner"", ""outer octants are successively designated by the letters T, G, L, S, O, A, P, M, which are the initial letters of the old Italian names for the compass points"", ""inner octants each commence at the central points of the outer ones, and are named Septentrio, Aquilo, Solanus, Eurus, Auster, Africus, Favonius, and Chaurus respectively, which are the old Latin titles for the winds corresponding to the cardinal points"", ""central index arm has bevelled edges at each extremity for reading the divisions"", ""alidade is about 9 in. long"", ""folding combined back and foresights at each end"", ""rotates with the index arm about the axis of the circle"", ""compass box, fixed to the circle above the index arm, has its base divided into octants, but no subdivisions""], ""other"": [""Inv. 1908-122""]}","{""object_names"": [""circumferentor"", ""circumferentor (\""ipodimeter\"")""], ""makers"": [""Unknown maker""], ""organisations/institutions"": [""Science Museum Group Collections Online""], ""dates"": [], ""places"": [""Italy""], ""descriptions"": [""Italian off-set circumferentor"", ""with eccentric alidade"", ""Surveying circumferentor""], ""other"": []}"
139,21,8,1,4,1,1,1,1,1,1,1,1,15,0,1,0,"{""object_names"": [""GRAPHOMETER""], ""makers"": [""Christoff Kohler""], ""organisations/institutions"": [""Meteorology Catalogue""], ""dates"": [""1922""], ""places"": [""Dresden""], ""descriptions"": [""combined graphometer, or surveying semicircle, and clinometer"", ""graduated semicircle can be detached from the frame and used as a protractor for plotting the angles in the field"", ""A compass is attached to the frame for orienting the instrument"", ""the whole is attached to a stand by means of a double-knuckled joint, permitting it to be set in any plane"", ""It can also rotate as a whole in that plane"", ""The semicircle has one fixed and one movable alidade"", ""semicircle is 5 in. in diam"", ""graduated in degrees"", ""has a diagonal scale enabling it to read to 5\u2032"", ""particularly interesting as showing that the much simpler vernier system was not yet in general use, although invented over 30 years previously"", ""compass ring has a diameter of 1 1/4 in."", ""compass ring is graduated in degrees"", ""On the back of the plate carrying it is a simple quadrant pendulum clinometer, also graduated in degrees"", ""provided with \u201cUmbra Versa\u201d and \u201cUmbra Recta\u201d scales for measuring heights"", ""The clinometer is attached to an alidade, which is connected to the semicircle by a spring clip and can be disconnected for taking altitudes""], ""other"": [""Inv. 1894-106""]}","{""object_names"": [""Combined graphometer and plummet clinometer"", ""Surveying graphometer"", ""clinometer"", ""graphometer""], ""makers"": [], ""organisations/institutions"": [""Science Museum Group Collections Online""], ""dates"": [], ""places"": [""Germany""], ""descriptions"": [], ""other"": [""1663""]}"
140,13,13,1,2,1,2,1,1,1,1,1,1,7,4,1,2,"{""object_names"": [""EARLY SURVEYING QUADRANT""], ""makers"": [], ""organisations/institutions"": [""Meteorology Catalogue""], ""dates"": [], ""places"": [], ""descriptions"": [""radius of 6 in."", ""graduated in half-degrees"", ""vernier arc covering 31' and divided into 60 parts"", ""angles can be measured to the nearest half-minute"", ""index arm carrying this vernier is pivoted at the centre of the quadrant"", ""carries three folding sights, one at its centre and the other two at the ends of its arc"", ""Two similar sights are fixed at the ends of the quadrant arc"", ""attached to a socket for fixing it upon a stand by a ball and socket joint permitting it to be set in any plane, including the vertical""], ""other"": [""Inv. 1880-200""]}","{""object_names"": [""Surveying quadrant"", ""surveying quadrant""], ""makers"": [""J. Lusuerg"", ""Lusuerg, Jacobus""], ""organisations/institutions"": [""Science Museum Group Collections Online""], ""dates"": [], ""places"": [], ""descriptions"": [""with sights, plotting scales and gunnery scale on the obverse""], ""other"": [""Vernier, P.; Francesco II d'Este, Duke of Modena and Reggio"", ""Italy""]}"
141,10,10,1,1,1,1,0,0,1,1,2,3,4,4,1,0,"{""object_names"": [""EARLY THEODOLITE""], ""makers"": [""Joannes Macarius""], ""organisations/institutions"": [], ""dates"": [""1676""], ""places"": [""Mirandola (Modena)"", ""Modena""], ""descriptions"": [""circle of 12 in. diam., graduated every 10' and read by a vernier on the alidade to 1'"", ""2-in. compass is fixed at the centre of the circle and has its ring divided in degrees"", ""very fine example of an early theodolite""], ""other"": [""Inv. 1880-195""]}","{""object_names"": [""Simple theodolite""], ""makers"": [""Johannes Macarius""], ""organisations/institutions"": [], ""dates"": [""1676""], ""places"": [""Modena, Modena, Emilia-Romagna, Italy"", ""Modena, Emilia-Romagna, Italy""], ""descriptions"": [""Surveying simple theodolite"", ""magnetic compass""], ""other"": []}"
142,8,8,1,1,1,1,0,1,1,1,0,2,4,2,1,0,"{""object_names"": [], ""makers"": [], ""organisations/institutions"": [], ""dates"": [], ""places"": [], ""descriptions"": [""This instrument consists of one fixed and one movable alidade, each provided with sights, intersecting each other at the centre of a semicircle graduated to read half-degrees."", ""The whole is mounted upon a ball and socket joint, and can be used to measure angles in any plane.""], ""other"": [""Inv. 1892-9""]}","{""object_names"": [], ""makers"": [], ""organisations/institutions"": [""Science Museum Group Collections Online""], ""dates"": [], ""places"": [""Vienna"", ""Wien, Austria""], ""descriptions"": [""Surveying graphometer"", ""Graphometer""], ""other"": []}"
143,26,12,1,1,1,1,1,1,2,1,2,4,18,3,1,1,"{""object_names"": [""EARLY CIRCUMFERENTOR""], ""makers"": [""Lusu\u00e9rg""], ""organisations/institutions"": [""Duke of Modena""], ""dates"": [""1686""], ""places"": [""Rome""], ""descriptions"": [""exhibits many characteristics of that period"", ""alidade plate is square"", ""can be detached from its support and employed as a protractor"", ""On it are engraved three concentric graduated circles, of diameters 8 in., 7 in. and 3 in."", ""The outer circle is divided in degrees, with two sets of numberings."", ""The central circle is a \"" Scala altimetra,\"" or tangent scale, for measuring heights"", ""the inner circle is divided into 32 parts corresponding to the points of the compass."", ""The movable alidade carries a 2 1/4-in. compass box, and is pivoted at the centre of the plate."", ""At one end is a vernier arc which moves over the outer graduated circle, and reads this to single minutes, the 60 divisions of the vernier extending over 61\u00b0."", ""The fixed and movable sights have circular apertures, with vertical slits above their centres, and are carved and ornamentally engraved."", ""Two edges of the square plate are parallel to the two fixed sights, which can be folded down upon the plate when not in use."", ""The conical socket for attaching the instrument to its stand has a ball and socket joint permitting the alidade plate to be set in any plane, including the vertical."", ""It is kept in position by the friction of the joint, there being no clamping screw."", ""The compass plate is graduated in degrees, numbered left and right from the N. and S. points from 0\u00b0 to 90\u00b0."", ""A compass rose indicating the 32 main points is engraved inside the circle."", ""On the back of the alidade plate are engraved a clinometer scale for use of artillery"", ""and the inscription \""Jacobus Lussorg Mutinensis Faciebat Romae A\u00b0 1686\"""", ""with the arms and coronet of the Duke of Modena.""], ""other"": [""Inv. 1880-199""]}","{""object_names"": [""Circumferentor""], ""makers"": [""J. Lusuerg"", ""Lusuerg, Jacobus""], ""organisations/institutions"": [""Science Museum Group Collections Online""], ""dates"": [""1686""], ""places"": [""Italy"", ""Roma"", ""Lazio""], ""descriptions"": [""in brass"", ""Surveying circumferentor""], ""other"": [""Italian""]}"
144,16,11,1,1,1,1,2,2,1,1,0,4,8,2,3,0,"{""object_names"": [""CIRCUMFERENTOR""], ""makers"": [], ""organisations/institutions"": [""Meteorology Catalogue"", ""L.S.""], ""dates"": [""1922""], ""places"": [], ""descriptions"": [""This early 18th-century example is typical of the circumferentor of that period."", ""It is a combined theodolite\u2014having a graduated limb of 11 in. diam., reading by vernier to 5'\u2014and compass, with a 6-in. needle reading to half-degrees."", ""The theodolite limb is graduated in single degrees in the clockwise sense from 0\u00b0 to 360\u00b0, and carries a pair of fixed sights, each with a slit and window for sighting both ways, at its 0\u00b0 and 180\u00b0 marks."", ""The movable alidade, carrying a similar pair of sights, has a vernier at one end reading to 5' and a central fiducial mark at the other end."", ""The compass box is fixed to this alidade with its N. point above the zero of the vernier."", ""The compass ring is graduated consecutively in half-degrees from 0\u00b0 to 360\u00b0 in a counter-clockwise sense, so that the position of the N. end of the needle gives the magnetic bearing of the alidade sights."", ""Both pairs of sights are employed when the instrument is used as a theodolite, but only the alidade sights when taking magnetic bearings."", ""The instrument is mounted upon a tripod when in use.""], ""other"": [""Fig. 1, p. 67"", ""Inv. 1914-561"", ""S.M. 937""]}","{""object_names"": [""Simple theodolite""], ""makers"": [], ""organisations/institutions"": [""Science Museum Group Collections Online"", ""museum""], ""dates"": [""1731-1747""], ""places"": [""Fleet Street"", ""London"", ""England"", ""United Kingdom""], ""descriptions"": [""Surveying simple theodolite"", ""simple theodolite""], ""other"": []}"
145,21,10,1,1,1,1,1,3,1,1,1,2,15,2,1,0,"{""object_names"": [""CIRCUMFERENTOR""], ""makers"": [""J. Howard""], ""organisations/institutions"": [""Meteorology Catalogue""], ""dates"": [""Early 18th-century""], ""places"": [""London""], ""descriptions"": [""10 1/4-in. graduated circle, reading by vernier to 5'"", ""vernier is attached at one end of the movable alidade"", ""movable alidade, to which is also fixed the compass ring"", ""compass ring, which has a 6-in. diam. and is graduated in degrees"", ""sights on the movable alidade, and those fixed on the large circle are each fitted with both slits and vertical wires"", ""can be used either as back or fore sights"", ""sufficiently high to permit the measurement of angles in the horizontal plane"", ""whole instrument is designed for such measurements, and not for determining angles in any plane"", ""outer circle is graduated in degrees, and reads from 0\u00b0 to 360\u00b0 in a clockwise sense"", ""fixed sights are attached at the 0\u00b0 and 180\u00b0 points"", ""compass ring has two sets of graduations, one set reading degrees from 0\u00b0 to 360\u00b0 in a counter-clockwise sense"", ""other set giving every 10\u00b0 only from 0\u00b0 to 90\u00b0 in each quadrant, the N. and S. points being the zero points"", ""eight main points of the compass are likewise indicated"", ""whole instrument fits upon a stand by means of a socket fixed on the back of the large circle""], ""other"": [""Inv. 1913-257""]}","{""object_names"": [""Simple theodolite""], ""makers"": [""J. Howard, Charing Cross, London, England"", ""Howard, John""], ""organisations/institutions"": [""Science Museum Group Collections Online"", ""Charing Cross"", ""City of Westminster"", ""England"", ""United Kingdom""], ""dates"": [""1690-1725""], ""places"": [], ""descriptions"": [""Surveying simple theodolite""], ""other"": []}"
146,12,9,1,1,1,1,0,1,1,1,1,3,7,2,1,0,"{""object_names"": [""graphometer, or surveying semicircle""], ""makers"": [], ""organisations/institutions"": [], ""dates"": [""Early 18th-century""], ""places"": [""France""], ""descriptions"": [""much used in France in preference to the English theodolite"", ""It has a diameter of 11 in."", ""graduated in degrees, read by vernier on the rotating alidade to 5'."", ""A 3-in. compass, with its ring divided in degrees, is mounted eccentrically on the semicircle."", ""Combined slit and wire sights are fixed at opposite ends of the diameter of the semicircle, and their orientation determined by means of the compass."", ""A similar pair of sights is attached to the alidade, which rotates about the centre of the semicircle, and has bevelled verniers at each end."", ""The axis of the semicircle terminates below in a spherical ball and socket arrangement for mounting the instrument on a tripod and setting its semicircle in any plane."", ""The graduations of the semicircle are numbered both ways from 0\u00b0 to 180\u00b0, those of the compass ring in four quadrants, with the zeros at the N. and S. points."", ""The compass needle is supplied with a lifting needle for clamping it to the top of its box when transporting the instrument.""], ""other"": [""Inv. 1908-118""]}","{""object_names"": [""Graphometer with magnetic compass""], ""makers"": [""Henry Macquart""], ""organisations/institutions"": [""Science Museum Group""], ""dates"": [""1710-1720""], ""places"": [""Paris"", ""Ville de Paris"", ""\u00cele-de-France""], ""descriptions"": [""fixed & movable alidade"", ""Surveying graphometer""], ""other"": []}"
147,19,12,1,1,1,1,1,2,2,1,1,4,12,3,1,0,"{""object_names"": [""CIRCUMFERENTOR""], ""makers"": [""Baradelle""], ""organisations/institutions"": [""Meteorology Catalogue""], ""dates"": [""towards the end of the 18th century""], ""places"": [""Paris""], ""descriptions"": [""compass has a diameter of 1\u00bd in. and is graduated only at the eight cardinal points"", ""arranged for a magnetic variation of 16\u00b0 W"", ""main circle has a diameter of 6 in. and is graduated in degrees, numbered both ways from 0\u00b0 to 180\u00b0 from the diameter underneath the pair of fixed sights"", ""alidade carrying the movable sights is fixed to the compass box and rotates with it about the vertical axis"", ""compass needle is pivoted upon a plate fixed to the horizontal circle"", ""no verniers, but only bevelled reading edges, on the alidade"", ""sights are not suited for sighting both ways, but consist of a simple slit backsight on one end of the alidade and a wire foresight at the other end"", ""graduated circle can be set in any desired plane by means of a ball and socket joint connecting it to the stand"", ""constructed towards the end of the 18th century"", ""In this instrument"", ""the compass"", ""the main circle""], ""other"": [""Inv. 1908-119""]}","{""object_names"": [""Simple theodolite""], ""makers"": [""Baradelle family""], ""organisations/institutions"": [""Science Museum Group Collections Online"", ""Ville de Paris""], ""dates"": [""1752-1800""], ""places"": [""\u00cele-de-France"", ""France"", ""Paris"", ""French""], ""descriptions"": [""Simple theodolite with magnetc compass, fixed and movable alidade"", ""Surveying simple theodolite"", ""simple theodolite""], ""other"": []}"
148,16,10,1,2,1,1,0,1,2,1,0,2,11,3,1,0,"{""object_names"": [""CIRCUMFERENTOR""], ""makers"": [], ""organisations/institutions"": [], ""dates"": [""about the end of the 18th century"", ""about the end of the 18th century""], ""places"": [], ""descriptions"": [""This instrument, made about the end of the 18th century, is a good example of the circumferentor of that period."", ""It has two small spirit levels fixed in the base of the compass box for setting the instrument horizontal."", ""The 6-in. circle is graduated in degrees in the clockwise sense from 0\u00b0 to 360\u00b0, and read by the vernier at one end of the alidade to 3'."", ""The compass ring, with a 4-in. needle, is graduated in degrees in the counter-clockwise sense from 0\u00b0 to 360\u00b0."", ""Both fixed and movable sights are provided with slits and windows for sighting in either direction."", ""The small spirit levels upon the base of the compass box were not considered necessary by the makers, but were provided owing to the wishes of many surveyors."", ""The socket attached to the base does not appear to have the customary screw for clamping the instrument to its tripod."", ""Surveying circumferentor"", ""magnetic compass"", ""circumferentor"", ""magnetic compass""], ""other"": [""Inv. 1912-308""]}","{""object_names"": [""Surveying circumferentor"", ""magnetic compass""], ""makers"": [], ""organisations/institutions"": [""Science Museum Group Collections Online""], ""dates"": [""1792-1800""], ""places"": [""135 Holborn, London, England"", ""Holborn, London, England, United Kingdom""], ""descriptions"": [""Surveying circumferentor; magnetic compass; circumferentor; magnetic compass""], ""other"": []}"
149,18,11,1,1,1,1,3,3,2,1,0,3,8,2,3,0,"{""object_names"": [""EARLY ALTAZIMUTH THEODOLITE""], ""makers"": [], ""organisations/institutions"": [""Meteorology Catalogue"", ""S.M."", ""L.S.""], ""dates"": [""early part of the 18th century""], ""places"": [], ""descriptions"": [""illustrates a fundamental stage in the development of the theodolite"", ""Upon the alidade of a \u201ccommon theodolite\u201d of the type very generally used in the 17th century, is mounted a fixed graduated vertical arc"", ""A telescope upon which is fixed a longitudinal spirit level, carries a vernier arm which traverses the graduated arc as the telescope rotates, and thus measures the altitude of the object sighted at the same time as the alidade measures its azimuth"", ""horizontal circle in this instrument has a diameter of 10 in. and is graduated in degrees, numbered from 0\u00b0 to 260\u00b0 in the clockwise sense"", ""alidade has a vernier at one extremity reading the horizontal circle to 5'"", ""5-in. compass box is mounted centrally upon this alidade and gives magnetic bearings in single degrees"", ""vertical arc is graduated in degrees, with the zero at the point vertically beneath the telescope axis, and reads by vernier to 10'"", ""Altitude angles up to 40\u00b0 of elevation or depression can be measured"", ""telescope has a focal length of 8 in., an aperture of 1 in., and an erecting eyepiece with a simple cross-wire diaphragm"", ""spirit level is rigidly attached to the telescope tube"", ""instrument is attached to its tripod by means of a socket fixed beneath the centre of the horizontal circle""], ""other"": [""Presented by P. A. Newton, Esq."", ""Inv. 1918-240""]}","{""object_names"": [""Altazimuth theodolite with level""], ""makers"": [], ""organisations/institutions"": [""Science Museum Group Collections Online""], ""dates"": [], ""places"": [""Fleet Street, London"", ""Fleet Street, City of London, England, United Kingdom""], ""descriptions"": [""Surveying theodolite""], ""other"": [""10 inch""]}"
150,24,7,1,1,2,1,2,1,1,1,0,2,15,1,3,0,"{""object_names"": [""EARLY ALTAZIMUTH THEODOLITE""], ""makers"": [""T. H. Court, Esq.""], ""organisations/institutions"": [""S.M.""], ""dates"": [""early 18th-century""], ""places"": [], ""descriptions"": [""generally regarded as the most expert"", ""design of altazimuth theodolite, of which the instrument exhibited is typical, remained the standard until Ramsden\u2019s time"", ""example has a $4\frac{1}{2}$-in. horizontal circle, graduated in degrees and read by three symmetrically placed verniers to 6'"", ""vertical arc, reading angles up to 70\u00b0 of elevation or depression, has a radius of 2 in. and is similarly graduated and read by a single vernier centrally placed on the horizontal vernier plate"", ""Both circles have toothed edges, in which engage pinion wheels, the motion of rotation being effected by turning these pinions"", ""telescope is attached above the vertical arc by screw bearings which permit it to be adjusted to sight horizontally when the vertical arc reads zero"", ""small spirit level fixed above the telescope, and a smaller one rigidly joined to the vertical arc enable this adjustment to be effected"", ""horizontal axis of rotation of the vertical arc and telescope rests on standards projecting from the central plate carrying the three horizontal vernier arms"", ""one of these is attached a clamp and screw which regulates the friction between the movable vernier plate and the fixed horizontal circle"", ""another vernier arm is fixed the axis of rotation of the pinion wheel which engages in the teeth of the horizontal circle"", ""Beneath the horizontal circle is screwed a compass box of 4 in. diameter"", ""compass ring is not graduated, but has index marks beneath the o\u00b0 and the 180\u00b0 graduations of the horizontal circle"", ""This enables the instrument to be oriented"", ""conical socket for attaching the theodolite to a staff, or to a levelling device consisting of two parallel plates and four levelling screws, is fixed beneath the compass box"", ""telescope has a fixed objective of $\frac{3}{4}$-in. aperture, and a sliding Huygens ocular, with a simple fixed cross-wire diaphragm""], ""other"": [""Inv. 1921-588"", ""1922"", ""Lent by""]}","{""object_names"": [""Altazimuth theodolite""], ""makers"": [""Jonathan Sisson""], ""organisations/institutions"": [""Science Museum Group""], ""dates"": [""1725-1747""], ""places"": [""Styrand, London, England""], ""descriptions"": [""Surveying theodolite; theodolite""], ""other"": []}"
151,13,12,1,4,1,1,0,1,1,1,0,3,9,2,1,0,"{""object_names"": [""EARLY ALTAZIMUTH THEODOLITE""], ""makers"": [""Cole""], ""organisations/institutions"": [], ""dates"": [""about 1760""], ""places"": [], ""descriptions"": [""This instrument was probably constructed about 1760 and resembles the adjacent theodolite made by Wright."", ""The vertical arc is fixed to the alidade, and the vernier to the telescope."", ""The 8-in. horizontal circle is graduated in degrees and read to 5' by means of a vernier scale on the alidade."", ""The vertical arc has a radius of 3 in. and is graduated in degrees up to 50\u00b0 on each side of the zero."", ""It also is read to 5' by its vernier."", ""The 4-in. compass mounted on the alidade is graduated in degrees in the counter clockwise sense."", ""The telescope of 10-in. focal length and 0.5-in. aperture, has a single lens, draw-focussing eyepiece and a simple cross-wire diaphragm."", ""Spirit levels are fixed on the telescope tube and the base of the compass box."", ""The two parallel plates for fixing the instrument to its tripod are connected by four levelling screws and a spherical joint.""], ""other"": [""Inv. 1910-125""]}","{""object_names"": [""Altazimuth theodolite"", ""Surveying altazimuth"", ""theodolite"", ""altazimuth""], ""makers"": [""Benjamin Cole & Son""], ""organisations/institutions"": [""Science Museum Group Collections Online""], ""dates"": [""1755-1765""], ""places"": [""London"", ""Fleet Street, City of London"", ""England, United Kingdom""], ""descriptions"": [""Without wooden tripod base."", ""Benjamin Cole & Son""], ""other"": []}"
152,20,10,1,1,1,1,3,1,1,1,0,2,10,3,4,1,"{""object_names"": [], ""makers"": [], ""organisations/institutions"": [""G. Adams"", ""T. H. Court, Esq."", ""L.S.""], ""dates"": [], ""places"": [], ""descriptions"": [""the alidade is replaced by a circular plate carrying two widely separated standards upon which is mounted the horizontal axis of rotation"", ""The vertical semicircle is fixed to this axis, whilst the vernier is fixed on the circular plate"", ""The telescope rests in jointed rings attached above the semicircle"", ""The 7-in. horizontal circle is graduated in degrees, and read by a vernier scale on the alidade plate to 5'"", ""The vertical semicircle is of the same diam. and is graduated in degrees on one side, with scales of feet and links on the other"", ""It is also read by vernier to 5', and can measure angles up to 60\u00b0 on either side of the vertical"", ""The compass fixed on the alidade plate has a diam. of 3 in. and is graduated in degrees"", ""The telescope, of 7-in. focal length and 0.5-in. aperture, has a single-lens, draw-focussing eyepiece"", ""A spirit level is fixed by adjustable screws beneath the telescope tube, parallel to its axis"", ""The horizontal circle is attached by a clamping screw to the upper of two parallel plates, which are connected to each other by four levelling screws and a spherical joint""], ""other"": [""Inv. 1917-104"", ""S.M. 950""]}","{""object_names"": [], ""makers"": [], ""organisations/institutions"": [""Science Museum Group Collections Online""], ""dates"": [], ""places"": [""London, England, UK""], ""descriptions"": [""Surveying theodolite; theodolite"", ""Adams, George, 1709-1772""], ""other"": []}"
153,15,9,1,2,1,1,1,1,1,1,0,1,10,2,1,0,"{""object_names"": [""ALTAZIMUTH THEODOLITE""], ""makers"": [], ""organisations/institutions"": [""Meteorology Catalogue""], ""dates"": [""towards the end of the 18th century""], ""places"": [], ""descriptions"": [""illustrates the many improvements in design due to Ramsden"", ""alidade and horizontal plates have their graduated edges bevelled to facilitate reading"", ""supported by accurately made conical axes"", ""tangent clamp and slow-motion screw control the horizontal motion"", ""ball and socket joint connecting the two parallel plates of the levelling attachment is very solidly and accurately constructed"", ""telescope has an achromatic, rack-focussing objective lens of 8\u00b75-in. focal length and 1-in. aperture, and an erecting eyepiece"", ""rests in Y-s attached to the ends of the vertical semicircle"", ""vertical semicircle has a radius of 3 in. and is graduated on one face in half-degrees"", ""arc is read by a fixed vernier to 1\u2032, and used to measure angles of elevation or depression up to 60\u00b0"", ""7-in. horizontal circle is divided in half-degrees and read by two opposing verniers to 1\u2032"", ""compass box, has a 3-in. ring graduated in degrees and a sensitive needle which can be lifted from its pivot by means of a lever when required"", ""box is mounted between the telescope standards upon an adjustable stage, which is connected to the horizontal vernier plate by capstan-headed screws"", ""Spirit levels are mounted on the telescope and the vernier plate""], ""other"": [""Lent by T. H. Court, Esq."", ""Inv. 1913-571""]}","{""object_names"": [""Surveying theodolite"", ""theodolite""], ""makers"": [], ""organisations/institutions"": [""Science Museum Group Collections Online""], ""dates"": [], ""places"": [""England""], ""descriptions"": [""with metal component""], ""other"": []}"
154,17,8,1,2,1,2,1,1,1,1,0,0,12,2,1,0,"{""object_names"": [], ""makers"": [], ""organisations/institutions"": [""Meteorology Catalogue""], ""dates"": [], ""places"": [], ""descriptions"": [""instrument was made in the early part of the 19th century, and in details resembles the adjacent example made by Ramsden."", ""supplementary telescope used for keeping the back-set station in view."", ""horizontal circle and vertical semicircle have diameters of 7 in., are graduated in half-degrees, and read by vernier to single minutes."", ""Both are rotated by rack and pinion movements."", ""tangent clamp and slow-motion screw to the horizontal circle."", ""telescope rests in Y-s attached to the vertical arc, and moves with this."", ""standards supporting the horizontal axis of rotation are fixed upon an adjustable stage, attached to the alidade plate by three capstan-headed screws."", ""This stage carries the compass box, which has a 3-in. ring, graduated in degrees."", ""The two telescopes are of precisely similar optical construction."", ""Each has a 7-in. achromatic objective, with a 1\u00b72-in. aperture, and a rack and pinion-focussing mechanism."", ""Their eyepieces are erecting and consist of four lenses, with a draw-focussing mechanism."", ""The supplementary telescope has a full azimuthal motion round the vertical axis of the instrument, and a small altitude movement."", ""construction of the parallel plate mounting is of the usual Ramsden type, with four levelling screws."", ""longitudinal spirit level fixed in adjustable bearings beneath the telescope, and two levels with their axes at right angles on the alidade plate.""], ""other"": [""Inv. 1909-138.""]}","{""object_names"": [""Surveying theodolite"", ""theodolite""], ""makers"": [""Edward Troughton""], ""organisations/institutions"": [], ""dates"": [], ""places"": [], ""descriptions"": [""7 inch altazimuth theodolite""], ""other"": []}"
155,16,10,1,1,1,2,0,1,1,1,0,3,12,1,1,1,"{""object_names"": [""ALTAZIMUTH THEODOLITE""], ""makers"": [""W. Harris""], ""organisations/institutions"": [], ""dates"": [""middle of the 19th century""], ""places"": [], ""descriptions"": [""This instrument, although made in the middle of the 19th century, retains most of the features characterising the Ramsden type of theodolite."", ""Tangent clamps and slow-motion screws replace the Ramsden rack and pinion movements for both horizontal and vertical circles, and small reading microscopes are provided near the verniers."", ""The supporting standards for the horizontal axis of rotation are not mounted upon an adjustable stage, as in Ramsden\u2019s instruments, but are fixed directly to the alidade plate."", ""The horizontal circle has a diameter of 6 in."", ""the vertical semicircle one of 5 in."", ""Both are graduated in half-degrees and read by vernier to 1'."", ""The telescope is mounted in Ys attached to the vertical arc."", ""It has a 9-in. achromatic objective, with a 1-in. aperture and a rack-focussing arrangement."", ""The eyepiece is erecting, with four lenses, and a draw-focussing mechanism."", ""The diaphragm has one vertical and one horizontal wire."", ""A sensitive longitudinal spirit level is fixed in adjustable bearings beneath the telescope."", ""On the alidade there are two smaller levels at right angles to each other, and a 3-in. compass graduated in degrees."", ""The parallel plates are of the usual Ramsden type, with four levelling screws.""], ""other"": [""Inv. 1872-80""]}","{""object_names"": [""Altazimuth theodolite"", ""Surveying theodolite; theodolite""], ""makers"": [""W. Harris and Co.""], ""organisations/institutions"": [""Science Museum Group Collections Online""], ""dates"": [""1813-1839""], ""places"": [""British"", ""London, England"", ""United Kingdom""], ""descriptions"": [""with accessories"", ""6 inch""], ""other"": []}"
156,30,7,2,2,1,1,1,1,1,1,1,0,23,1,1,1,"{""object_names"": [""ALTAZIMUTH THEODOLITE"", ""Y-theodolite""], ""makers"": [], ""organisations/institutions"": [""Science Museum Group""], ""dates"": [], ""places"": [""London""], ""descriptions"": [""differs in many respects from the more usual Y-theodolite of the period"", ""Its telescope is rigidly attached to the horizontal axis of rotation"", ""which carries the vertical arc"", ""and rests in bearings upon two standards fixed to the rim of a case"", ""whose bottom forms the alidade"", ""This case is closed at the top by a glass cover"", ""so that the horizontal circle and compass are enclosed"", ""Reading microscopes with prism reflectors are attached to the case for reading the verniers of the horizontal circle"", ""Tangent clamps and slow-motion screws are fitted to both circles"", ""The upper part of the instrument is suspended in a gimbal mounting within a hollow cylinder screwed upon the tripod plate"", ""and can be levelled independently of the tripod by two screws threaded into the cylinder, with diametrically opposite springs"", ""These screws press against a square nut fixed to the lower end of the axial cone which carries the horizontal circle"", ""The 6-in. horizontal circle is graduated to 20' and read by vernier to 30''"", ""The 5-in. vertical arc is similarly graduated and read by vernier"", ""and has a range of 50\u00b0 on either side of the zero mark"", ""The telescope is achromatic, with a 1-in. aperture and 8-in. focal length"", ""The objective is focussed by a rack and pinion mechanism"", ""The eyepiece is a simple Ramsden inverting draw-focussing one"", ""and the diaphragm has one vertical and one horizontal wire"", ""A diagonal reflecting mirror can be attached in front of the objective for taking steep sights"", ""There is one longitudinal adjustable spirit level attached beneath the telescope"", ""and a parallel one fixed to the standards but no transverse level"", ""The alidade carries a 3-in. compass, graduated in degrees""], ""other"": [""Inv. 1914-894""]}","{""object_names"": [], ""makers"": [], ""organisations/institutions"": [], ""dates"": [], ""places"": [], ""descriptions"": [""Surveying theodolite""], ""other"": [""theodolite""]}"
157,27,12,3,3,1,1,2,1,2,1,1,3,17,2,1,1,"{""object_names"": [""ALTAZIMUTH THEODOLITE (Everest Type)"", ""transit instrument""], ""makers"": [], ""organisations/institutions"": [""Ordnance Survey"", ""British and Indian Survey departments""], ""dates"": [""1922"", ""about the year 1835""], ""places"": [], ""descriptions"": [""Although not possessing the advantage of a transit instrument, has been much used by the British and Indian Survey departments since its inception"", ""due to Sir George (then Captain) Everest"", ""5-in. model"", ""horizontal circle and vertical arcs being graduated to 20' and read by two opposing verniers to 30''"", ""In the Everest type of theodolite two opposing vertical arcs are used instead of a complete vertical circle"", ""horizontal axis to which the telescope and arcs are fixed, is mounted upon two short standards projecting from a central pillar, supported on the horizontal vernier plate"", ""The vernier bracket and attached spirit level are mounted on the axis, and are clamped to one standard by opposing screws"", ""Two perpendicular spirit levels are likewise mounted on the horizontal vernier plate"", ""The horizontal circle has a bevelled graduated edge and a separate mounting on the vertical axis cone"", ""Thus the vernier plate and circle have independent motions, controlled by clamps and tangent screws, for repeating azimuth angles"", ""All verniers are provided with reading microscopes"", ""The instrument has a tribrach mounting, the feet of the three levelling screws resting in grooves in a trivet plate and being locked therein by a spring-controlled locking plate\u2014also a feature of the original Everest design"", ""The telescope has a rack-focussing objective of 1\u00b72-in. aperture and 9-in. focal length"", ""slide-focussing Ramsden eyepiece"", ""Owing to the low standards, angles of elevation beyond 30\u00b0 and of depression beyond 45\u00b0 cannot be measured, as the telescope then fouls the horizontal plates"", ""The vertical arcs consequently only extend about 50\u00b0 on each side of the horizontal zeros""], ""other"": [""Inv. 1895-49""]}","{""object_names"": [""Surveying theodolite""], ""makers"": [], ""organisations/institutions"": [], ""dates"": [], ""places"": [""York, England"", ""United Kingdom""], ""descriptions"": [""with case"", ""5-inch""], ""other"": []}"
158,19,10,1,1,1,1,0,1,1,1,0,4,15,2,1,0,"{""object_names"": [""TRANSIT THEODOLITE""], ""makers"": [""Troughton & Simms""], ""organisations/institutions"": [], ""dates"": [""Early part of the 19th century""], ""places"": [], ""descriptions"": [""The introduction of the transit principle into medium and small-sized theodolites in England took place in the early part of the 19th century. This exhibit is an early example of such a theodolite."", ""Below the horizontal circle it resembles Ramsden's Y-theodolite, but the upper part has standards sufficiently high to permit the telescope to transit at either end."", ""Both horizontal and vertical circles are 6 in. diam., divided on silver to 10\u2032 and read by opposing verniers to 10\u2033."", ""The vernier plate and horizontal circle have independent axes of rotation for repeating angles, and are bevelled at the graduations to facilitate reading."", ""Reading microscopes are provided for both circles, and also tangent clamps and slow-motion screws, as well as a similar clamp and screw connecting the vernier plate to the horizontal circle."", ""The axis of this circle rests in a conical socket attached to the upper of two parallel levelling plates, connected by four screws and a ball and socket joint."", ""The vernier plate carries a single spirit level, parallel to the transit axis, and a central circular compass box, with a 3\u00bd-in. stepped ring graduated in degrees."", ""The needle, of rectangular section with its longer side vertical, is provided with a lifting lever for clamping it."", ""The vertical circle is attached to the telescope and transit axis, and is read by horizontal verniers on a standard."", ""This bracket carries the clamp and tangent screw."", ""The other standard carries a spirit level perpendicular to the transit axis."", ""The telescope, fixed in the centre of the transit axis, has a rack-focussing objective of 1\u22c55-in. aperture and 10-in. focal length, a fixed diaphragm having one vertical and three equidistant horizontal wires, and a slide-focussing Ramsden eyepiece."", ""A sensitive spirit level is mounted parallel to the axis of the telescope."", ""medium and small-sized theodolites"", ""Ramsden's Y-theodolite""], ""other"": [""Inv. 1909-137""]}","{""object_names"": [""Transit theodolite""], ""makers"": [""Troughton & Simms""], ""organisations/institutions"": [""Science Museum Group Collections Online""], ""dates"": [""1826-1850""], ""places"": [""Fleet Street, London, England"", ""Fleet Street, City of London, London, England, United Kingdom""], ""descriptions"": [""6-inch"", ""with magnetic compass"", ""Surveying transit theodolite""], ""other"": []}"
159,18,7,1,1,1,1,1,1,1,1,0,2,13,1,1,0,"{""object_names"": [], ""makers"": [], ""organisations/institutions"": [""Admiralty""], ""dates"": [""Early part of the 19th century""], ""places"": [], ""descriptions"": [""8\u00bd-in. horizontal and the 7\u00bc-in. vertical circles are graduated every 10\u2032 and read by vernier to 10\u2033."", ""vertical circle and telescope are rigidly joined to the transit axis and rotate with it, the verniers being fixed to one standard."", ""horizontal circle and vernier plate can rotate independently about the vertical axis, for repeating azimuth angles."", ""three footscrews for levelling the instrument are fixed to the base circle of a framed stand having a central conical socket, into which fits the hollow conical axis attached beneath the horizontal circle."", ""axis of the vernier plate fits within this and is kept in position by a screw and washer fitted in its lower end and abutting against the socket in the stand."", ""vernier plate carries three symmetrically placed vernier arms, with reading microscopes suspended above their verniers, and is provided with a sensitive spirit level, with its axis perpendicular to the transit axis."", ""standards supporting the transit axis project from the vernier plate, and have Y-s at their upper ends, one of which is adjustable."", ""axis is kept in position in these Y-s by metal straps; it is hollow, and permits the telescope to be illuminated by means of a lamp supported by a bracket fixed to one standard."", ""vernier bracket for reading the vertical circle carries a spirit level parallel to its two vernier arms, for setting their zeros."", ""has a projecting piece which fits between screws fixed to the standard, and keeps the verniers stationary when the telescope and circle rotate."", ""telescope has a fixed objective of 11-in. focal length and 1\u22c58-in. clear aperture, and a central mirror for illuminating the axis at night."", ""eyepiece tube can be focussed by a rack and pinion mechanism, and carries the diaphragm, having five vertical and one horizontal threads, and the inverting, draw-focussing eye-piece, which fits in a slide permitting a slight lateral motion of the eyepiece."", ""Clamps and tangent screws for fine motion are fitted to both circles and the horizontal vernier plate.""], ""other"": [""Inv. 1876-1206""]}","{""object_names"": [], ""makers"": [], ""organisations/institutions"": [], ""dates"": [""1816-1850""], ""places"": [""62 Charing Cross, London, England"", ""Charing Cross, City of Westminster, London, England, United Kingdom""], ""descriptions"": [""Surveying transit theodolite""], ""other"": []}"
160,21,5,1,2,1,1,1,0,1,1,0,0,16,1,1,0,"{""object_names"": [""TRANSIT THEODOLITE""], ""makers"": [""Cary""], ""organisations/institutions"": [""Admiralty""], ""dates"": [""Early 19th-century""], ""places"": [], ""descriptions"": [""early 19th-century example of a medium-sized transit theodolite"", ""10-in. vertical and horizontal circles are graduated on silver every 10\u2032 and read by two opposing verniers to 10\u2033 of arc"", ""telescope transits at the eyepiece end"", ""axis can be illuminated for night reading through the hollow horizontal axis of rotation"", ""instrument is mounted upon a tribrach having three footscrews for levelling"", ""footscrews rest upon a plate screwed to the tripod head"", ""footscrews kept in position by a locking plate of the Everest pattern"", ""horizontal circle can rotate freely about the vertical axis, or can be clamped to it and rotated slowly by means of a tangent screw"", ""vernier plate can be similarly clamped to the horizontal circle, or rotated freely"", ""Reading microscopes are fixed on brackets above each vernier"", ""adjustable spirit level is fixed to the vernier plate, perpendicular to the line joining the two standards which support the vertical circle and telescope"", ""vertical circle is mounted upon the axis of rotation of the telescope"", ""vertical circle is read by verniers at the ends of a bracket fixed to one standard"", ""Reading microscopes are attached to this bracket for use with each vernier"", ""spirit level is mounted in adjustable bearings on the bracket with its axis parallel to the line joining the vernier zeros"", ""tangent clamp and slow-motion screw connects the vertical circle to one standard"", ""Upon the top of the telescope, parallel to its axis, is set a 5-in. trough compass"", ""lamp for illuminating the telescope axis rests upon a bracket fixed to one standard, with its lens opposite the end of the horizontal axis of rotation"", ""mirror in the centre of the telescope reflects the light down its axis""], ""other"": [""Inv. 1911-160""]}","{""object_names"": [""Surveying theodolite"", ""theodolite""], ""makers"": [], ""organisations/institutions"": [], ""dates"": [""1801-1850""], ""places"": [], ""descriptions"": [""10 inch transit theodolite""], ""other"": []}"
161,13,11,1,2,1,1,1,1,1,1,1,3,7,3,1,0,"{""object_names"": [], ""makers"": [], ""organisations/institutions"": [""Admiralty""], ""dates"": [], ""places"": [], ""descriptions"": [""Both horizontal and vertical circles are graduated in half-degrees and read by vernier to single minutes."", ""A trough compass is fixed above the telescope instead of the spirit-level more usually found in the Ramsden type of altazimuth."", ""The footscrews of the tribrach are designed to be inserted in a locking plate attached to the tripod, from which which the vertical axis of the instrument is completely separated.""], ""other"": [""Inv. 1911-159""]}","{""object_names"": [""Surveying transit theodolite""], ""makers"": [""Thomas Charles Robinson""], ""organisations/institutions"": [], ""dates"": [""1835-1845""], ""places"": [""British"", ""City of Westminster, London, Greater London, England, United Kingdom""], ""descriptions"": [""Fitted with striding spirit level, extra eyepiece and plumb bob."", ""5-inch""], ""other"": []}"
162,21,6,1,1,1,1,1,0,1,1,0,0,16,1,1,2,"{""object_names"": [], ""makers"": [], ""organisations/institutions"": [""Admiralty""], ""dates"": [], ""places"": [], ""descriptions"": [""middle of the 19th century"", ""6-in. vertical and horizontal circles, very finely graduated on silver to 10\u2032 of arc, and reading by vernier and microscopes to 10\u2033"", ""In general construction, it resembles rather a Borda repeating circle than an English theodolite, the whole upper part being supported by a single central pillar, so that the telescope is slightly eccentric and needs a counterpoise."", ""Both the vertical and horizontal circles can rotate independently of their verniers, so that angles can be \u201crepeated\u201d on both circles."", ""itself be clamped to the vertical axis by a tangent screw."", ""There are two verniers, with reading microscopes, rigidly attached to the telescope,"", ""Upon the same axis, but capable of independent rotation, are the vertical circle and a counterpoise circle; the axis also carries a spirit level fixed horizontally on adjustable bearings."", ""The vertical circle is clamped by a screw attached to the counterpoise, a slow-motion screw being provided."", ""A similar clamp and screw connect the vertical circle and the vernier bracket."", ""The telescope has a rack-focussing objective of aperture 1.1 in. and focal length 9.5 in."", ""The diaphragm is fixed in the telescope tube and has two wires forming an acute angled cross instead of the usual vertical wire, together with a single horizontal wire."", ""Three eyepieces are provided, all inverting: one is diagonal for taking steep sights, whilst the other two have different magnifications."", ""The instrument has a tribrach mounting, with three footscrews set in a locking plate of the Everest pattern."", ""The telescope transits at the objective end."", ""A supplementary telescope is provided and can be fixed near the edge of the horizontal circle. It is of equal dimensions with the main telescope, and is used for keeping the back station in view, and also as a test of the fixity of the horizontal circle when the upper part is rotated.""], ""other"": [""Inv. 1911-158""]}","{""object_names"": [], ""makers"": [], ""organisations/institutions"": [], ""dates"": [], ""places"": [], ""descriptions"": [""Surveying theodolites; theodolites""], ""other"": [""6 inch"", ""c.1850"", ""1849-1851""]}"
163,25,7,1,1,1,1,1,1,1,1,1,1,19,2,1,0,"{""object_names"": [], ""makers"": [], ""organisations/institutions"": [""Meteorology Catalogue""], ""dates"": [""middle of the 19th century""], ""places"": [""London""], ""descriptions"": [""highly compact transit theodolite"", ""vertical and horizontal circles of diameter 3.5 in."", ""graduated in half-degrees and read by vernier to single minutes"", ""rests on three levelling screws"", ""can be fitted within three V-shaped notches in the top of the case"", ""horizontal circle is fixed to the tribrach"", ""carries a supplementary telescope, tangential to the circle, for keeping the back station in view"", ""single central standard projects vertically from the horizontal circle"", ""serves as an axis for the hollow cylinder"", ""carries the vernier bracket for the horizontal axis at its lower extremity"", ""carries a bracket to which is fixed the vertical circle at its upper end"", ""telescope is fixed to an arm carrying opposing verniers for the vertical circle"", ""can rotate with this arm about a horizontal axis through the top of the standard"", ""spirit level is attached to the back of the vertical circle, at right angles to the standard"", ""tangent clamps and slow-motion screws are fixed to the vernier brackets of both circles"", ""magnifying lenses for facilitating the reading of the vernier"", ""three verniers to the horizontal circle, symmetrically disposed round its circumference"", ""vertical circle has two verniers at opposite ends of a diameter"", ""main and supplementary telescopes are of equal size and power"", ""objectives have a focal length of 3.5 in."", ""clear aperture of 0.6 in."", ""slide in the telescope tubes for focussing"", ""eyepieces are of the Ramsden type"", ""diaphragms fitted with cross wires are fixed inside the telescope tubes"", ""the one on the main telescope has two vertical wires and one horizontal wire"", ""diagonal eyepiece is provided for taking steep sights"", ""telescope is slightly eccentric to the vertical standard"", ""counterpoise to balance its weight is fitted on the standard""], ""other"": [""Inv. 1917-105""]}","{""object_names"": [""Portable transit theodolite""], ""makers"": [""Thomas Charles Robinson""], ""organisations/institutions"": [""Science Museum Group Collections Online""], ""dates"": [""1823-1841""], ""places"": [""78 Devonshire Street, Portland Place, London, England"", ""City of Westminster, London, Greater London, England, United Kingdom""], ""descriptions"": [""with case and accessories"", ""Surveying transit theodolite""], ""other"": []}"
164,33,8,1,1,1,1,0,0,1,1,1,2,28,2,1,0,"{""object_names"": [""TRANSIT THEODOLITE""], ""makers"": [""O. Fennel""], ""organisations/institutions"": [], ""dates"": [""about 1875""], ""places"": [""Cassel""], ""descriptions"": [""The horizontal circle in this instrument, which was made about 1875, has a separate axis with clamps and tangent screw for repeating angles, and is covered by a metal plate attached to the vernier plate."", ""It has a diameter of 14 cm. and is graduated every 20' and read by opposing verniers and reading microscopes to 20\""."", ""The reversible level fixed to the telescope has its upper and lower faces used before and after this is transited."", ""The circular metal footplates attached to the extremities of the footscrews by ball and socket joints are peculiar to German instruments."", ""They allow the theodolite to be moved over the surface of the tripod head for centring, which movement is permitted by the special arrangement for connecting the instrument and tripod."", ""The vertical circle has a diameter of 12 cm. and is graduated in half-degrees and read by a single vernier to minutes."", ""It is rigidly fixed to the transit axis and telescope."", ""This has a fixed objective of 22-cm. focal length and 3-cm. aperture, and a rack-focussing eyepiece tube, carrying the fixed diaphragm and a slide-focussing inverting eyepiece."", ""The reversible level is attached by adjustable screws parallel to the axis of the telescope."", ""Any error in adjustment between the level and telescope is automatically corrected by transiting the telescope and again levelling it after rotation horizontally through 180\u00b0."", ""An axis clamp and tangent screw for fine vertical motion is attached to one standard, the V-bearing or the axis being adjustably vertically."", ""The axis is kept in the bearings by metal straps."", ""Between the standards is a small circular spirit level, for roughly setting the plate horizontal, the final levelling being tested by the spirit level attached to the telescope."", ""The vernier plate has a clamp and tangent screw in addition to that on the horizontal circle."", ""The instrument has a tribrach mounting, with three levelling screws, and is connected to the tripod head by a central screw and spring."", ""On loosening this the theodolite can be moved laterally for centring above the station point."", ""Surveying repeating theodolite"", ""repeating theodolite"", ""Horizontal and vertical circles"", ""14 & 12cm. respectively"", ""made about 1875"", ""repeating angles"", ""vernier plate"", ""reading microscopes"", ""reversible level"", ""ball and socket joints"", ""centring"", ""tripod head"", ""transit axis"", ""fixed objective"", ""rack-focussing eyepiece tube"", ""fixed diaphragm"", ""slide-focussing inverting eyepiece"", ""adjustable screws"", ""axis of the telescope"", ""V-bearing"", ""metal straps"", ""spirit level"", ""tribrach mounting"", ""levelling screws"", ""central screw and spring""], ""other"": [""Inv. 1876-1193""]}","{""object_names"": [""Repeating Theodolite""], ""makers"": [""Fennel, Otto""], ""organisations/institutions"": [], ""dates"": [""1875""], ""places"": [""Kassel, Hesse, Germany""], ""descriptions"": [""Surveying repeating theodolite"", ""repeating theodolite""], ""other"": []}"
165,23,8,1,2,1,2,1,0,2,1,1,0,16,3,1,0,"{""object_names"": [""TRANSIT THEODOLITE""], ""makers"": [""A. & R. Hahn""], ""organisations/institutions"": [""Meteorology Catalogue""], ""dates"": [""about 1875"", ""1922""], ""places"": [""Cassel""], ""descriptions"": [""repeating theodolite"", ""resembles the adjacent one by Fennel in general construction"", ""differs, however, in having an ordinary one-sided spirit level attached to the telescope"", ""has also a Huygens, not a Ramsden, eyepiece"", ""horizontal circle has a diameter of 14 cm."", ""graduated every 20' and read by two opposing verniers and reading microscopes to 30\"""", ""vertical circle, of 10.5 cm. diam., is divided to 30' and read by opposing verniers to single minutes"", ""telescope has a fixed objective, of 2.5 cm. clear aperture and with the field lens of the eyepiece, a focal length of 23 cm."", ""eyepiece is focussed by a rack and pinion arrangement, the cross-wire diaphragm being fixed between the two lenses"", ""telescope, rigidly attached to the horizontal axis and the vertical circle, transits at the eyepiece end"", ""has a sensitive longitudinal spirit level mounted on it in adjustable bearings"", ""vertical vernier bracket is screwed to one standard, whilst the other carries the tangent screw and clamping spring for the transit axis"", ""horizontal vernier plate carries a metal cover which protects the horizontal circle and supports a central circular spirit level, and the reading microscopes"", ""There are windows in this plate above the verniers, and reflectors are attached to the microscopes for illuminating the field"", ""horizontal circle has a separate axis, with clamp and tangent screw for repetition"", ""fits in the socket fixed to the tribrach, which has three levelling screws furnished at their feet with small metal plates, to which they are connected by ball and socket joints"", ""instrument is connected to its tripod by the usual German central screw, with a flange and opposing spring which fix the instrument tightly, but on loosening the screw permit the theodolite to be displaced laterally for accurate centring over the station point""], ""other"": [""Inv. 1876-1192""]}","{""object_names"": [""Repeating Theodolite Circles"", ""Surveying theodolite circles""], ""makers"": [""Hahn, A."", ""Hahn, R.""], ""organisations/institutions"": [], ""dates"": [""1875""], ""places"": [], ""descriptions"": [""Circles 14 and 10.5cm respectively"", ""theodolite circles""], ""other"": []}"
166,23,9,1,1,1,1,0,1,2,1,1,3,17,2,1,0,"{""object_names"": [], ""makers"": [], ""organisations/institutions"": [], ""dates"": [""about 1875""], ""places"": [], ""descriptions"": [""horizontal circle and vernier plate in this instrument, which was constructed about 1875, have independent motions about the vertical axis, for repeating azimuth angles"", ""Clamps and tangent screws are provided for both circles, and for the vertical circle"", ""The horizontal and vertical circles have diameters 21 and 13 cm. respectively, are both covered, divided to 10' and read by opposing verniers and reading microscopes to 10\"""", ""The telescope is mounted centrally on the horizontal axis, and can transit at either end"", ""It has a fixed objective of aperture 3.5 cm. and focal length 25 cm."", ""and a rack-focussing eyepiece tube, carrying a fixed cross-wire diaphragm and a screw-focussing inverting eyepiece"", ""A sensitive spirit level is mounted in adjustable bearings longitudinally above the telescope"", ""and another is fixed at right angles to this on the vernier plate, between the standards"", ""The vertical circle is fixed to the telescope and transit axis, the vernier plate being fixed to one standard, and an axis clamp and tangent screw to the other"", ""The trunnions on both standards are adjustable vertically"", ""The instrument has a tribrach mounting, with three footscrews for levelling"", ""These screws have flat ball and socket jointed footplates which rest on the tripod head"", ""The attachment for fixing the theodolite to the tripod is the central screw and spring usual in German instruments, which permits a lateral adjustment of the theodolite over the station point without moving the tripod""], ""other"": [""Inv. 1876-1194""]}","{""object_names"": [""Surveyor's transit theodolite""], ""makers"": [], ""organisations/institutions"": [""Science Museum Group""], ""dates"": [""1876""], ""places"": [""Altona, Hamburg, Germany"", ""Hamburg"", ""Germany""], ""descriptions"": [""Surveying transit theodolite""], ""other"": []}"
167,18,8,1,2,1,1,1,1,1,1,1,0,12,2,1,1,"{""object_names"": [""TRANSIT THEODOLITE""], ""makers"": [""J. Wanschaff""], ""organisations/institutions"": [""Meteorology Catalogue""], ""dates"": [""1922""], ""places"": [""Berlin""], ""descriptions"": [""constructed about 1875"", ""telescope and vertical circle fixed at opposite extremities of the horizontal axis, outside the bearings"", ""arrangement reduces the height of the instrument"", ""permits the telescope to transit completely"", ""disadvantage that the telescope is not centred above the station point"", ""horizontal circle has a diameter of 16 cm., is divided to 10' and read by opposing verniers and reading microscopes to 10\"""", ""covered by a metal plate attached above the vernier plate"", ""fits fairly tightly on the vertical axis, but can be rotated independently for taking readings of an azimuth angle at various parts of the limb"", ""vernier plate has an axis clamp and tangent screw, and carries a central socket in which the vertical axis rotates"", ""horizontal bracket fixed across the top of this socket carries the bearings for the transit axis"", ""Both bearings can be adjusted on the bracket, and tested for horizontality by a sensitive striding level"", ""transit axis has a clamp and slow-motion screw to fix it to the vertical socket"", ""vertical circle has a diameter of 10\u00b75 cm., is divided to 20' and reads by opposing verniers fixed to the axis bracket and magnifying lenses to 1'"", ""telescope has a fixed objective of 2\u00b75-cm. aperture and 22-cm. focal length"", ""rack-focussing eyepiece tube carrying a fixed cross-wire diaphragm and a slide-focussing inverting eyepiece"", ""mounted on a tribrach, with three footscrews""], ""other"": [""Inv. 1876-1195""]}","{""object_names"": [""Theodolite with circles of 6 and 4 inches"", ""Spirit level for the above Surveying theodolite""], ""makers"": [""Wanschaff, J.""], ""organisations/institutions"": [""Science Museum Group Collections Online""], ""dates"": [""1876""], ""places"": [], ""descriptions"": [""with spring fastening for plummet""], ""other"": [""theodolite""]}"
168,24,9,1,1,1,1,1,1,1,1,1,2,18,3,1,0,"{""object_names"": [], ""makers"": [], ""organisations/institutions"": [""Admiralty""], ""dates"": [], ""places"": [], ""descriptions"": [""7-in. vertical and horizontal circles, graduated every 10' and reading by two opposing verniers and reading microscopes to 10\"""", ""All adjustable screws and parts are covered with wash leather to protect the operator's fingers from frost"", ""The horizontal and alidade circles are enclosed in a metal case, the verniers being covered by hinged plates"", ""Clamps and tangent screws are fitted to both circles, and to the vertical circle, which is not covered, and is fixed to the transit axis"", ""The vertical vernier bracket is clamped to a lug on one standard by opposing screws, and carries a sensitive spirit level perpendicular to the transit axis"", ""The transit axis rests in Y-bearings on the standards, one trunnion being adjustable vertically, and is kept in position by metal retaining straps; it is hollow and has a lens at one end for illuminating the telescope axis"", ""The telescope is rigidly fixed to this axis and transits at the eyepiece end only"", ""It has an objective of 11-in. focal length and 1\u00b75-in. aperture, focussed by a rack and pinion mechanism controlled from the eyepiece end"", ""The diaphragm has one vertical and one horizontal thread, both adjustable laterally"", ""Three slide focussing eyepieces are provided, one inverting, one diagonal, and one erecting"", ""There is a central reflector in the telescope for illuminating its axis by light coming through the transit axis from a lamp fixed to one standard"", ""A striding level is provided for testing the transit axis"", ""The vernier cover plate carries a spirit level, with its axis parallel to the transit axis, whilst a perpendicular level is fixed to one standard"", ""A central compass with a 4-in. ring graduated in degrees is attached to the vernier plate"", ""The instrument has a tribrach mounting with three levelling footscrews, whose points rest in a trivet plate; this is provided with a locking plate of the Everest type attached to the tripod head""], ""other"": [""Inv. 1911-161""]}","{""object_names"": [], ""makers"": [], ""organisations/institutions"": [""Hydrographic Office""], ""dates"": [], ""places"": [""Strand, City of Westminster, London, England, United Kingdom""], ""descriptions"": [""fitted with leather covers on knobs and exposed metal fittings"", ""Surveying transit theodolite""], ""other"": []}"
169,23,12,1,2,1,1,0,3,1,1,0,4,19,1,1,0,"{""object_names"": [""TRAVELLER'S TRANSIT THEODOLITE""], ""makers"": [], ""organisations/institutions"": [], ""dates"": [], ""places"": [], ""descriptions"": [""compact theodolite specially designed for Alpine and military surveying"", ""3-in. vertical and horizontal circles, divided to half-degrees and read by verniers to single minutes"", ""diagonal eyepiece is provided for astronomical observations of stars near the zenith"", ""construction of the instrument is similar to that of a modern vernier theodolite of twice the size"", ""transit axis rests on standards projecting from the vernier plate, and carries a central telescope and the vertical circle fixed to it"", ""vernier arm projects from one standard, and a tangent clamp and slow-motion screw is fitted to the other, which also carries a spirit level perpendicular to the transit axis"", ""similar level parallel to the transit axis is fixed on the vernier plate, which also carries a central compass box, having a 1-in. ring divided in degrees"", ""compass needle is provided with a lifting lever for clamping it when desired"", ""vernier plate rotates independently about the vertical axis and has a clamp and tangent screw for connecting it to the horizontal circle, which has a similar clamp and tangent screw connecting it to the tribrach"", ""tribrach has three footscrews, with their feet clamped in a trivet plate by a locking plate of the Everest type"", ""trivet plate can be screwed to the tripod head"", ""telescope has a rack-focussing objective of 4\u00b75-in. focal length and 0\u00b765-in. aperture"", ""fixed cross-wire diaphragm"", ""set of slide-focussing eyepieces"", ""one erecting eyepiece"", ""one inverting eyepiece"", ""one diagonal eyepiece"", ""reflector for illuminating the cross wires at night is fitted in front of the objective""], ""other"": [""Inv. 1893-147""]}","{""object_names"": [""Transit theodolite"", ""Surveying transit theodolite""], ""makers"": [], ""organisations/institutions"": [""Science Museum Group Collections Online"", ""Holborn, London, England"", ""United Kingdom""], ""dates"": [], ""places"": [""Holborn, London, England"", ""United Kingdom""], ""descriptions"": [""3 inch""], ""other"": []}"
170,10,11,1,2,1,1,1,1,1,1,1,2,4,3,1,1,"{""object_names"": [""ENGINEER'S TRANSIT THEODOLITE""], ""makers"": [""W. & L. E. Gurley""], ""organisations/institutions"": [""Meteorology Catalogue""], ""dates"": [""1922""], ""places"": [""Troy, New York""], ""descriptions"": [""illustrates many of the characteristics of modern American transit theodolites of the type used in reconnaissance and engineering surveying"", ""solar attachment to the telescope for determining meridians and latitudes by observations on the sun is a special feature"", ""levelling base, with its \""shifting centre\"" and four footscrews, is typical of American construction""], ""other"": [""Inv. 1914-741""]}","{""object_names"": [""Transit theodolite"", ""Engineer's transit theodolite""], ""makers"": [""W. & L.E. Gurley""], ""organisations/institutions"": [""Science Museum Group Collections Online""], ""dates"": [""1911-1920""], ""places"": [""Troy, New York state, United States""], ""descriptions"": [""6.5-inch"", ""Fitted with Burt type solar attachment and accessories"", ""Surveying transit theodolite""], ""other"": []}"
171,23,13,1,1,1,1,1,1,1,1,1,4,16,4,2,1,"{""object_names"": [], ""makers"": [], ""organisations/institutions"": [""Admiralty""], ""dates"": [""1922""], ""places"": [""Freiberg""], ""descriptions"": [""MICROMETER MICROSCOPE TRANSIT THEODOLITE"", ""The precision of small theodolites has been greatly enhanced in recent years by the provision of micrometer microscopes for reading the circles to within a few seconds."", ""The instrument exhibited, salved from a German warship sunk at Scapa, illustrates a type of theodolite of Continental design, with micrometer reading to both circles, the telescope and vertical circle being mounted eccentrically at one end of the transit axis."", ""The horizontal and vertical circles, of diameters 14 cm. and 13 cm. respectively, are graduated on silver to 10' and read by two opposing micrometer microscopes to 2\"", the micrometer drums being graduated every 20\"", and the tenths estimated."", ""The eccentric arrangement of the telescope has obvious disadvantages, but permits the telescope to transit independently of the height of the standards above the horizontal circle, and also enables longer microscopes to be employed with the vertical circle than is possible when the telescope is above the vertical axis."", ""These microscopes are mounted in a stage which is set on the transit axis and is permitted a slight rotation about this by means of a tangent screw attached to one standard."", ""The stage carries a spirit level mounted in adjustable bearings, whereby the microscope can be set accurately horizontal."", ""A second adjacent bracket on the transit axis, to which it can be clamped, preventing fouling the microscope by stops, which abut against the vertical axial cone, but allow a small motion of the level."", ""A separate axis clamp is connected with the tangent screw fitted to the second standard, and when tightened, permits a slow motion only of the transit axis."", ""The telescope is screwed upon one end of this axis, the vertical circle being attached to it by a friction clutch permitting independent setting of the circle, but ensuring that the telescope and circle move together with the axis."", ""An auxiliary vertical circle, 10-cm. diam., graduated in degrees and read by index, is mounted on the other end of the transit axis, and serves both to balance the instrument and to check the larger units of the vertical reading."", ""The standards are fixed to a central hollow conical socket, and also carry the brackets supporting the two horizontal reading micrometer microscopes."", ""This conical socket revolves about a central cone carried by the horizontal circle, which is fixed to the tribrach, and is provided with an axis clamp and tangent screw for slow motion."", ""The telescope has a sliding eyepiece, actuated by a rack and pinion arrangement and a fixed objective, of 22-cm. focal length and 2-5-cm. aperture."", ""The eyepiece tube carries the diaphragm and a screw-focussing inverting eyepiece.""], ""other"": [""Inv. 1920-88""]}","{""object_names"": [], ""makers"": [], ""organisations/institutions"": [], ""dates"": [""1901-1930""], ""places"": [""Chemnitz"", ""Saxony"", ""Germany""], ""descriptions"": [""Fitted with side telescope and micrometer microscopes."", ""Surveying transit theodolite""], ""other"": []}"
172,14,8,1,1,0,1,0,1,1,1,0,1,11,3,1,0,"{""object_names"": [""SMALL UNIVERSAL INSTRUMENT""], ""makers"": [], ""organisations/institutions"": [], ""dates"": [""17th-century""], ""places"": [], ""descriptions"": [""instrument for measuring angles in either a vertical or a horizontal plane"", ""consists of a wooden rectangular frame to which can be screwed a brass socket in either of two positions for setting the plane of the rectangle horizontal or vertical"", ""Two adjacent sides of the rectangle have folding brass sights at their corners for setting off right angles"", ""A movable brass index arm, provided with folding sights, is centred on one of the sighted sides of the rectangle and rotates over a brass scale mounted on the other side"", ""This scale is graduated to read tangents, to the nearest tenth"", ""A clamp and screw fixed to the index arm serve to clamp it in any desired position to a brass arc fixed to the rectangle"", ""The outer sight on the arm carries a plumb-line when the rectangle is horizontal"", ""When vertical angles are being measured, the plumb-line is detached and fixed to a screw so that it hangs parallel to the brass scale in the plane of the rectangle"", ""for measuring angles"", ""folding brass sights"", ""movable brass index arm""], ""other"": [""Inv. 1917-77""]}","{""object_names"": [""Alidade surveying instrument""], ""makers"": [""Unknown maker""], ""organisations/institutions"": [""Science Museum Group Collections Online""], ""dates"": [""1790-1810""], ""places"": [""European""], ""descriptions"": [""Small universal instrument for surveying"", ""surveying"", ""alidade""], ""other"": []}"
173,17,22,2,1,1,1,1,2,1,2,0,3,11,11,1,2,"{""object_names"": [""TROUGHTON DIP SECTOR""], ""makers"": [], ""organisations/institutions"": [""Admiralty""], ""dates"": [""early part of the 19th century""], ""places"": [], ""descriptions"": [""first designed and made by Troughton for measuring the \""dip of the horizon\"" from an elevated observing point"", ""The example shown was made in the early part of the 19th century."", ""The graduated sector, index arm, index mirror and horizon mirror are the same as in the sextant, but the telescope has its eyepiece at right angles to its objective, a reflecting mirror being interposed between the two."", ""This enables the observer to measure the zenith angle between the apparent horizon lines to his left and right."", ""By rotating the handle through a half turn, he can measure the corresponding nadir angle."", ""The quarter of the difference between these two readings is the required dip angle between his apparent and true horizons."", ""The index error is eliminated in this method."", ""The sector has a radius of 7 in. and is divided on silver from 5\u00b0 to 40\u00b0 every 10' and read by vernier to 10\""."", ""The actual angles are only half the graduation angle, as in the sextant, but the angle read is the correct one between the two sight lines."", ""The horizon mirror, fixed to the sector, is partly silvered and partly unsilvered."", ""The index glass, which rotates with the index arm, is wholly silvered, and has a central index."", ""The arm carries the vernier, and can be clamped to the sector at any point, further rotation being effected by a tangent screw."", ""The telescope can be adjusted to vary its lateral distance from the sector by a screw, and the handle can be rotated and clamped in any position parallel to the face of the sector.""], ""other"": [""Inv. 1876-1207""]}","{""object_names"": [""Brass dip sector""], ""makers"": [""Thomas Jones, London""], ""organisations/institutions"": [""Hydrographic Office"", ""City of Westminster""], ""dates"": [""about 1845"", ""1840-1850""], ""places"": [""London"", ""Charing Cross"", ""England"", ""United Kingdom""], ""descriptions"": [""Lacquered brass frame and index arm, polished limb, a hinged wooden handle."", ""Signed on the limb: Thomas Jones 62 Charing Cross London."", ""Marked on the limb: I 1."", ""Inlaid silver scale from -5\u00b0 to 40\u00b0 every 10' (from left to right)."", ""Silver vernier by 10\"", zero at the left."", ""The double-ended tangent screw and the clamping screw are on the back of the index arm."", ""No shades."", ""Index-glass adjustment by screw; adjustment of the horizon glass by capstan screws."", ""A detached magnifier."", ""Threaded telescope bracket in two parts, fitted for correcting collimation error by capstan screws; perpendicular adjustment by rising-piece and a milled knob."", ""Telescope in two parts at a right angle, containing a prism; a shaded eyepiece (grey)."", ""No box."", ""The observer looks through the telescope and sees reflections of the horizon on either side of him, at an angle of 180\u00b0."", ""The horizons are brought into one line by moving the index arm, and the dip or rise of the horizon is read from the scale."", ""I 1 was the Hydrographic Office serial numbering adopted in February 1828, where I was the letter presumably given to dip sectors."", ""Surveying dip sector""], ""other"": [""62 Charing Cross London"", ""I 1""]}"
174,10,17,2,3,1,1,1,1,1,1,0,3,4,7,1,1,"{""object_names"": [""BOX SEXTANT""], ""makers"": [], ""organisations/institutions"": [""Meteorology Catalogue""], ""dates"": [""beginning of the 19th century""], ""places"": [], ""descriptions"": [""typical of the box sextant invented by William Jones"", ""measures angles like the sextant"", ""fixed and movable mirrors are enclosed in a circular brass box"", ""circular side""], ""other"": [""Inv. 1865-5""]}","{""object_names"": [""Pocket box sextant"", ""Surveying box sextant""], ""makers"": [""Newton and Co., 3 Fleet St., London, England""], ""organisations/institutions"": [""Science Museum Group Collections Online""], ""dates"": [""1851-1856""], ""places"": [""Fleet Street, City of London, London, England, United Kingdom""], ""descriptions"": [""Consists of two circular lacquered brass plates with lid that acts as a handle when used"", ""Fitted with Inlaid silver 129\u00b0 scale (-5\u00b0 to 150\u00b0) with 30' divisions and a silver vernier (1' div.)"", ""index arm is rotated by a milled knob on the upper plate"", ""filter shade (red) operated by lever"", ""index glass (missing) is fixed with adjustment for the horizon glass"", ""Fitted with magnifier (single lens) on hinged 45 mm swivel arm"", ""choice of a large and a small pinhole sight but telescope""], ""other"": []}"
175,8,20,1,2,1,1,1,1,1,1,0,3,3,8,1,4,"{""object_names"": [""PAGET ANGLE SEXTANT""], ""makers"": [], ""organisations/institutions"": [], ""dates"": [""1922""], ""places"": [], ""descriptions"": [""instrument is very similar to the ordinary box sextant with open sides and is used for measuring angles in any plane. One object is viewed directly through a lateral aperture and the unsilvered half of a fixed mirror, whilst the other is viewed after double reflection at the surface of a rotating mirror and the silvered half of the fixed one.""], ""other"": [""Inv. 1911-220""]}","{""object_names"": [""Paget type surveyor's sextant"", ""Surveyor's sextant""], ""makers"": [""Henry Hughes and Son, London""], ""organisations/institutions"": [""City of London, England, United Kingdom""], ""dates"": [""about 1900"", ""1895-1903""], ""places"": [""London"", ""City of London, England, United Kingdom""], ""descriptions"": [""Black-lacquered alloy frame consisting of two circular plates, the upper having an ivorine overlay; a wooden handle, to be screwed in to the lower plate."", ""Ivorine scale in black from 0\u00b0 to 90\u00b0 to 0\u00b0 every 30'."", ""The scale is read by use of a black indicating line on an ivorine index mark at the end of the index arm."", ""There is no tangent screw or clamping screw; the index arm is moved by hand."", ""No shades."", ""Index- and horizon-glass adjustment by screws."", ""The sight vane has one pinhole mounted within the frame."", ""No box.""], ""other"": [""H. Hughes & Son, | 59 Fenchurch St. | London"", ""The Paget | Angle Sextant, | No. 753"", ""Henry Hughes and Son"", ""Paget""]}"
176,7,7,1,1,1,0,0,0,1,1,0,0,3,3,1,2,"{""object_names"": [], ""makers"": [""Admiralty""], ""organisations/institutions"": [], ""dates"": [], ""places"": [], ""descriptions"": [""designed for approximately locating the position of aerial objects"", ""The altitude and azimuth angles of such an object can be measured at any moment to the nearest tenth of a degree.""], ""other"": [""Inv. 1920-583""]}","{""object_names"": [], ""makers"": [], ""organisations/institutions"": [], ""dates"": [], ""places"": [], ""descriptions"": [""Surveying radioactive material (pt 2); radioactive material (pt 2)""], ""other"": [""early 20th century"", ""1901-1920""]}"
177,22,8,1,1,0,1,0,1,1,1,1,1,18,3,1,0,"{""object_names"": [""COMBINED THEODOLITE AND CROSS HEAD""], ""makers"": [], ""organisations/institutions"": [], ""dates"": [""1922""], ""places"": [""French""], ""descriptions"": [""This instrument, probably of fairly modern French construction, has a hollow brass cylinder of 13 cm. diam., divided into two parts independently movable about the common vertical axis, instead of the horizontal and vernier plates of an ordinary theodolite."", ""bearings between these standards and is used for setting the axis of the cylinder vertical."", ""The curved face of this half is pierced by two pairs of vertical sighting slits at opposite ends of perpendicular diameters, and the lower circular edge, which is in contact with the lower half cylinder, has two opposing vernier scales engraved on it."", ""The corresponding edge of the lower half is graduated in degrees, and read by the verniers to 2'."", ""This half, which has a single pair of vertical sighting slits pierced in its surfaces, is mounted upon a tribrach provided with the usual three footscrews, and is fitted with a clamp and tangent screw for slow motion."", ""The upper half cylinder can be rotated with respect to the lower half by a toothed wheel and pinion mechanism, actuated by a milled screw beneath the cylinder."", ""The telescope is mounted so as to be always in the same vertical plane as the vernier zeros of the upper half cylinder."", ""It has a fixed objective of 1-in. aperture and 7-in. focal length, and a rack-focussing eyepiece tube with a slide-focussing inverting eyepiece."", ""The head of the tripod used with this instrument is also exhibited and illustrates the type usual in French construction."", ""It is of wood, with brass slots for the feet of the tribrach, and is connected to the theodolite by a central plunger screw with opposing spring, which permits the small displacement of the instrument necessary for setting it horizontal."", ""N/A (probably of fairly modern French construction)"", ""divided into two parts independently movable about the common vertical axis"", ""bearings between these standards and is used for setting the axis of the cylinder vertical"", ""two opposing vernier scales engraved on it"", ""graduated in degrees, and read by the verniers to 2'"", ""single pair of vertical sighting slits pierced in its surfaces"", ""provided with the usual three footscrews, and is fitted with a clamp and tangent screw for slow motion"", ""toothed wheel and pinion mechanism, actuated by a milled screw beneath the cylinder"", ""fixed objective of 1-in. aperture and 7-in. focal length"", ""rack-focussing eyepiece tube with a slide-focussing inverting eyepiece"", ""head of the tripod used with this instrument is also exhibited and illustrates the type usual in French construction"", ""central plunger screw with opposing spring, which permits the small displacement of the instrument necessary for setting it horizontal""], ""other"": [""Inv. 1919-415""]}","{""object_names"": [""Cross-staff head with telescope"", ""Surveying cross-head""], ""makers"": [""Unknown maker""], ""organisations/institutions"": [""Science Museum Group Collections Online""], ""dates"": [""1880-1899""], ""places"": [""Europe""], ""descriptions"": [""Adjustable cross-staff head with telescope on tripod stand"", ""cross-head""], ""other"": []}"
178,23,10,3,2,1,1,3,1,2,1,1,2,10,2,3,1,"{""object_names"": [""Estimation Microscope"", ""Nonien-Mikroskop"", ""Skalen-Mikroskop""], ""makers"": [], ""organisations/institutions"": [""Zeitschrift f\u00fcr Vermessungswesen"", ""Zeitschrift f\u00fcr Instrumentenkunde""], ""dates"": [""1870"", ""1902"", ""1912""], ""places"": [""Cassel""], ""descriptions"": [""Used for reading circles of small theodolites"", ""Circles enclosed in metal, dust-proof cases"", ""Provided with mirror reflecting tubes for illuminating graduations"", ""Used in theodolites having 10-cm. circles, graduated every 10'"", ""Position of the fixed microscope line between these graduations is estimated to a single minute"", ""Used for theodolites having 13-cm. circles graduated to 5'"", ""Ten divisions of the vernier scale correspond to nine of the circle"", ""Position of the zero vernier line can be read to 30\"", or even to 15\"" by estimation"", ""Alternate graduations of the vernier scale are numbered consecutively from 0 to 5, and represent minutes"", ""Devised by Hensoldt in 1870"", ""Used on theodolites having 13\u00b75-cm. circles, graduated in 20'"", ""Ten divisions, numbered right to left, exactly covering the interval between consecutive graduations of the circle"", ""Position of one circle graduation on this scale can be read to one-tenth of a scale division, i.e., to 12\"""", ""Reading edges of the two scales slightly overlap each other, which ensures a sharper reading"", ""1902, p. 214-216"", ""1912, Part V"", ""1879, pp. 497\u2013507""], ""other"": [""Inv. 1914-553"", ""554"", ""555""]}","{""object_names"": [""Surveying scale reading microscope""], ""makers"": [], ""organisations/institutions"": [], ""dates"": [""c. 1914""], ""places"": [""Kassel, Hesse, Germany""], ""descriptions"": [""scale reading microscope""], ""other"": [""1914""]}"
179,14,4,1,1,1,0,1,1,1,0,1,0,8,1,1,1,"{""object_names"": [""SHIFTING CENTRE TRIPOD HEAD""], ""makers"": [""T. Cooke & Sons, Ltd.""], ""organisations/institutions"": [], ""dates"": [""1922""], ""places"": [""York""], ""descriptions"": [""This tripod head is fitted with a \""shifting centre\"" arrangement, permitting the centre of the attached theodolite to be displaced any distance up to about 1 in. in any direction without removing the theodolite from the tripod or altering the position of this latter."", ""This property is very useful in setting the theodolite accurately over the station point."", ""The tripod head consists of five metal parts, namely a threaded plate to which the theodolite is screwed, a shoulder plate to which the tripod legs are attached, and three other parts which together form a collar, between the flanges of which the other two plates can be clamped."", ""The outer diameter of the collar is 1\u00bd in., whilst the theodolite base plate and tripod shoulder plate have central apertures 2 in. and 2\u215b in. diam. respectively, so that either of them can be moved between the flanges independently, and clamped in the required relative position."", ""A small circular spirit level is embedded in the top of the tripod plate and is used to set this approximately level."", ""Made and lent by T. Cooke & Sons, Ltd., York.""], ""other"": [""Inv. 1921-539""]}","{""object_names"": [""standard 10\"" piston valve with pressure relief valve""], ""makers"": [], ""organisations/institutions"": [""Science Museum Group Collections""], ""dates"": [], ""places"": [], ""descriptions"": [""Archive Collections drawing""], ""other"": [""Drawing no. 810"", ""drawing""]}"
180,22,16,1,3,1,1,2,1,3,2,3,1,9,4,3,4,"{""object_names"": [""TRANSIT THEODOLITE""], ""makers"": [], ""organisations/institutions"": [""Ordnance Survey"", ""Science Museum Group""], ""dates"": [""1922"", ""1829 and 1862""], ""places"": [""Great Britain"", ""Ireland"", ""Lough Foyle""], ""descriptions"": [""Plate V, Fig. 2, p. 83"", ""This instrument was made at the commencement of the Irish survey"", ""first used in 1828 for checking the measurement of the Lough Foyle base by triangulation"", ""further employed between 1829 and 1862 in measuring the main angles of the Principal Triangulation of Great Britain and Ireland"", ""differs from the adjacent 3-ft. one made by Ramsden in that its telescope can transit completely between the supporting pillars, and the horizontal circle is mounted upon a repeating stage so that both circle and microscopes can be independently rotated"", ""The horizontal circle is 2 ft. in diam., and is divided on silver to 5\u2032 and read by five microscopes to 1\u2033"", ""Two vertical circles of 12-in. diam. are fixed to the telescope; they are divided to 5\u2032 and read by single microscopes to 2\u2033"", ""The telescope has a fixed objective of 27-in. focal length and 2\u00b71-in. aperture, and a rack-focussing eyepiece tube carrying the diaphragm and erecting eyepiece"", ""The diaphragm has one fixed horizontal wires, with five equidistant vertical wires moved laterally by a micrometer screw"", ""The repeating stage rests by means of three footscrews upon an iron triangle fixed upon the head of the wooden tripod stand"", ""It has an upper rotating tribrach supporting the horizontal circle and upper axis of the theodolite"", ""The five microscopes reading this circle rotate with the telescope and upper part about this axis"", ""Clamps and tangent screws are fitted to both circles and the repeating stage, and four spirit levels are provided for adjusting the telescope and horizontal axis of rotation"", ""(See \""Account of the Measurement of the Lough Foyle Base,\"" Ordnance Survey, 1847, p. 108.)""], ""other"": [""Inv. 1876-1204"", ""S.M. 260"", ""2-ft.""]}","{""object_names"": [""geodetic theodolite"", ""Surveying geodetic theodolite""], ""makers"": [], ""organisations/institutions"": [], ""dates"": [""1826-1828""], ""places"": [""London, England""], ""descriptions"": [""with cast iron base and mahogany stand"", ""Fitted with three bubble levels and eight reading microscopes"", ""First used in 1828 for checking the Lough Foyle base."", ""With separate parts.""], ""other"": [""Two-foot"", ""1826-1828"", ""London"", ""Troughton & Simms""]}"
181,11,5,1,1,1,1,2,0,1,1,1,0,4,2,1,0,"{""object_names"": [], ""makers"": [], ""organisations/institutions"": [""Physical Department, Ministry of Public Works, Egypt""], ""dates"": [], ""places"": [""Paris""], ""descriptions"": [""horizontal and vertical circles, each 40-cm. diam., graduated direct on silver to 5', and each read by four micrometer microscopes direct to 2\"", by estimation to 0\"""", ""Lent by the Physical Department, Ministry of Public Works, Egypt."", ""for use in a projected general survey of Egypt."", ""This instrument was ordered in 1858""], ""other"": [""Inv. 1921-479""]}","{""object_names"": [], ""makers"": [], ""organisations/institutions"": [], ""dates"": [], ""places"": [], ""descriptions"": [""Surveying theodolite; theodolite""], ""other"": []}"
182,12,6,1,2,1,1,1,0,1,1,1,0,6,2,1,0,"{""object_names"": [""EVEREST THEODOLITE""], ""makers"": [""T. Cooke & Sons, Ltd.""], ""organisations/institutions"": [""Ordnance Survey""], ""dates"": [""1884""], ""places"": [""United Kingdom""], ""descriptions"": [""Lent by the Ordnance Survey"", ""The example shown was made in 1884"", ""Theodolites of this type were used by the Ordnance Survey in the Secondary Triangulation of the United Kingdom during the latter half of the 19th century"", ""the probable error of a single observation made with it was about one second of arc"", ""divided on silver to 10' and read by opposing verniers and reading microscopes to 10\"""", ""The arcs are fixed to the axis of rotation carrying the telescope and counterpoise, whilst the verniers are clamped to one standard"", ""The telescope has a rack-focussing objective of 2.5-in. aperture and 20-in. focal length, a fixed star diaphragm, and a slide-focussing Ramsden eyepiece""], ""other"": [""Inv. 1895-48""]}","{""object_names"": [""Everest pattern geodetic theodolite"", ""Surveying theodolite""], ""makers"": [""T. Cooke and Sons""], ""organisations/institutions"": [], ""dates"": [""1884""], ""places"": [], ""descriptions"": [""12 inch Everest pattern geodetic theodolite"", ""With part.""], ""other"": []}"
183,19,9,1,1,2,1,2,1,2,1,1,3,10,2,1,0,"{""object_names"": [], ""makers"": [""Ordnance Survey""], ""organisations/institutions"": [""Ordnance Survey""], ""dates"": [""1842 and 1850"", ""1852""], ""places"": [], ""descriptions"": [""Used between 1842 and 1850"", ""On the destruction by fire at the Tower of London of Ramsden's zenith sector, which had previously been used to determine latitudes in the Principal Triangulation of Great Britain and Ireland, this sector was designed by Sir George Airy and constructed under his direction."", ""It was used between 1842 and 1850 for determining the latitudes of twenty-seven stations of the Principal Triangulation."", ""The telescope is pivoted horizontally to a revolving gunmetal frame which is itself pivoted vertically in a fixed cast-iron framework."", ""The latter is supported upon a rectangular plate which in turn rests upon a cast-iron trough; this trough was usually screwed upon heavy wooden pickets driven into the ground."", ""Four micrometer microscopes attached to the telescope serve to read its inclination to the zenith upon two graduated arcs, mounted upon the revolving frame."", ""Each arc extends over 45\u00b0 of a circle of radius 20.5 in., and is divided to 5' and read by the microscopes to one-quarter of a second."", ""The telescope has an objective of aperture 3.7 in. and 46 in. focal length, a micrometer diaphragm with five fixed and one movable wires, and an inverting eyepiece of magnification 70."", ""Three sensitive spirit levels are fixed in adjustable bearings across the back of the revolving frame."", ""In taking observations of a star's transit, the frame is quickly rotated to permit face east and face west readings of the telescope."", ""The probable error of a single observation of latitude with this instrument was about 1\""."", ""(See \""Astronomical Observations made with Airy's Zenith Sector,\"" Ordnance Survey, 1852.)""], ""other"": [""Inv. 1876-1202""]}","{""object_names"": [], ""makers"": [], ""organisations/institutions"": [], ""dates"": [""1840""], ""places"": [""London, England, United Kingdom""], ""descriptions"": [""British"", ""Surveying zenith sector""], ""other"": []}"
184,28,12,1,2,1,1,3,3,1,1,2,3,17,2,3,0,"{""object_names"": [""ZENITH SECTOR""], ""makers"": [""Troughton""], ""organisations/institutions"": [""Meteorology Catalogue"", ""Pearson's Astronomy"", ""S.M.""], ""dates"": [""Beginning of the 19th century""], ""places"": [""Copenhagen""], ""descriptions"": [""portable sector"", ""made for use in America"", ""transferred to Copenhagen"", ""main telescope for observing stars near the zenith is pivoted horizontally near its objective end to the top of a vertical hollow brass cylinder"", ""carries at its lower end the fixed graduated sector over which the eyepiece of the telescope rotates"", ""Two micrometer microscopes fixed to the telescope serve to read its inclination to the vertical upon separate scales engraved on the sector"", ""scales, each of which covers about 15\u00b0 and is divided to 3', start at opposite ends of the sector and overlap about 5\u00b0 in the centre"", ""A third scale, continuous across the whole sector, is read by an index and serves as a check"", ""telescope has an objective of 2.5-in. aperture and 45-in. focal length"", ""Its motion over the sector is controlled by a clamp and tangent screw"", ""base of the vertical cylinder is connected to a horizontal circle by six vertical pillars and can rotate with this circle about a vertical axis coincident with the cylinder axis"", ""A long plummet suspended within the cylinder along its axis rests in a water vessel, inside the pillars, and serves to set the axis vertical"", ""Its position is observed by two perpendicular microscopes fixed in the cylinder below the graduated sector"", ""A small telescope pivoted to the cylinder is used to observe circumpolar stars for setting the sector in the meridian"", ""horizontal circle has a diameter of 9 in. and is divided to 10\"""", ""vertical axis revolves inside a conical socket fixed to the tribrach, which carries three verniers for reading the circle to 10\"""", ""three levelling foot screws of the tribrach rest on the top plate of a strong mahogany tripod"", ""A small spirit level is mounted on the cylinder for rough levelling"", ""adjustable counterpoise balances the telescope""], ""other"": [""Inv. 1891-24"", ""1943"", ""1922 Entry""]}","{""object_names"": [""Zenith sector telescope"", ""Zenith sector telescope"", ""Surveying zenith telescope"", ""zenith telescope""], ""makers"": [""Edward Troughton""], ""organisations/institutions"": [""Science Museum Group Collections Online"", ""Fleet Street"", ""City of London"", ""London"", ""England"", ""United Kingdom""], ""dates"": [""1800-1822""], ""places"": [""London"", ""United Kingdom""], ""descriptions"": [""British"", ""Troughton, Edward""], ""other"": []}"
185,18,7,2,2,2,1,2,1,3,0,1,1,8,1,2,1,"{""object_names"": [""zenith sector""], ""makers"": [""Prof. J. Norman Lockyer, C.B., F.R.S."", ""Troughton and Simms""], ""organisations/institutions"": [""Meteorology Catalogue""], ""dates"": [""1922"", ""1869"", ""1884-1900"", ""1890""], ""places"": [], ""descriptions"": [""Lent by Prof. J. Norman Lockyer, C.B., F.R.S."", ""Designed by Lt.-Col. A. Strange and constructed by Troughton and Simms in 1869"", ""represented in these two photographs"", ""for use in the Great Trigonometrical Survey of India"", ""By means of this and a somewhat improved instrument of similar design and make, many latitudes were determined in India during the period 1884-1900"", ""from 1890, however, a more convenient zenith telescope has been mostly employed in India for determining latitudes by Talcott's method."", ""The instrument illustrated consists of a telescope of 4-in. aperture and 48-in. focal length, mounted rigidly upon a double sector which forms part of a graduated vertical circle of 3 ft. diam."", ""The telescope can rotate upon a horizontal axis supported by a vertical metal pillar, and the vertical rotation is measured by means of four microscopes fixed to the frame carrying the axis."", ""The instrument can be accurately adjusted upon its base frame so that the vertical sector revolves in the meridian plane, and its zero line is adjusted to be horizontal by means of a sensitive spirit level; the zero line is perpendicular to the telescope axis of sight, which therefore points to the zenith when the former is horizontal."", ""The sector is graduated on silver every 5'; each limb extends over 55\u00b0 and is read by two microscopes, separated 20\"" from each other, to single seconds; a separate smaller microscope serves to read degrees and minutes on the sector graduations."", ""The telescope has a micrometer eyepiece fitted with a diagonal reflecting prism."", ""A setting circle, of diameter 8 in., divided to 10' and read by vernier to 10\"", is mounted on the telescope near its eyepiece, and is provided with a small level and also a very sensitive one, which latter permits the instrument to be used as a zenith telescope for observations by Talcott's method."", ""The probable error of latitude determination with this instrument was about 0\u00b705\""."", ""(See \""Great Trigonometrical Survey of India,\"" Vol. XI, 1890.)""], ""other"": [""Inv. 1883-14"", ""1883-14""]}","{""object_names"": [], ""makers"": [""Strange, A., Lieut. Colonel (designer)""], ""organisations/institutions"": [""Science Museum Group Collections Online""], ""dates"": [], ""places"": [""India""], ""descriptions"": [""Surveying photographs; photographs""], ""other"": [""Two photographs""]}"
186,14,7,1,2,1,1,1,0,1,0,0,1,9,3,1,0,"{""object_names"": [""ZENITH TELESCOPE (3-in.)""], ""makers"": [""T. Cooke & Sons, Ltd.""], ""organisations/institutions"": [""Survey of India""], ""dates"": [""1922"", ""1909""], ""places"": [], ""descriptions"": [""photograph illustrates a 3-in. portable zenith telescope for determining latitudes by the Talcott method"", ""typical example of the modern zenith instrument for geodetic work"", ""telescope, of 3-in. aperture and about 42-in. focal length, is mounted at one end of the horizontal axis by means of a centrepiece, which also carries the Talcott level frame"", ""latter has two chambered levels, running 0\u00b71 in. to 2\"" of arc, enclosed in special sealed cases lined with thermal insulating material, and is provided with a long sensitive clamp and slow motion screw permitting an accurate adjustment in altitude"", ""horizontal axis has a weight relieving spring and ball race at the telescope end and a counterpoise at the other end; it is hollow to permit illumination of the telescope field by means of an oil or electric lamp"", ""telescope has a steel micrometer eyepiece, giving a value of about 30\"" to one revolution of the micrometer screw"", ""A 7-in. setting circle, divided on silver to 30' and reading by vernier to 1', is mounted on the telescope near the eyepiece end"", ""A 10 in. diam. horizontal circle, divided on silver to 30' and read by vernier to 1', is mounted on the tribrach base, which is provided with three levelling foot-screws"", ""A clamp and slow motion screw controls the vertical axis motion, and two adjustable stops are provided to enable the telescope to be rapidly rotated in azimuth through 180\u00b0"", ""A striding level is mounted above the horizontal axis of the instrument""], ""other"": [""Inv. 1921-513""]}","{""object_names"": [""3\"" Zenith telescope"", ""Astronomy photograph""], ""makers"": [], ""organisations/institutions"": [], ""dates"": [], ""places"": [""York, North Yorkshire, England, United Kingdom""], ""descriptions"": [""in glazed frame 17 1/4\"" x 21 1/4\"""", ""photograph"", ""zenith telescope""], ""other"": []}"
187,23,6,1,1,1,1,3,1,2,1,2,0,12,2,2,0,"{""object_names"": [], ""makers"": [], ""organisations/institutions"": [""Royal Observatory, Greenwich"", ""Pulkowa Observatory""], ""dates"": [""1922"", ""1914""], ""places"": [""Haverfordwest"", ""Eastern Russia""], ""descriptions"": [""Plate VI, Fig. 2, p. 86"", ""Used about 1850 by F. G. Struve in his measurement of an arc of the 52nd parallel"", ""The telescope has a 2\u00b77 in. objective and is \""broken\"" where it meets the hollow transit axis, a diagonal prism being here interposed to deflect the light into the eyepiece tube at one end of this axis."", ""The diaphragm of the Ramsden eyepiece, which has a pair of movable wires actuated by a micrometer screw in addition to an adjustable reticule, is illuminated by a lamp mounted at the other end of the transit axis."", ""A vertical circle of 11 in. diam., divided on silver to 10', is fixed to the transit axis near the eyepiece, and is read by an index on the adjacent standard."", ""The steel pivots of the transit axis rest on high standards projecting from the levelling platform, which is supported on the wooden tripod stand by three levelling screws, having a point, line and plane contact respectively with the bearing plates."", ""Two small bubble-levels are used to set the base horizontal by means of the foot-screws, and the transit axis is finally adjusted horizontal by a sensitive hanging level."", ""The telescope can be lifted from its bearings on the standards and reversed end for end by means of a rotating framework mounted inside the levelling platform and carrying two extending forks which support the transit axis during the rotation.""], ""other"": [""Inv. 1914-304"", ""S.M. 1941 & 1942""]}","{""object_names"": [], ""makers"": [], ""organisations/institutions"": [], ""dates"": [""c.1850""], ""places"": [], ""descriptions"": [""Surveying instrument; instrument 1850""], ""other"": [""With tripod.""]}"
188,19,9,3,1,1,1,1,0,1,1,0,3,12,3,1,0,"{""object_names"": [""TRANSIT INSTRUMENT (3-in.)"", ""transit instruments"", ""telescope""], ""makers"": [""T. Cooke & Sons, Ltd.""], ""organisations/institutions"": [""Colonies""], ""dates"": [""1922""], ""places"": [], ""descriptions"": [""used for time and longitude observations in geodetic surveys"", ""telescope, of 3-in. aperture and about 30-in. focal length"", ""two setting circles of 6 in. diam., reading by verniers to 20\"""", ""mounted near its eyepiece end"", ""mounted upon a rigid horizontal axis fitted with a long clamp and slow-motion screw"", ""rests in bearings upon a massive U-shaped frame which permits the telescope to transit"", ""carries a mechanism for lifting the telescope axis from its pivots and reversing it through 180\u00b0 in azimuth"", ""supporting frame is adjustably mounted upon a base plate which can be fixed on a masonry pier"", ""diaphragm of the telescope is of glass and has seven lines"", ""illuminated through the transit axis by means of an electric lamp at one end of the latter"", ""sensitive striding level is mounted above the axis"", ""Levels, tangent and slow motion screws are fitted to both setting circles""], ""other"": [""Inv. 1921-514""]}","{""object_names"": [""Photograph of 3\"" transit instrument""], ""makers"": [], ""organisations/institutions"": [], ""dates"": [""1921""], ""places"": [""York, North Yorkshire, England, United Kingdom""], ""descriptions"": [""in glazed frame 17 1/4\"" x 21 1/4\"""", ""Astronomy photograph""], ""other"": []}"
189,22,8,2,1,1,1,3,1,3,1,1,1,9,2,3,1,"{""object_names"": [""EQUAL ALTITUDE INSTRUMENT""], ""makers"": [], ""organisations/institutions"": [""Science Museum Group Collections Online"", ""J. Ball and H. Knox-Shaw""], ""dates"": [""1922"", ""1919""], ""places"": [], ""descriptions"": [""used for the astronomical determination of latitude, local time and azimuth"", ""acts on the principle of determining the exact moment at which a known star crosses a horizontal circle of constant angle, namely 60\u00b0"", ""geodetic model"", ""telescope of aperture 40 mm. and magnification 75 diam."", ""Latitudes can be determined with it to 0.4\"" and time to 0.04/sin \u03bb sec., where \u03bb is the co-latitude of the observing station."", ""telescope can rotate in azimuth upon one end of a horizontal plate, which carries a mercury artificial horizon at its other end and can itself rotate above the graduated horizontal circle of the instrument."", ""circle is divided in degrees, serving any particular star."", ""equilateral glass prism of sides and height 45 mm. is mounted in front of the objective lens of the telescope, with its base vertical and apex edge horizontal."", ""When the star is nearly at an altitude of 60\u00b0, two images are seen of it in the telescope, one by light refracted through the prism and telescope, and the other by light reflected from the mercury horizon before refraction in the prism. At the precise moment that the star crosses the 60\u00b0 horizontal circle, the two images meet on the same horizontal line of the telescope graticule. By a series of similar observations of the times of crossing of known stars, both latitude and local time can be ascertained from tables.""], ""other"": [""Plate VII, Fig. 1, p. 90"", ""Inv. 1920-131"", ""S.M. 1939 & 1940""]}","{""object_names"": [], ""makers"": [], ""organisations/institutions"": [], ""dates"": [], ""places"": [""Paris, France""], ""descriptions"": [""Objects in fitted wooden cases."", ""Surveying prismatic astrolabe""], ""other"": [""French""]}"
190,24,9,1,3,1,1,1,1,2,1,1,1,15,2,4,0,"{""object_names"": [""LEAN'S DIAL""], ""makers"": [""W. & S. Jones""], ""organisations/institutions"": [""Meteorology Catalogue""], ""dates"": [""early part of the 19th century"", ""1922""], ""places"": [""Holborn, London""], ""descriptions"": [""vertical semicircle is fixed to the alidade with its curved edge upwards"", ""telescope rotates tangentially upon it"", ""arrangement permits nearly vertical sights to be taken and renders the instrument suitable for mine surveying"", ""vertical arc and telescope can easily be detached from the alidade for packing the instrument"", ""horizontal circle has a diameter of 4 in. and is graduated in degrees"", ""vertical arc has a diameter of 3 3/8 in. and is graduated in degrees on one side"", ""On the other side is a scale of corresponding hypotenuse increments"", ""Both circles but have no slow-motion fittings"", ""alidade also carries a compass box with a 2 in. ring, graduated in degrees"", ""telescope has a focal length of 5 in."", ""clear aperture of 0.5 in."", ""simple inverting eyepiece with a cross-thread diaphragm"", ""no focussing arrangement"", ""spirit level is mounted in adjustable bearings beneath the telescope"", ""See \""Geometrical and Graphical Essays,\"" by G. Adams, 1813, p. 231.""], ""other"": [""Fig. 2, p. 90"", ""Plate VII"", ""Inv. 1908-120"", ""S.M. 2197""]}","{""object_names"": [""Lean type mining dial"", ""mining dial""], ""makers"": [], ""organisations/institutions"": [""Science Museum Group Collections Online""], ""dates"": [""1801-1825""], ""places"": [""England"", ""United Kingdom""], ""descriptions"": [""Surveying mining dial""], ""other"": []}"
191,20,6,1,1,1,1,0,0,1,1,0,1,16,2,1,0,"{""object_names"": [""MINER'S DIAL""], ""makers"": [""Henry Barrow & Co.""], ""organisations/institutions"": [], ""dates"": [""1922""], ""places"": [], ""descriptions"": [""plain mine surveyor's dial"", ""very similar to the old circumferentor"", ""much employed in England owing to its adaptability to surveying in low galleries and suitability for traversing"", ""mid-19th-century dial"", ""5-in. compass ring graduated in degrees"", ""vernier fixed to the movable alidade reading to 3'"", ""compass ring and base are mounted upon an axial socket perpendicular to their planes and can be rotated about the central axis which fits in this socket and terminates in a spherical ball"", ""latter is gripped by another socket and can be clamped in any desired position so that the plane of the compass faces any direction"", ""slit in the socket allows the compass to take up a vertical position for measuring altitude angles"", ""When measuring azimuth angles, the plane of the compass is levelled by means of a pair of perpendicular tube spirit levels fixed to the alidade"", ""attached to the compass case, and carries combined back-sights and foresights at each end"", ""alidade and compass case, with the internal vernier scale, can be rotated independently of the compass ring and angles measured as in a theodolite, or the case can be clamped to the compass ring and the two rotated together about the axis of the latter for taking magnetic bearings, as in the ordinary compass"", ""In the former case, the alidade is fitted with a tangent screw for slow-motion adjustment"", ""sights are 6 in. high and fixed at a distance of 1 ft. apart on the alidade"", ""Each sight has both a slit and a pin-hole backsight and a long single-wire and a cross-wire foresight"", ""aperture and cross-wire sights are for use in measuring altitude angles"", ""For this purpose the compass needle is locked by operating the lifting lever, the plane of the compass is set vertical, and the lid is placed in position on the box, and a plumb-line suspended from a stud in this lid"", ""opposite edge of the lid is graduated in degrees up to 45\u00b0 each way and has a scale of hypotenusal increments engraved on it""], ""other"": [""Inv. 1907-66.""]}","{""object_names"": [""Miner's surveying compass"", ""mining dial"", ""circumferentor"", ""magnetic compass""], ""makers"": [""Henry Barrow & Co."", ""2 Oxenden St., London, England""], ""organisations/institutions"": [], ""dates"": [""1845-1855""], ""places"": [""City of Westminster, London, England, United Kingdom""], ""descriptions"": [""Surveying mining dial""], ""other"": []}"
192,8,6,1,1,1,1,0,0,1,1,0,0,4,2,1,1,"{""object_names"": [], ""makers"": [], ""organisations/institutions"": [], ""dates"": [], ""places"": [], ""descriptions"": [""modern example of the type invented by John Hedley in 1830"", ""use of a rocking circle, pivoted externally to the compass box, to carry either plain sights or a telescope"", ""This arrangement permits a fairly steep vertical angle to be measured, the angle being read by an index revolving with the rocking circle over a graduated semicircle fixed to the compass box"", ""The compass ring can rotate inside the box about the vertical axis, for measuring azimuth angles independently of the needle, or can be clamped to the box for taking magnetic bearings""], ""other"": [""Inv. 1922-43""]}","{""object_names"": [""Hedley type mining dial""], ""makers"": [], ""organisations/institutions"": [], ""dates"": [""c. 1920""], ""places"": [], ""descriptions"": [""Surveying mining dial; mining dial"", ""Hedley (designer)""], ""other"": []}"
193,12,17,1,1,1,1,0,1,1,1,0,4,8,7,1,2,"{""object_names"": [""SEXTANT""], ""makers"": [""F. Newton & Co""], ""organisations/institutions"": [], ""dates"": [""1922""], ""places"": [], ""descriptions"": [""usual type employed in marine surveying"", ""graduated arc of 8-in. radius"", ""divided on silver to 10'"", ""read by vernier and magnifier to 10\"""", ""arc extends from 0\u00b0 to 150\u00b0"", ""each numbered degree being really only half a degree"", ""vernier moves with the index arm"", ""index arm, which is pivoted at the centre of the arc"", ""carries the index mirror"", ""long telescope is mounted in the usual up and down piece on one outer radius of the arc"", ""telescope faces the horizon mirror"", ""horizon mirror, mounted on the other outer radius"", ""Coloured glasses are provided for astronomical sights"", ""handgrip is mounted on the under side of the frame""], ""other"": [""Inv. 1865-6""]}","{""object_names"": [""Oval pattern-frame sextant"", ""Surveying sextant""], ""makers"": [""Newton & Co 3 Fleet St. Temple Bar City of London, England""], ""organisations/institutions"": [""Science Museum Group Collections Online""], ""dates"": [""1851-1856""], ""places"": [""3 Fleet St. Temple Bar City of London, England"", ""Fleet Street, City of London, London, England, United Kingdom""], ""descriptions"": [""Anodized brass sextant"", ""oval-pattern frame type"", ""polished brass limb"", ""wooden handle"", ""fitted square wooden case (trade card on lid)"", ""inlaid silver scale (-5\u00b0 to 160\u00b0)"", ""10' divisions"", ""two sets of filter shades (4 & 3, all green)"", ""reading magnifier on a swivel arm (90mm)"", ""Fitted with threaded telescope bracket"", ""collimation correction for two telescopes"", ""84mm & 186mm (erect & inverted images)"", ""sighting tube (82mm)""], ""other"": [""trade card on lid"", ""sextant 1851-1856""]}"
194,17,11,1,1,1,1,2,1,1,1,1,3,10,3,1,1,"{""object_names"": [""SEXTANT""], ""makers"": [""H. Haecke, Berlin""], ""organisations/institutions"": [""Admiralty"", ""German surveying ship \""Moewe\""""], ""dates"": [""1920""], ""places"": [""Berlin""], ""descriptions"": [""usual construction"", ""arc of radius 20 cm."", ""divided to 30'"", ""read by vernier to 1'"", ""index arm, carrying the index mirror at its centre and the vernier at its extremity"", ""provided with a clamp and tangent screw for slow motion"", ""Coloured glasses are fitted on pivots near both mirrors"", ""A handgrip fixed beneath the frame is used when taking vertical angles"", ""has a screw socket beneath it for attaching a perpendicular handgrip used for taking horizontal angles"", ""telescope has two erecting eyepieces, of magnification 3 and 4 diam. respectively"", ""A plain sight tube is also provided"", ""telescope supporting ring can be elevated or depressed by a fine screw in the usual manner""], ""other"": [""Inv. 1920-84""]}","{""object_names"": [""Photo Print of Tread Mill""], ""makers"": [""S. J. Russell Esq.""], ""organisations/institutions"": [""Falcon Hotel, Ryde""], ""dates"": [""1920""], ""places"": [""Carisbrooke Castle, Isle of Wight"", ""Isle of Wight"", ""England"", ""United Kingdom""], ""descriptions"": [""from negative made from transparency"", ""Motive Power prints"", ""prints""], ""other"": [""Russell, S.J.""]}"
195,16,22,2,5,1,1,1,2,1,2,1,2,9,7,1,3,"{""object_names"": [""REFLECTING CIRCLE SEXTANT""], ""makers"": [], ""organisations/institutions"": [""Admiralty""], ""dates"": [""1922""], ""places"": [], ""descriptions"": [""salved from a German warship sunk at Scapa"", ""complete graduated circle instead of a sextant"", ""totally reflecting right-angled prism instead of the usual horizon mirror"", ""enables angles up to 180\u00b0 to be taken"", ""gives a clearer image at extreme angles"", ""minimizes errors due to inequalities of graduation or inaccuracy in centring the index mirror and arm"", ""gap is left where the telescope and head of the observer foul the line of sight of the index mirror"", ""horizon prism is mounted with its reflecting face parallel to the index mirror when the verniers are at zero"", ""upper half of the field being left free from direct vision"", ""wooden handgrip for holding the instrument is attached beneath the circle"", ""reading microscope is fixed to a rotating bracket for magnifying the scales"", ""set of smoked glasses for varying the illumination of the telescope field is attached to a rotating pivot near the supporting ring""], ""other"": [""Inv. 1920-89""]}","{""object_names"": [""Brass reflecting circle"", ""Surveying reflecting circle""], ""makers"": [], ""organisations/institutions"": [""Kaiserliche Marine""], ""dates"": [""about 1870"", ""1865-1871""], ""places"": [""Germany""], ""descriptions"": [""Black-lacquered brass disc with a bright brass limb"", ""handle is missing"", ""Marked on the limb: 806"", ""Marked on the knob fixed of the magnifier's arm: KM. | 5."", ""Inlaid silver scale indicating from 350\u00b0 to 0\u00b0 to 130\u00b0 and from 180\u00b0 to 240\u00b0"", ""the entire scale is divided every 20' (digits engraved in the brass limb)"", ""Two silver verniers to 20\"", zeros at the right, at either end of the index arm"", ""tangent screw (missing) and clamping screw (missing) are at the bottom of the index arm"", ""Three half-glass shades (two red, one green); no horizon shades"", ""Index- and horizon glass without adjustment"", ""Magnifier on a hinged 100 mm swivelling arm, serving the entire scale"", ""Threaded telescope bracket, perpendicular adjustment by rising-piece and milled knob"", ""Sight tube (63 mm)"", ""second sight tube (63 mm, incomplete)"", ""A prismatic eyepiece"", ""an adjusting pin (perhaps from another instrument)"", ""Telescope and other parts are missing"", ""In a square fitted mahogany box""], ""other"": [""806"", ""KM. | 5."", ""5""]}"
196,12,8,1,1,1,0,1,0,1,0,0,0,7,5,1,2,"{""object_names"": [], ""makers"": [""Admiralty""], ""organisations/institutions"": [""Meteorology Catalogue""], ""dates"": [""1922""], ""places"": [], ""descriptions"": [""This type of station keeper is essentially similar in construction to a box sextant, having a graduated arc of 6-in. radius extending over 20\u00b0."", ""By measuring on this arc the angle subtended at his position by a fixed length on the distant object, the observer can calculate his distance from that object, or, having calculated the necessary angle, can set it on the instrument and keep his distance constant."", ""The instrument consists of a sector-shaped box having its wider end open and its narrower end closed, save for a pin-hole aperture for sighting."", ""At the open end, within the box, is mounted a fixed \""horizon\"" mirror, whilst a movable index mirror is pivoted near the closed end and geared to an external rotating index arm, which moves over a graduated arc on the upper face of the box."", ""The gearing is done by rack and pinion gear, which causes the index arm to rotate through twice the angle through which the index mirror moves."", ""In using the instrument the observer sights one end of the distant base directly through the space below the horizon mirror, and the other end by double reflection at the two mirrors, and moves his position or the index arm until the two ends appear coincident.""], ""other"": [""Inv. 1911-173""]}","{""object_names"": [], ""makers"": [], ""organisations/institutions"": [], ""dates"": [], ""places"": [], ""descriptions"": [""ebony"", ""box 7\"" long tapering from 2 1/4\"" to 3 1/2\"", 1\"" thick"", ""one mirror is fixed and the other is moved by means of an index (brass)"", ""Sight hole at one end, open at the other"", ""Navigation station keepers; station keepers""], ""other"": [""Wharton's form"", ""vernier reading to 10'""]}"
197,18,7,1,1,1,1,1,1,1,1,1,0,12,3,1,0,"{""object_names"": [""STATION POINTER""], ""makers"": [""H. Haecke""], ""organisations/institutions"": [""Admiralty""], ""dates"": [""1922"", ""1920-22""], ""places"": [""Scapa Flow""], ""descriptions"": [""arms fitted with sights"", ""instrument to act as a theodolite"", ""measure the angles subtended by three known points at the observing station"", ""On detaching the arm piece from the circle and applying it to the chart like an ordinary station pointer, the position of the observing station can be plotted"", ""combination type"", ""salved from a German warship"", ""graduated circle of 11-in. diam."", ""edge divided on German silver to single degrees"", ""circular plate can rotate within a hollow central axis"", ""spherical ball"", ""ball and socket joint connecting the instrument to a stand"", ""plate can thus be set in any plane and clamped by means of a threaded collar acting on the joint"", ""rotated in this plane and clamped by a radial screw threaded in its outer axis and impinging on its inner one"", ""arms of the instrument are mounted on a separate circular ring"", ""central pin fitting within a hole in the centre of the plate"", ""Each arm is pivoted round this pin and can be turned about it and clamped to the edge of the circular ring when the arm is directed towards the corresponding fixed point"", ""central pin acts as backsight for the observation"", ""each arm has a folding slit foresight fixed at its outer end"", ""subtended angles can then be read off on the graduated circle if required and the arm piece removed and applied to the chart"", ""bevelled edges of the arms are then made to pass through the corresponding fixed points on the chart, when the central pin marks the position of the observing point"", ""pin is mounted loosely in the arm piece and its point kept slightly above the plane of the arms by a spring"", ""On depressing the head of the pin, its point makes an indentation in the chart and thus plots the position of the observing station"", ""arms are 14 in. long from central pin to sights"", ""can be extended to 20 in. by means of the three extension pieces shown"", ""Two of the bevelled edges can be brought to coincide, but the third cannot be set less than 14\u00b0 from the other two""], ""other"": [""Inv. 1920-22""]}","{""object_names"": [""Bicycle gear hub""], ""makers"": [""B S A Cycles Ltd""], ""organisations/institutions"": [""Science Museum Group Collections Online""], ""dates"": [""circa 1920""], ""places"": [], ""descriptions"": [""three speed cycle hub"", ""sectioned"", ""Road Transport gear hub""], ""other"": []}"
198,12,20,1,2,1,1,1,2,1,1,0,3,7,7,1,4,"{""object_names"": [""NORDENFELT SEXTANT""], ""makers"": [""C. F. Casella & Co., Ltd.""], ""organisations/institutions"": [""Meteorology Catalogue""], ""dates"": [""1922""], ""places"": [], ""descriptions"": [""modified form of sextant"", ""designed by T. Nordenfelt about 1884 for rangefinding at sea"", ""Observations are taken with the plane of the sextant vertical from a point on board ship at a known height above sea level upon the water line of a distant object and simultaneously upon the horizon."", ""When the horizon and water line images are made to coincide by revolving the index arm, the reading of the index on the graduated arc gives the range of the distant object directly."", ""The index mirror is not mounted upon the pivot of the rotating arm, but upon an eccentric pivot, connected to the arm by a cam and pin mechanism, which causes the mirror to rotate through a much smaller angle than the arm; this enables the angle swept out by the reflected ray to be varied very gradually between narrow limits, whilst the index traverses an arc of 60\u00b0 or thereabouts."", ""As the angle of depression of the distant object below the horizon varies inversely as the range, if the base\u2014i.e. the height of the observer above sea level\u2014is constant, the arc of the sextant can be graduated to read the range directly."", ""The effect of the dip of the horizon is allowed for on the graduated arcs.""], ""other"": [""Inv. 1923-405""]}","{""object_names"": [""Rangefinder type sextant"", ""Naval rangefinder""], ""makers"": [""C.F. Casella and Company, London"", ""C F Casella & Company"", ""Nordenfeldt, Thorsten Wilhelm""], ""organisations/institutions"": [""Science Museum Group Collections Online"", ""Camden, London, England, United Kingdom""], ""dates"": [""1895-1905""], ""places"": [""London"", ""England"", ""United Kingdom""], ""descriptions"": [""designed by Thorsten Nordenfelt in 1884"", ""Anodized oval-pattern frame and anodized limb, wooden handle."", ""Three exchangeable alloy scales, one is for an elevation of the eye of 96 feet, from 250-14,000 yards; one of for an elevation of the eye of 96 feet, from 250-20,000 yards; one if for an elevation of the eye of 47 feet, from 200-14,000 yards."", ""No vernier, but two indicating lines; one is moved by a tangent screw, the other is rigid with the index arm."", ""The tangent screw and clamping screw are on the back of the index arm."", ""Index-glass adjustment by lever; adjustment of the horizon glass by screws."", ""No magnifier."", ""Threaded telescope bracket in two parts, fitted for correcting collimation error; perpendicular adjustment by rising-piece and a milled collar."", ""Telescope (190 mm, large objective), erect image; telescope (124 mm, large objective, ocular missing), erect image."", ""No box."", ""The instrument is held vertically (like a sextant) to meassure the angle between the horizon and the waterline of a floating body; the distance to the floating body in yards is then read from the scale."", ""Surveying optical range-finder; optical range-finder""], ""other"": [""probably made by C.F. Casella and Company, London"", ""Not signed, no marks"", ""no. 16,029 of 1884"", ""copy in the object file""]}"
199,20,7,1,1,1,1,0,1,2,1,0,1,15,1,1,1,"{""object_names"": [], ""makers"": [], ""organisations/institutions"": [], ""dates"": [""about the year 1897"", ""about the year 1897""], ""places"": [], ""descriptions"": [""accurately adjustable camera of nearly constant focus, fixed to the vernier plate of a 6 in. theodolite which gives the azimuth angle of the optical axis of the camera to 30\"", and is provided with an ordinary parallel plate four levelling screw mounting for attachment to the tripod."", ""The photographic plates are 5 in. by 4 in."", ""The camera box, which is made of teak, has a pair of perpendicular spirit levels and a 2-in. compass box attached to its top."", ""The front consists of a brass plate mounted in horizontal and vertical slides, and adjusted in both directions by means of fine screws."", ""It carries a centrally mounted Zeiss extreme angle (about 130\u00b0) anastigmat lens of 141-mm. focal length."", ""The vertical and horizontal position of the lens is measurable by scales and verniers to 0.04 mm."", ""The back of the camera can slide in the box and is moved by a twin rack and pinion arrangement, actuated by thumb wheels at each side."", ""The focal length of the camera for any position of the back is read by a scale and vernier to 0.04 mm."", ""The ground glass is graduated in centimetre squares, the central vertical and horizontal lines having millimetre graduations."", ""Four triangular brass teeth are fixed in the centres of the edges of the back, and press against the front face of the plate during exposure. Their images on the plate after exposure serve to determine the horizon line and principal vertical line of the picture."", ""The slides, twelve in number, are \""single,\"" and must be changed after each exposure."", ""The base of the camera box has guides and screw threads for fixing it to the vernier plate of the theodolite, so that the principal point of the lens is vertically above the centre of the horizontal circle."", ""This latter is graduated in half-degrees and read by opposing verniers to 30\""."", ""Clamps and tangent screws for fine motion are fitted to both vernier plate and horizontal circle."", ""The instrument is levelled by means of the spirit level on top of the camera box, and the four footscrews.""], ""other"": [""Inv. 1917-113.""]}","{""object_names"": [], ""makers"": [], ""organisations/institutions"": [""Science Museum Group Collections Online""], ""dates"": [""1895-1905""], ""places"": [""United Kingdom""], ""descriptions"": [""Plus height adjustable swivel stand on Museum base, tripod legs and 12 photographic plate plate holders (dark slides)."", ""Surveying phototheodolite""], ""other"": [""Unknown maker""]}"
